# Blender 4.4.1
# www.blender.org
mtllib honMaguro.mtl
o 球
v -0.531394 1.793375 -0.927821
v -0.533929 1.755417 -0.895547
v -0.535301 1.705823 -0.878081
v -0.535478 1.678982 -0.875834
v -0.535301 1.652142 -0.878081
v -0.533929 1.602547 -0.895547
v -0.532186 1.813918 -0.970753
v -0.537857 1.806089 -0.949543
v -0.543084 1.793375 -0.929996
v -0.547665 1.776265 -0.912863
v -0.551425 1.755417 -0.898803
v -0.554219 1.731631 -0.888354
v -0.555939 1.705823 -0.881920
v -0.556520 1.678982 -0.879748
v -0.555939 1.652142 -0.881920
v -0.554219 1.626333 -0.888354
v -0.551425 1.602547 -0.898803
v -0.547665 1.581699 -0.912863
v -0.543084 1.564589 -0.929996
v -0.537857 1.551876 -0.949543
v -0.532186 1.544047 -0.970753
v -0.536065 1.813918 -0.972364
v -0.545465 1.806089 -0.952703
v -0.554129 1.793375 -0.934585
v -0.561723 1.776265 -0.918703
v -0.567955 1.755417 -0.905670
v -0.572585 1.731631 -0.895985
v -0.575437 1.705823 -0.890021
v -0.576400 1.678982 -0.888007
v -0.575437 1.652142 -0.890021
v -0.572585 1.626333 -0.895985
v -0.567955 1.602547 -0.905670
v -0.561723 1.581699 -0.918703
v -0.554129 1.564589 -0.934585
v -0.545465 1.551876 -0.952703
v -0.536065 1.544047 -0.972364
v -0.539568 1.813918 -0.974761
v -0.552336 1.806089 -0.957406
v -0.564104 1.793375 -0.941411
v -0.574418 1.776265 -0.927392
v -0.582883 1.755417 -0.915887
v -0.589173 1.731631 -0.907337
v -0.593047 1.705823 -0.902072
v -0.594355 1.678982 -0.900294
v -0.593047 1.652142 -0.902072
v -0.589173 1.626333 -0.907337
v -0.582883 1.602547 -0.915887
v -0.574418 1.581699 -0.927392
v -0.564104 1.564589 -0.941411
v -0.552336 1.551876 -0.957406
v -0.539568 1.544047 -0.974761
v -0.542560 1.813918 -0.977852
v -0.558206 1.806089 -0.963468
v -0.572626 1.793375 -0.950213
v -0.585264 1.776265 -0.938594
v -0.595637 1.755417 -0.929059
v -0.603345 1.731631 -0.921973
v -0.608091 1.705823 -0.917610
v -0.609693 1.678982 -0.916137
v -0.608091 1.652142 -0.917610
v -0.603345 1.626333 -0.921973
v -0.595637 1.602547 -0.929059
v -0.585264 1.581699 -0.938594
v -0.572626 1.564589 -0.950213
v -0.558206 1.551876 -0.963468
v -0.542560 1.544047 -0.977852
v -0.544927 1.813918 -0.981517
v -0.562849 1.806089 -0.970659
v -0.579367 1.793375 -0.960651
v -0.593844 1.776265 -0.951880
v -0.605726 1.755417 -0.944681
v -0.614555 1.731631 -0.939332
v -0.619991 1.705823 -0.936038
v -0.621827 1.678982 -0.934926
v -0.619991 1.652142 -0.936038
v -0.614555 1.626333 -0.939332
v -0.605726 1.602547 -0.944681
v -0.593844 1.581699 -0.951880
v -0.579367 1.564589 -0.960651
v -0.562849 1.551876 -0.970659
v -0.544927 1.544047 -0.981517
v -0.526289 1.816561 -0.992810
v -0.546578 1.813918 -0.985617
v -0.566088 1.806089 -0.978700
v -0.584068 1.793375 -0.972326
v -0.599828 1.776265 -0.966738
v -0.612762 1.755417 -0.962153
v -0.622372 1.731631 -0.958745
v -0.628291 1.705823 -0.956647
v -0.630288 1.678982 -0.955938
v -0.628291 1.652142 -0.956647
v -0.622372 1.626333 -0.958745
v -0.612762 1.602547 -0.962153
v -0.599828 1.581699 -0.966738
v -0.584068 1.564589 -0.972326
v -0.566088 1.551876 -0.978700
v -0.546578 1.544047 -0.985617
v -0.547449 1.813918 -0.989992
v -0.567797 1.806089 -0.987284
v -0.586549 1.793375 -0.984786
v -0.602986 1.776265 -0.982599
v -0.616475 1.755417 -0.980803
v -0.626498 1.731631 -0.979468
v -0.632670 1.705823 -0.978647
v -0.634754 1.678982 -0.978369
v -0.632670 1.652142 -0.978647
v -0.626498 1.626333 -0.979468
v -0.616475 1.602547 -0.980803
v -0.602986 1.581699 -0.982599
v -0.586549 1.564589 -0.984786
v -0.567797 1.551876 -0.987284
v -0.547449 1.544047 -0.989992
v -0.547507 1.813918 -0.994477
v -0.567910 1.806089 -0.996079
v -0.586714 1.793375 -0.997557
v -0.603196 1.776265 -0.998851
v -0.616722 1.755417 -0.999914
v -0.626772 1.731631 -1.000703
v -0.632962 1.705823 -1.001189
v -0.635051 1.678982 -1.001354
v -0.632962 1.652142 -1.001189
v -0.626772 1.626333 -1.000703
v -0.616722 1.602547 -0.999914
v -0.603196 1.581699 -0.998851
v -0.586714 1.564589 -0.997557
v -0.567910 1.551876 -0.996079
v -0.547507 1.544047 -0.994477
v -0.546750 1.813918 -0.998897
v -0.566425 1.806089 -1.004750
v -0.584557 1.793375 -1.010144
v -0.600450 1.776265 -1.014872
v -0.613494 1.755417 -1.018753
v -0.623186 1.731631 -1.021636
v -0.629154 1.705823 -1.023412
v -0.631169 1.678982 -1.024010
v -0.629154 1.652142 -1.023412
v -0.623186 1.626333 -1.021636
v -0.613494 1.602547 -1.018753
v -0.600450 1.581699 -1.014872
v -0.584557 1.564589 -1.010144
v -0.566425 1.551876 -1.004750
v -0.546750 1.544047 -0.998897
v -0.545206 1.813918 -1.003083
v -0.563396 1.806089 -1.012962
v -0.580161 1.793375 -1.022066
v -0.594855 1.776265 -1.030045
v -0.606914 1.755417 -1.036593
v -0.615875 1.731631 -1.041460
v -0.621393 1.705823 -1.044456
v -0.623255 1.678982 -1.045468
v -0.621393 1.652142 -1.044456
v -0.615875 1.626333 -1.041460
v -0.606914 1.602547 -1.036593
v -0.594855 1.581699 -1.030045
v -0.580161 1.564589 -1.022066
v -0.563396 1.551876 -1.012962
v -0.545206 1.544047 -1.003083
v -0.542935 1.813918 -1.006875
v -0.558942 1.806089 -1.020399
v -0.573694 1.793375 -1.032862
v -0.586625 1.776265 -1.043787
v -0.597236 1.755417 -1.052753
v -0.605121 1.731631 -1.059415
v -0.609977 1.705823 -1.063517
v -0.611617 1.678982 -1.064903
v -0.609977 1.652142 -1.063517
v -0.605121 1.626333 -1.059415
v -0.597236 1.602547 -1.052753
v -0.586625 1.581699 -1.043787
v -0.573694 1.564589 -1.032862
v -0.558942 1.551876 -1.020399
v -0.542935 1.544047 -1.006875
v -0.540025 1.813918 -1.010126
v -0.553233 1.806089 -1.026775
v -0.565406 1.793375 -1.042121
v -0.576075 1.776265 -1.055570
v -0.584832 1.755417 -1.066608
v -0.591339 1.731631 -1.074810
v -0.595345 1.705823 -1.079860
v -0.596698 1.678982 -1.081566
v -0.595345 1.652142 -1.079860
v -0.591339 1.626333 -1.074810
v -0.584832 1.602547 -1.066608
v -0.576075 1.581699 -1.055570
v -0.565406 1.564589 -1.042121
v -0.553233 1.551876 -1.026775
v -0.540025 1.544047 -1.010126
v -0.536587 1.813918 -1.012711
v -0.546488 1.806089 -1.031847
v -0.555614 1.793375 -1.049483
v -0.563613 1.776265 -1.064941
v -0.570178 1.755417 -1.077627
v -0.575056 1.731631 -1.087053
v -0.578059 1.705823 -1.092858
v -0.579074 1.678982 -1.094819
v -0.578059 1.652142 -1.092858
v -0.575056 1.626333 -1.087053
v -0.570178 1.602547 -1.077627
v -0.563613 1.581699 -1.064941
v -0.555614 1.564589 -1.049484
v -0.546488 1.551876 -1.031847
v -0.536587 1.544047 -1.012711
v -0.532752 1.813918 -1.014532
v -0.538968 1.806089 -1.035419
v -0.544696 1.793375 -1.054668
v -0.549717 1.776265 -1.071540
v -0.553837 1.755417 -1.085387
v -0.556899 1.731631 -1.095676
v -0.558784 1.705823 -1.102012
v -0.559421 1.678982 -1.104151
v -0.558784 1.652142 -1.102012
v -0.556899 1.626333 -1.095676
v -0.553837 1.602547 -1.085387
v -0.549717 1.581699 -1.071540
v -0.544696 1.564589 -1.054668
v -0.538968 1.551876 -1.035419
v -0.532752 1.544047 -1.014532
v -0.528669 1.813918 -1.015517
v -0.530959 1.806089 -1.037352
v -0.533070 1.793375 -1.057475
v -0.534919 1.776265 -1.075114
v -0.536437 1.755417 -1.089589
v -0.537566 1.731631 -1.100345
v -0.538260 1.705823 -1.106969
v -0.538495 1.678982 -1.109205
v -0.538260 1.652142 -1.106969
v -0.537566 1.626333 -1.100345
v -0.536437 1.602547 -1.089589
v -0.534919 1.581699 -1.075114
v -0.533070 1.564589 -1.057475
v -0.530959 1.551876 -1.037352
v -0.528669 1.544047 -1.015517
v -0.524496 1.813918 -1.015630
v -0.522772 1.806089 -1.037575
v -0.521183 1.793375 -1.057799
v -0.519791 1.776265 -1.075525
v -0.518648 1.755417 -1.090072
v -0.517799 1.731631 -1.100882
v -0.517276 1.705823 -1.107538
v -0.517099 1.678982 -1.109786
v -0.517276 1.652142 -1.107538
v -0.517799 1.626333 -1.100882
v -0.518648 1.602547 -1.090072
v -0.519791 1.581699 -1.075525
v -0.521183 1.564589 -1.057799
v -0.522772 1.551876 -1.037575
v -0.524496 1.544047 -1.015631
v -0.520391 1.813918 -1.014867
v -0.514720 1.806089 -1.036077
v -0.509493 1.793375 -1.055623
v -0.504912 1.776265 -1.072756
v -0.501152 1.755417 -1.086817
v -0.498358 1.731631 -1.097265
v -0.496638 1.705823 -1.103699
v -0.496057 1.678982 -1.105872
v -0.496638 1.652142 -1.103699
v -0.498358 1.626333 -1.097265
v -0.501152 1.602547 -1.086817
v -0.504912 1.581699 -1.072756
v -0.509493 1.564589 -1.055623
v -0.514720 1.551876 -1.036077
v -0.520391 1.544047 -1.014867
v -0.516512 1.813918 -1.013256
v -0.507112 1.806089 -1.032916
v -0.498448 1.793375 -1.051035
v -0.490854 1.776265 -1.066916
v -0.484622 1.755417 -1.079949
v -0.479992 1.731631 -1.089634
v -0.477140 1.705823 -1.095598
v -0.476177 1.678982 -1.097612
v -0.477140 1.652142 -1.095598
v -0.479992 1.626333 -1.089634
v -0.484622 1.602547 -1.079949
v -0.490854 1.581699 -1.066916
v -0.498448 1.564589 -1.051035
v -0.507112 1.551876 -1.032916
v -0.516512 1.544047 -1.013256
v -0.513009 1.813918 -1.010859
v -0.500241 1.806089 -1.028214
v -0.488473 1.793375 -1.044209
v -0.478158 1.776265 -1.058228
v -0.469693 1.755417 -1.069734
v -0.463404 1.731631 -1.078282
v -0.459530 1.705823 -1.083547
v -0.458222 1.678982 -1.085325
v -0.459530 1.652142 -1.083547
v -0.463404 1.626333 -1.078282
v -0.469693 1.602547 -1.069734
v -0.478158 1.581699 -1.058228
v -0.488473 1.564589 -1.044209
v -0.500241 1.551876 -1.028214
v -0.513009 1.544047 -1.010859
v -0.510017 1.813918 -1.007768
v -0.494371 1.806089 -1.022151
v -0.479951 1.793375 -1.035407
v -0.467312 1.776265 -1.047026
v -0.456940 1.755417 -1.056562
v -0.449232 1.731631 -1.063647
v -0.444486 1.705823 -1.068009
v -0.442884 1.678982 -1.069484
v -0.444486 1.652142 -1.068009
v -0.449232 1.626333 -1.063647
v -0.456940 1.602547 -1.056562
v -0.467312 1.581699 -1.047026
v -0.479951 1.564589 -1.035407
v -0.494371 1.551876 -1.022151
v -0.510017 1.544047 -1.007769
v -0.526289 1.541403 -0.992810
v -0.507650 1.813918 -1.004103
v -0.489727 1.806089 -1.014962
v -0.473210 1.793375 -1.024969
v -0.458733 1.776265 -1.033741
v -0.446851 1.755417 -1.040940
v -0.438022 1.731631 -1.046289
v -0.432586 1.705823 -1.049582
v -0.430750 1.678982 -1.050695
v -0.432586 1.652142 -1.049582
v -0.438022 1.626333 -1.046289
v -0.446851 1.602547 -1.040940
v -0.458733 1.581699 -1.033741
v -0.473210 1.564589 -1.024969
v -0.489727 1.551876 -1.014962
v -0.507650 1.544047 -1.004103
v -0.505999 1.813918 -1.000003
v -0.486489 1.806089 -1.006920
v -0.468509 1.793375 -1.013295
v -0.452749 1.776265 -1.018882
v -0.439815 1.755417 -1.023467
v -0.430205 1.731631 -1.026875
v -0.424286 1.705823 -1.028973
v -0.422288 1.678982 -1.029681
v -0.424286 1.652142 -1.028973
v -0.430205 1.626333 -1.026875
v -0.439815 1.602547 -1.023467
v -0.452749 1.581699 -1.018882
v -0.468509 1.564589 -1.013295
v -0.486489 1.551876 -1.006920
v -0.505999 1.544047 -1.000003
v -0.505128 1.813918 -0.995627
v -0.484780 1.806089 -0.998336
v -0.466028 1.793375 -1.000833
v -0.449591 1.776265 -1.003022
v -0.436102 1.755417 -1.004817
v -0.426079 1.731631 -1.006152
v -0.419907 1.705823 -1.006973
v -0.417822 1.678982 -1.007251
v -0.419907 1.652142 -1.006973
v -0.426079 1.626333 -1.006152
v -0.436102 1.602547 -1.004817
v -0.449591 1.581699 -1.003022
v -0.466028 1.564589 -1.000833
v -0.484780 1.551876 -0.998336
v -0.505128 1.544047 -0.995627
v -0.505070 1.813918 -0.991143
v -0.484667 1.806089 -0.989540
v -0.465863 1.793375 -0.988063
v -0.449381 1.776265 -0.986768
v -0.435855 1.755417 -0.985706
v -0.425804 1.731631 -0.984916
v -0.419615 1.705823 -0.984430
v -0.417526 1.678982 -0.984266
v -0.419615 1.652142 -0.984430
v -0.425804 1.626333 -0.984916
v -0.435855 1.602547 -0.985706
v -0.449381 1.581699 -0.986768
v -0.465863 1.564589 -0.988063
v -0.484667 1.551876 -0.989540
v -0.505070 1.544047 -0.991143
v -0.505827 1.813918 -0.986723
v -0.486152 1.806089 -0.980870
v -0.468020 1.793375 -0.975475
v -0.452126 1.776265 -0.970748
v -0.439083 1.755417 -0.966868
v -0.429391 1.731631 -0.963984
v -0.423423 1.705823 -0.962209
v -0.421408 1.678982 -0.961609
v -0.423423 1.652142 -0.962209
v -0.429391 1.626333 -0.963984
v -0.439083 1.602547 -0.966868
v -0.452126 1.581699 -0.970748
v -0.468020 1.564589 -0.975475
v -0.486152 1.551876 -0.980870
v -0.505827 1.544047 -0.986723
v -0.507371 1.813918 -0.982537
v -0.489181 1.806089 -0.972659
v -0.472416 1.793375 -0.963555
v -0.457722 1.776265 -0.955575
v -0.445663 1.755417 -0.949026
v -0.436702 1.731631 -0.944160
v -0.431184 1.705823 -0.941163
v -0.429321 1.678982 -0.940151
v -0.431184 1.652142 -0.941163
v -0.436702 1.626333 -0.944160
v -0.445663 1.602547 -0.949026
v -0.457722 1.581699 -0.955575
v -0.472416 1.564589 -0.963555
v -0.489181 1.551876 -0.972659
v -0.507371 1.544047 -0.982537
v -0.509642 1.813918 -0.978745
v -0.493635 1.806089 -0.965222
v -0.478883 1.793375 -0.952757
v -0.465952 1.776265 -0.941833
v -0.455341 1.755417 -0.932868
v -0.447455 1.731631 -0.926206
v -0.442600 1.705823 -0.922103
v -0.440960 1.678982 -0.920717
v -0.442600 1.652142 -0.922103
v -0.447455 1.626333 -0.926206
v -0.455341 1.602547 -0.932868
v -0.465952 1.581699 -0.941833
v -0.478883 1.564589 -0.952757
v -0.493635 1.551876 -0.965222
v -0.509642 1.544047 -0.978745
v -0.512552 1.813918 -0.975495
v -0.499344 1.806089 -0.958844
v -0.487171 1.793375 -0.943500
v -0.476502 1.776265 -0.930050
v -0.467745 1.755417 -0.919012
v -0.461238 1.731631 -0.910810
v -0.457232 1.705823 -0.905759
v -0.455879 1.678982 -0.904054
v -0.457232 1.652142 -0.905759
v -0.461238 1.626333 -0.910810
v -0.467745 1.602547 -0.919012
v -0.476502 1.581699 -0.930050
v -0.487171 1.564589 -0.943500
v -0.499344 1.551876 -0.958844
v -0.512552 1.544047 -0.975495
v -0.515990 1.813918 -0.972909
v -0.506089 1.806089 -0.953773
v -0.496963 1.793375 -0.936137
v -0.488964 1.776265 -0.920679
v -0.482399 1.755417 -0.907993
v -0.477521 1.731631 -0.898566
v -0.474518 1.705823 -0.892761
v -0.473503 1.678982 -0.890801
v -0.474518 1.652142 -0.892761
v -0.477521 1.626333 -0.898566
v -0.482399 1.602547 -0.907993
v -0.488964 1.581699 -0.920679
v -0.496963 1.564589 -0.936137
v -0.506089 1.551876 -0.953773
v -0.515990 1.544047 -0.972909
v -0.519825 1.813918 -0.971088
v -0.513609 1.806089 -0.950201
v -0.507881 1.793375 -0.930952
v -0.502860 1.776265 -0.914079
v -0.498740 1.755417 -0.900233
v -0.495678 1.731631 -0.889944
v -0.493793 1.705823 -0.883608
v -0.493156 1.678982 -0.881468
v -0.493793 1.652142 -0.883608
v -0.495678 1.626333 -0.889944
v -0.498740 1.602547 -0.900233
v -0.502860 1.581699 -0.914079
v -0.507881 1.564589 -0.930952
v -0.513609 1.551876 -0.950201
v -0.519825 1.544047 -0.971088
v -0.523907 1.813918 -0.970103
v -0.521617 1.806089 -0.948267
v -0.519507 1.793375 -0.928144
v -0.517657 1.776265 -0.910506
v -0.516139 1.755417 -0.896031
v -0.515011 1.731631 -0.885274
v -0.514317 1.705823 -0.878652
v -0.514082 1.678982 -0.876414
v -0.514317 1.652142 -0.878652
v -0.515011 1.626333 -0.885274
v -0.516139 1.602547 -0.896031
v -0.517657 1.581699 -0.910506
v -0.519507 1.564589 -0.928144
v -0.521617 1.551876 -0.948267
v -0.523907 1.544047 -0.970103
v -0.528081 1.813918 -0.969989
v -0.529805 1.806089 -0.948045
v -0.532786 1.776265 -0.910096
v -0.534778 1.731631 -0.884738
v -0.534778 1.626333 -0.884738
v -0.532786 1.581699 -0.910096
v -0.531394 1.564589 -0.927822
v -0.529805 1.551876 -0.948045
v -0.528081 1.544047 -0.969989
vn -0.1501 -0.5713 0.8069
vn -0.1501 0.5713 0.8069
vn -0.1272 -0.7186 0.6837
vn -0.1666 0.4129 0.8954
vn -0.0975 -0.8460 0.5242
vn -0.1771 0.2492 0.9521
vn -0.0616 -0.9416 0.3311
vn -0.1822 0.0832 0.9797
vn -0.0211 0.9933 0.1134
vn -0.0211 -0.9933 0.1134
vn -0.1822 -0.0832 0.9797
vn -0.0616 0.9416 0.3311
vn -0.1771 -0.2492 0.9521
vn -0.0975 0.8460 0.5242
vn -0.1666 -0.4129 0.8954
vn -0.1272 0.7186 0.6837
vn -0.3498 -0.4109 0.8419
vn -0.2676 0.7166 0.6441
vn -0.3155 -0.5690 0.7594
vn -0.3155 0.5690 0.7594
vn -0.2676 -0.7166 0.6441
vn -0.3498 0.4109 0.8419
vn -0.2054 -0.8446 0.4944
vn -0.3717 0.2478 0.8947
vn -0.1298 -0.9410 0.3126
vn -0.1299 -0.9410 0.3126
vn -0.3823 0.0828 0.9203
vn -0.0445 0.9932 0.1071
vn -0.0445 -0.9932 0.1071
vn -0.3824 -0.0828 0.9203
vn -0.3823 -0.0828 0.9203
vn -0.1298 0.9410 0.3126
vn -0.1299 0.9410 0.3126
vn -0.3717 -0.2478 0.8947
vn -0.2054 0.8446 0.4944
vn -0.1930 -0.9398 0.2819
vn -0.1930 -0.9398 0.2820
vn -0.5629 0.0819 0.8225
vn -0.5628 0.0819 0.8225
vn -0.0662 0.9931 0.0967
vn -0.0662 -0.9931 0.0968
vn -0.5629 -0.0819 0.8225
vn -0.1930 0.9398 0.2819
vn -0.1930 0.9398 0.2820
vn -0.5475 -0.2454 0.8000
vn -0.3047 0.8420 0.4452
vn -0.5158 -0.4073 0.7537
vn -0.3960 0.7129 0.5787
vn -0.3961 0.7129 0.5787
vn -0.4660 -0.5650 0.6809
vn -0.4660 0.5650 0.6809
vn -0.3960 -0.7129 0.5787
vn -0.5158 0.4073 0.7537
vn -0.3047 -0.8420 0.4451
vn -0.3046 -0.8420 0.4452
vn -0.5475 0.2454 0.8000
vn -0.5072 0.7082 0.4911
vn -0.5953 -0.5598 0.5764
vn -0.5953 0.5598 0.5764
vn -0.5072 -0.7082 0.4911
vn -0.6576 0.4028 0.6367
vn -0.6576 0.4027 0.6367
vn -0.3912 -0.8387 0.3788
vn -0.6970 0.2423 0.6749
vn -0.2484 -0.9383 0.2405
vn -0.7161 0.0808 0.6933
vn -0.0853 0.9929 0.0826
vn -0.0854 -0.9929 0.0826
vn -0.7161 -0.0808 0.6933
vn -0.2484 0.9383 0.2405
vn -0.6970 -0.2423 0.6749
vn -0.3912 0.8387 0.3788
vn -0.6576 -0.4028 0.6367
vn -0.6576 -0.4027 0.6367
vn -0.8374 0.0797 0.5408
vn -0.1012 0.9927 0.0654
vn -0.1012 -0.9927 0.0654
vn -0.8374 -0.0797 0.5408
vn -0.2941 0.9367 0.1900
vn -0.2941 0.9367 0.1899
vn -0.8157 -0.2391 0.5268
vn -0.4621 0.8352 0.2984
vn -0.4621 0.8351 0.2984
vn -0.7707 -0.3980 0.4977
vn -0.5973 0.7032 0.3857
vn -0.6992 -0.5544 0.4515
vn -0.6992 0.5544 0.4515
vn -0.5973 -0.7032 0.3858
vn -0.5973 -0.7032 0.3857
vn -0.7707 0.3980 0.4977
vn -0.4620 -0.8352 0.2984
vn -0.8157 0.2391 0.5268
vn -0.2941 -0.9367 0.1899
vn -0.7750 -0.5495 0.3121
vn -0.7750 0.5495 0.3121
vn -0.6637 -0.6986 0.2673
vn -0.6637 -0.6986 0.2672
vn -0.8527 0.3937 0.3434
vn -0.5147 -0.8319 0.2073
vn -0.9014 0.2362 0.3630
vn -0.3284 -0.9352 0.1323
vn -0.9247 0.0787 0.3724
vn -0.1131 0.9925 0.0455
vn -0.1132 -0.9925 0.0456
vn -0.9247 -0.0787 0.3724
vn -0.3284 0.9352 0.1323
vn -0.9014 -0.2362 0.3630
vn -0.5147 0.8319 0.2073
vn -0.5148 0.8319 0.2073
vn -0.8527 -0.3937 0.3434
vn -0.6637 0.6986 0.2673
vn -0.1208 -0.9924 0.0240
vn -0.9778 -0.0779 0.1947
vn -0.3501 0.9341 0.0697
vn -0.9535 -0.2341 0.1898
vn -0.5478 0.8294 0.1091
vn -0.9029 -0.3906 0.1797
vn -0.9029 -0.3905 0.1797
vn -0.7050 0.6952 0.1404
vn -0.8218 -0.5458 0.1636
vn -0.8218 0.5458 0.1636
vn -0.7050 -0.6952 0.1404
vn -0.9029 0.3906 0.1797
vn -0.9029 0.3905 0.1797
vn -0.9029 0.3905 0.1798
vn -0.5478 -0.8295 0.1091
vn -0.9535 0.2341 0.1898
vn -0.3501 -0.9341 0.0697
vn -0.9778 0.0779 0.1947
vn -0.1208 0.9924 0.0241
vn -0.7205 -0.6934 0.0093
vn -0.9212 0.3889 0.0119
vn -0.5605 -0.8281 0.0072
vn -0.5605 -0.8281 0.0073
vn -0.9724 0.2330 0.0126
vn -0.3586 -0.9335 0.0046
vn -0.3586 -0.9335 0.0047
vn -0.9969 0.0775 0.0129
vn -0.1237 0.9923 0.0015
vn -0.1238 -0.9923 0.0017
vn -0.9969 -0.0775 0.0129
vn -0.3586 0.9335 0.0047
vn -0.3586 0.9335 0.0046
vn -0.9724 -0.2330 0.0126
vn -0.9724 -0.2330 0.0125
vn -0.5605 0.8281 0.0073
vn -0.9212 -0.3889 0.0119
vn -0.9212 -0.3888 0.0119
vn -0.7205 0.6934 0.0093
vn -0.8391 -0.5439 0.0108
vn -0.8391 0.5439 0.0108
vn -0.8391 0.5439 0.0109
vn -0.3534 0.9335 -0.0606
vn -0.9585 -0.2330 -0.1642
vn -0.5525 0.8281 -0.0947
vn -0.9081 -0.3889 -0.1556
vn -0.9081 -0.3888 -0.1556
vn -0.7102 0.6934 -0.1217
vn -0.8271 -0.5439 -0.1417
vn -0.8271 0.5439 -0.1417
vn -0.8271 0.5438 -0.1417
vn -0.7102 -0.6934 -0.1217
vn -0.9081 0.3889 -0.1556
vn -0.5525 -0.8281 -0.0947
vn -0.5525 -0.8282 -0.0947
vn -0.9585 0.2330 -0.1642
vn -0.3534 -0.9335 -0.0606
vn -0.9827 0.0775 -0.1684
vn -0.1220 0.9923 -0.0208
vn -0.1220 -0.9923 -0.0210
vn -0.9827 -0.0775 -0.1684
vn -0.8637 0.3905 -0.3185
vn -0.5241 -0.8295 -0.1933
vn -0.9122 0.2341 -0.3364
vn -0.3349 -0.9341 -0.1235
vn -0.3350 -0.9341 -0.1235
vn -0.9354 0.0779 -0.3450
vn -0.1155 0.9924 -0.0426
vn -0.1156 -0.9924 -0.0426
vn -0.9354 -0.0779 -0.3450
vn -0.3349 0.9341 -0.1235
vn -0.3350 0.9341 -0.1235
vn -0.9122 -0.2341 -0.3364
vn -0.5241 0.8294 -0.1933
vn -0.8637 -0.3905 -0.3185
vn -0.6744 0.6952 -0.2487
vn -0.7862 -0.5458 -0.2899
vn -0.7862 0.5458 -0.2899
vn -0.6744 -0.6952 -0.2487
vn -0.8336 -0.2362 -0.4993
vn -0.4761 0.8319 -0.2851
vn -0.7886 -0.3937 -0.4723
vn -0.6138 0.6986 -0.3676
vn -0.7168 -0.5495 -0.4293
vn -0.7168 0.5495 -0.4293
vn -0.6138 -0.6986 -0.3676
vn -0.7886 0.3937 -0.4723
vn -0.4760 -0.8319 -0.2851
vn -0.8336 0.2362 -0.4993
vn -0.3037 -0.9352 -0.1819
vn -0.8553 0.0787 -0.5122
vn -0.8552 0.0787 -0.5122
vn -0.1046 0.9925 -0.0626
vn -0.1047 -0.9925 -0.0627
vn -0.8553 -0.0787 -0.5122
vn -0.8552 -0.0787 -0.5122
vn -0.3037 0.9352 -0.1819
vn -0.4098 -0.8352 -0.3669
vn -0.7234 0.2391 -0.6477
vn -0.2608 -0.9367 -0.2335
vn -0.7427 0.0797 -0.6649
vn -0.0897 0.9927 -0.0804
vn -0.0898 -0.9927 -0.0804
vn -0.7427 -0.0797 -0.6649
vn -0.2608 0.9367 -0.2335
vn -0.7234 -0.2390 -0.6477
vn -0.4098 0.8351 -0.3669
vn -0.4098 0.8352 -0.3669
vn -0.6835 -0.3980 -0.6119
vn -0.5297 0.7032 -0.4743
vn -0.6201 -0.5544 -0.5552
vn -0.6201 -0.5543 -0.5552
vn -0.6201 0.5544 -0.5552
vn -0.6201 0.5544 -0.5551
vn -0.5297 -0.7032 -0.4743
vn -0.6835 0.3980 -0.6119
vn -0.3273 0.8387 -0.4353
vn -0.5501 -0.4027 -0.7316
vn -0.4243 0.7082 -0.5643
vn -0.4980 -0.5598 -0.6623
vn -0.4980 -0.5598 -0.6622
vn -0.4980 0.5598 -0.6623
vn -0.4243 -0.7082 -0.5643
vn -0.5501 0.4027 -0.7316
vn -0.3273 -0.8387 -0.4352
vn -0.3273 -0.8387 -0.4353
vn -0.5831 0.2423 -0.7754
vn -0.2078 -0.9383 -0.2764
vn -0.5990 0.0808 -0.7966
vn -0.0714 0.9929 -0.0949
vn -0.0714 -0.9929 -0.0949
vn -0.5990 -0.0808 -0.7966
vn -0.2078 0.9383 -0.2763
vn -0.2078 0.9383 -0.2764
vn -0.5831 -0.2423 -0.7754
vn -0.5831 -0.2423 -0.7755
vn -0.4159 0.2454 -0.8757
vn -0.1466 -0.9398 -0.3087
vn -0.1465 -0.9398 -0.3087
vn -0.4275 0.0819 -0.9003
vn -0.0503 0.9931 -0.1059
vn -0.0503 -0.9931 -0.1059
vn -0.4275 -0.0819 -0.9003
vn -0.1466 0.9398 -0.3087
vn -0.1465 0.9398 -0.3087
vn -0.4159 -0.2454 -0.8757
vn -0.2314 0.8420 -0.4873
vn -0.3918 -0.4073 -0.8250
vn -0.3917 -0.4073 -0.8250
vn -0.3008 0.7129 -0.6335
vn -0.3539 -0.5650 -0.7453
vn -0.3539 0.5650 -0.7453
vn -0.3539 0.5650 -0.7454
vn -0.3008 -0.7129 -0.6335
vn -0.3918 0.4073 -0.8250
vn -0.2314 -0.8420 -0.4873
vn -0.2314 -0.8420 -0.4872
vn -0.2140 -0.4109 -0.8862
vn -0.1637 0.7166 -0.6780
vn -0.1930 -0.5690 -0.7993
vn -0.1930 0.5690 -0.7993
vn -0.1931 0.5690 -0.7993
vn -0.1637 -0.7166 -0.6780
vn -0.2140 0.4109 -0.8862
vn -0.1257 -0.8446 -0.5204
vn -0.2274 0.2478 -0.9417
vn -0.0795 -0.9410 -0.3291
vn -0.0794 -0.9410 -0.3291
vn -0.2340 0.0828 -0.9687
vn -0.2339 0.0828 -0.9687
vn -0.0272 0.9933 -0.1127
vn -0.0272 -0.9932 -0.1128
vn -0.2340 -0.0828 -0.9687
vn -0.0795 0.9410 -0.3290
vn -0.0794 0.9410 -0.3291
vn -0.2274 -0.2478 -0.9417
vn -0.2275 -0.2478 -0.9417
vn -0.1257 0.8446 -0.5204
vn -0.0092 -0.9416 -0.3366
vn -0.0091 -0.9416 -0.3366
vn -0.0271 0.0832 -0.9962
vn -0.0270 0.0832 -0.9962
vn -0.0271 0.0833 -0.9962
vn -0.0031 0.9933 -0.1153
vn -0.0031 -0.9933 -0.1153
vn -0.0270 -0.0832 -0.9962
vn -0.0092 0.9416 -0.3366
vn -0.0091 0.9416 -0.3366
vn -0.0263 -0.2492 -0.9681
vn -0.0145 0.8460 -0.5330
vn -0.0247 -0.4129 -0.9104
vn -0.0189 0.7186 -0.6951
vn -0.0223 -0.5713 -0.8205
vn -0.0223 -0.5713 -0.8204
vn -0.0223 0.5713 -0.8205
vn -0.0189 -0.7186 -0.6951
vn -0.0247 0.4129 -0.9104
vn -0.0247 0.4129 -0.9105
vn -0.0145 -0.8460 -0.5330
vn -0.0263 0.2492 -0.9681
vn 0.1501 -0.5713 -0.8069
vn 0.1501 0.5713 -0.8069
vn 0.1272 -0.7186 -0.6837
vn 0.1666 0.4129 -0.8954
vn 0.0975 -0.8460 -0.5242
vn 0.1771 0.2492 -0.9521
vn 0.0616 -0.9416 -0.3311
vn 0.1823 0.0832 -0.9797
vn 0.1823 0.0833 -0.9797
vn 0.0211 0.9933 -0.1134
vn 0.0211 -0.9933 -0.1134
vn 0.1823 -0.0832 -0.9797
vn 0.0616 0.9416 -0.3311
vn 0.1771 -0.2492 -0.9521
vn 0.0975 0.8460 -0.5242
vn 0.1666 -0.4129 -0.8954
vn 0.1272 0.7186 -0.6837
vn 0.0445 0.9932 -0.1071
vn 0.0445 -0.9932 -0.1072
vn 0.3823 -0.0828 -0.9203
vn 0.3824 -0.0828 -0.9203
vn 0.1298 0.9410 -0.3126
vn 0.1299 0.9410 -0.3126
vn 0.3717 -0.2478 -0.8947
vn 0.2054 0.8446 -0.4944
vn 0.3498 -0.4109 -0.8419
vn 0.2676 0.7166 -0.6441
vn 0.3155 -0.5690 -0.7594
vn 0.3155 0.5690 -0.7594
vn 0.2676 -0.7166 -0.6441
vn 0.3498 0.4109 -0.8419
vn 0.2054 -0.8446 -0.4944
vn 0.3717 0.2478 -0.8947
vn 0.1298 -0.9410 -0.3126
vn 0.1299 -0.9410 -0.3126
vn 0.3823 0.0828 -0.9203
vn 0.4660 0.5650 -0.6809
vn 0.4660 0.5650 -0.6810
vn 0.3960 -0.7129 -0.5787
vn 0.5158 0.4073 -0.7537
vn 0.3046 -0.8421 -0.4451
vn 0.3046 -0.8420 -0.4451
vn 0.3047 -0.8421 -0.4451
vn 0.5475 0.2454 -0.8000
vn 0.1929 -0.9398 -0.2820
vn 0.1930 -0.9398 -0.2820
vn 0.5629 0.0819 -0.8225
vn 0.5628 0.0819 -0.8225
vn 0.0662 0.9931 -0.0967
vn 0.0662 -0.9931 -0.0967
vn 0.5629 -0.0819 -0.8225
vn 0.1929 0.9398 -0.2820
vn 0.1930 0.9398 -0.2820
vn 0.5475 -0.2454 -0.8000
vn 0.3047 0.8420 -0.4451
vn 0.3046 0.8420 -0.4452
vn 0.5158 -0.4073 -0.7537
vn 0.3960 0.7129 -0.5787
vn 0.4660 -0.5650 -0.6809
vn 0.7161 -0.0808 -0.6933
vn 0.2484 0.9383 -0.2405
vn 0.6970 -0.2423 -0.6749
vn 0.3913 0.8387 -0.3788
vn 0.6576 -0.4027 -0.6367
vn 0.5073 0.7082 -0.4911
vn 0.5072 0.7082 -0.4911
vn 0.5953 -0.5598 -0.5764
vn 0.5953 0.5598 -0.5764
vn 0.5073 -0.7082 -0.4911
vn 0.5072 -0.7082 -0.4911
vn 0.6576 0.4027 -0.6367
vn 0.3912 -0.8387 -0.3788
vn 0.6970 0.2423 -0.6749
vn 0.2484 -0.9383 -0.2405
vn 0.7161 0.0808 -0.6933
vn 0.0853 0.9929 -0.0826
vn 0.0854 -0.9929 -0.0826
vn 0.5973 -0.7032 -0.3858
vn 0.7707 0.3980 -0.4977
vn 0.4620 -0.8352 -0.2984
vn 0.8157 0.2391 -0.5268
vn 0.2941 -0.9367 -0.1899
vn 0.8374 0.0797 -0.5408
vn 0.1012 0.9927 -0.0653
vn 0.1012 -0.9927 -0.0654
vn 0.8374 -0.0797 -0.5408
vn 0.2941 0.9367 -0.1899
vn 0.8157 -0.2390 -0.5268
vn 0.4621 0.8351 -0.2984
vn 0.4620 0.8351 -0.2984
vn 0.7707 -0.3980 -0.4977
vn 0.5973 0.7032 -0.3858
vn 0.6991 -0.5544 -0.4515
vn 0.6991 -0.5543 -0.4515
vn 0.6991 0.5544 -0.4515
vn 0.6992 0.5544 -0.4515
vn 0.3284 0.9352 -0.1323
vn 0.9014 -0.2362 -0.3630
vn 0.5148 0.8319 -0.2073
vn 0.8527 -0.3937 -0.3434
vn 0.6637 0.6986 -0.2673
vn 0.7750 -0.5495 -0.3121
vn 0.7750 0.5495 -0.3121
vn 0.6637 -0.6986 -0.2673
vn 0.8527 0.3937 -0.3434
vn 0.5147 -0.8319 -0.2073
vn 0.9014 0.2362 -0.3630
vn 0.3284 -0.9352 -0.1322
vn 0.9247 0.0787 -0.3724
vn 0.1131 0.9925 -0.0455
vn 0.1132 -0.9925 -0.0456
vn 0.9247 -0.0787 -0.3724
vn 0.9029 0.3906 -0.1798
vn 0.9029 0.3905 -0.1798
vn 0.5478 -0.8295 -0.1091
vn 0.9535 0.2341 -0.1898
vn 0.3501 -0.9341 -0.0697
vn 0.9778 0.0779 -0.1946
vn 0.1207 0.9924 -0.0241
vn 0.1208 -0.9924 -0.0241
vn 0.9778 -0.0779 -0.1946
vn 0.9778 -0.0779 -0.1947
vn 0.3501 0.9341 -0.0697
vn 0.9535 -0.2341 -0.1898
vn 0.5478 0.8294 -0.1091
vn 0.9029 -0.3906 -0.1797
vn 0.9029 -0.3905 -0.1798
vn 0.7050 0.6952 -0.1403
vn 0.7050 0.6952 -0.1404
vn 0.8218 -0.5458 -0.1636
vn 0.8218 0.5458 -0.1636
vn 0.7050 -0.6952 -0.1403
vn 0.7050 -0.6952 -0.1404
vn 0.9724 -0.2329 -0.0126
vn 0.5605 0.8281 -0.0073
vn 0.9212 -0.3889 -0.0119
vn 0.7205 0.6934 -0.0093
vn 0.8391 -0.5439 -0.0108
vn 0.8391 0.5439 -0.0108
vn 0.8391 0.5438 -0.0109
vn 0.7205 -0.6934 -0.0093
vn 0.9212 0.3889 -0.0119
vn 0.5605 -0.8281 -0.0072
vn 0.5605 -0.8281 -0.0073
vn 0.5605 -0.8282 -0.0072
vn 0.9724 0.2330 -0.0126
vn 0.3586 -0.9335 -0.0046
vn 0.3586 -0.9335 -0.0047
vn 0.9969 0.0775 -0.0129
vn 0.1237 0.9923 -0.0015
vn 0.1238 -0.9923 -0.0016
vn 0.9969 -0.0775 -0.0129
vn 0.3586 0.9335 -0.0047
vn 0.3586 0.9335 -0.0046
vn 0.5525 -0.8281 0.0947
vn 0.5525 -0.8282 0.0946
vn 0.9585 0.2330 0.1643
vn 0.3534 -0.9335 0.0606
vn 0.9827 0.0775 0.1684
vn 0.1220 0.9923 0.0208
vn 0.1220 -0.9923 0.0209
vn 0.9827 -0.0775 0.1684
vn 0.3534 0.9335 0.0606
vn 0.9585 -0.2329 0.1643
vn 0.5525 0.8281 0.0947
vn 0.9081 -0.3889 0.1556
vn 0.7102 0.6934 0.1217
vn 0.8271 -0.5439 0.1417
vn 0.8271 0.5439 0.1417
vn 0.7102 -0.6934 0.1217
vn 0.9081 0.3889 0.1556
vn 0.8637 -0.3905 0.3185
vn 0.8637 -0.3906 0.3185
vn 0.6744 0.6952 0.2487
vn 0.7862 -0.5458 0.2899
vn 0.7862 0.5458 0.2899
vn 0.6744 -0.6952 0.2487
vn 0.8637 0.3905 0.3185
vn 0.5241 -0.8295 0.1933
vn 0.9122 0.2341 0.3364
vn 0.3350 -0.9341 0.1235
vn 0.3349 -0.9341 0.1235
vn 0.9354 0.0779 0.3449
vn 0.1155 0.9924 0.0426
vn 0.1156 -0.9924 0.0426
vn 0.9354 -0.0779 0.3449
vn 0.3349 0.9341 0.1235
vn 0.3350 0.9341 0.1235
vn 0.9122 -0.2341 0.3364
vn 0.5241 0.8294 0.1933
vn 0.3037 -0.9352 0.1819
vn 0.8552 0.0787 0.5122
vn 0.1046 0.9925 0.0626
vn 0.1047 -0.9925 0.0627
vn 0.8552 -0.0787 0.5122
vn 0.3037 0.9352 0.1819
vn 0.8336 -0.2362 0.4993
vn 0.4761 0.8319 0.2851
vn 0.7886 -0.3937 0.4723
vn 0.6138 0.6986 0.3676
vn 0.7168 -0.5495 0.4293
vn 0.7168 0.5495 0.4293
vn 0.6138 -0.6986 0.3676
vn 0.7886 0.3937 0.4723
vn 0.4760 -0.8319 0.2851
vn 0.8336 0.2362 0.4993
vn 0.5297 0.7032 0.4743
vn 0.5297 0.7031 0.4743
vn 0.6201 -0.5544 0.5551
vn 0.6201 -0.5544 0.5552
vn 0.6201 0.5544 0.5551
vn 0.5297 -0.7032 0.4743
vn 0.5297 -0.7031 0.4743
vn 0.6835 0.3980 0.6119
vn 0.4098 -0.8352 0.3669
vn 0.4098 -0.8352 0.3668
vn 0.7234 0.2391 0.6477
vn 0.2608 -0.9367 0.2335
vn 0.2608 -0.9367 0.2336
vn 0.7427 0.0797 0.6649
vn 0.0897 0.9927 0.0804
vn 0.0898 -0.9927 0.0804
vn 0.7427 -0.0797 0.6649
vn 0.2608 0.9367 0.2335
vn 0.2608 0.9367 0.2336
vn 0.2609 0.9367 0.2335
vn 0.7234 -0.2391 0.6477
vn 0.7235 -0.2391 0.6477
vn 0.4098 0.8351 0.3669
vn 0.4098 0.8352 0.3669
vn 0.6835 -0.3980 0.6119
vn 0.5990 0.0808 0.7966
vn 0.5991 0.0808 0.7966
vn 0.0714 0.9929 0.0949
vn 0.0714 -0.9929 0.0949
vn 0.5990 -0.0808 0.7966
vn 0.2078 0.9383 0.2763
vn 0.5831 -0.2423 0.7754
vn 0.5831 -0.2423 0.7755
vn 0.3273 0.8387 0.4353
vn 0.5501 -0.4028 0.7316
vn 0.5501 -0.4028 0.7315
vn 0.4243 0.7082 0.5643
vn 0.4980 -0.5598 0.6623
vn 0.4980 0.5598 0.6623
vn 0.4243 -0.7082 0.5643
vn 0.5501 0.4028 0.7316
vn 0.5501 0.4027 0.7316
vn 0.3273 -0.8387 0.4353
vn 0.5831 0.2423 0.7754
vn 0.2078 -0.9383 0.2764
vn 0.3540 -0.5650 0.7453
vn 0.3540 0.5650 0.7453
vn 0.3539 0.5650 0.7453
vn 0.3008 -0.7129 0.6334
vn 0.3008 -0.7129 0.6335
vn 0.3918 0.4073 0.8250
vn 0.2314 -0.8420 0.4873
vn 0.4159 0.2454 0.8757
vn 0.1466 -0.9398 0.3087
vn 0.1466 -0.9398 0.3086
vn 0.4275 0.0819 0.9003
vn 0.0503 0.9931 0.1059
vn 0.0503 -0.9931 0.1059
vn 0.4275 -0.0819 0.9003
vn 0.1466 0.9398 0.3087
vn 0.1466 0.9398 0.3086
vn 0.4159 -0.2454 0.8757
vn 0.2314 0.8420 0.4873
vn 0.3918 -0.4073 0.8250
vn 0.3008 0.7129 0.6334
vn 0.0272 0.9933 0.1127
vn 0.0272 -0.9932 0.1128
vn 0.2339 -0.0828 0.9687
vn 0.0794 0.9410 0.3290
vn 0.0794 0.9410 0.3291
vn 0.0795 0.9410 0.3290
vn 0.2274 -0.2478 0.9417
vn 0.1257 0.8446 0.5204
vn 0.2140 -0.4109 0.8862
vn 0.1637 0.7166 0.6780
vn 0.1930 -0.5690 0.7993
vn 0.1930 0.5690 0.7993
vn 0.1931 0.5690 0.7993
vn 0.1637 -0.7166 0.6780
vn 0.1638 -0.7166 0.6780
vn 0.2140 0.4109 0.8862
vn 0.1257 -0.8446 0.5204
vn 0.2274 0.2478 0.9417
vn 0.0794 -0.9410 0.3290
vn 0.0794 -0.9410 0.3291
vn 0.2339 0.0828 0.9687
vn 0.2340 0.0828 0.9687
vn 0.0223 0.5713 0.8204
vn 0.0188 -0.7186 0.6951
vn 0.0247 0.4129 0.9104
vn 0.0247 0.4129 0.9105
vn 0.0145 -0.8460 0.5330
vn 0.0263 0.2492 0.9681
vn 0.0263 0.2491 0.9681
vn 0.0091 -0.9416 0.3366
vn 0.0092 -0.9416 0.3366
vn 0.0270 0.0832 0.9962
vn 0.0031 0.9933 0.1153
vn 0.0031 -0.9933 0.1153
vn 0.0270 -0.0832 0.9962
vn 0.0271 -0.0833 0.9962
vn 0.0091 0.9416 0.3366
vn 0.0092 0.9416 0.3366
vn 0.0263 -0.2491 0.9681
vn 0.0145 0.8460 0.5330
vn 0.0247 -0.4129 0.9104
vn 0.0189 0.7186 0.6951
vn 0.0189 0.7186 0.6952
vn 0.0223 -0.5713 0.8204
vn 0.0223 -0.5713 0.8205
vn -0.1823 0.0832 0.9797
vn -0.3155 -0.5691 0.7594
vn -0.3824 0.0828 0.9203
vn -0.1298 0.9410 0.3127
vn -0.5628 -0.0819 0.8225
vn -0.3961 -0.7129 0.5787
vn -0.3912 0.8387 0.3789
vn -0.5973 0.7032 0.3858
vn -0.3284 -0.9352 0.1322
vn -0.6637 0.6986 0.2672
vn -0.9029 -0.3905 0.1798
vn -0.9212 0.3888 0.0119
vn -0.9724 0.2330 0.0125
vn -0.5605 0.8281 0.0072
vn -0.8391 -0.5439 0.0109
vn -0.9585 -0.2330 -0.1643
vn -0.8271 -0.5438 -0.1417
vn -0.9081 0.3888 -0.1556
vn -0.3534 -0.9335 -0.0605
vn -0.4761 -0.8319 -0.2851
vn -0.4098 -0.8352 -0.3668
vn -0.6201 -0.5544 -0.5551
vn -0.5297 -0.7031 -0.4743
vn -0.4980 0.5598 -0.6622
vn -0.5831 0.2423 -0.7755
vn -0.3539 -0.5650 -0.7454
vn -0.3917 0.4073 -0.8250
vn -0.2314 -0.8421 -0.4873
vn -0.1931 -0.5691 -0.7993
vn -0.2339 -0.0828 -0.9687
vn -0.0271 -0.0833 -0.9962
vn -0.0247 -0.4129 -0.9105
vn -0.0223 0.5713 -0.8204
vn 0.1823 -0.0833 -0.9797
vn 0.3155 -0.5691 -0.7594
vn 0.3824 0.0828 -0.9203
vn 0.3046 -0.8420 -0.4452
vn 0.5628 -0.0819 -0.8225
vn 0.3912 0.8387 -0.3789
vn 0.6991 0.5543 -0.4515
vn 0.5147 0.8319 -0.2073
vn 0.9029 0.3906 -0.1797
vn 0.9778 0.0779 -0.1947
vn 0.9724 -0.2330 -0.0126
vn 0.5605 0.8281 -0.0072
vn 0.8391 -0.5438 -0.0109
vn 0.9585 -0.2330 0.1643
vn 0.8637 0.3906 0.3185
vn 0.6138 -0.6986 0.3677
vn 0.6201 0.5544 0.5552
vn 0.2609 -0.9367 0.2335
vn 0.5991 -0.0808 0.7966
vn 0.5501 -0.4027 0.7316
vn 0.5501 0.4028 0.7315
vn 0.5831 0.2423 0.7755
vn 0.2078 -0.9383 0.2763
vn 0.3539 -0.5650 0.7453
vn 0.3008 0.7129 0.6335
vn 0.2340 -0.0828 0.9687
vn 0.1257 0.8446 0.5205
vn 0.1638 0.7166 0.6780
vn 0.1931 -0.5691 0.7993
vn 0.0795 -0.9410 0.3290
vn 0.0223 0.5713 0.8205
vn 0.0189 -0.7186 0.6951
vn 0.0144 -0.8460 0.5330
vn 0.0271 0.0833 0.9962
vn 0.0263 -0.2492 0.9681
vn 0.0247 -0.4129 0.9105
vt 0.472214 0.056597
vt 0.469781 0.055880
vt 0.471792 0.055333
vt 0.455894 0.056596
vt 0.458326 0.055879
vt 0.457990 0.057268
vt 0.474415 0.055659
vt 0.473938 0.054560
vt 0.460266 0.056249
vt 0.460034 0.057724
vt 0.476842 0.054340
vt 0.476361 0.053456
vt 0.462169 0.056463
vt 0.462052 0.057986
vt 0.479883 0.052318
vt 0.479498 0.051715
vt 0.464054 0.056535
vt 0.464054 0.058059
vt 0.448225 0.052317
vt 0.445136 0.049856
vt 0.448610 0.051713
vt 0.482972 0.049858
vt 0.466055 0.057986
vt 0.465939 0.056463
vt 0.451747 0.053454
vt 0.451266 0.054338
vt 0.468073 0.057724
vt 0.467842 0.056249
vt 0.454170 0.054559
vt 0.453692 0.055658
vt 0.470118 0.057269
vt 0.456316 0.055331
vt 0.467666 0.054838
vt 0.469525 0.054538
vt 0.456640 0.054094
vt 0.471468 0.054094
vt 0.458583 0.054538
vt 0.473565 0.053463
vt 0.460441 0.054837
vt 0.475974 0.052549
vt 0.462257 0.055013
vt 0.479176 0.051077
vt 0.464054 0.055074
vt 0.445380 0.049506
vt 0.448933 0.051075
vt 0.482729 0.049508
vt 0.465851 0.055013
vt 0.452134 0.052548
vt 0.454543 0.053462
vt 0.475670 0.051623
vt 0.478910 0.050408
vt 0.464054 0.053658
vt 0.445596 0.049117
vt 0.449198 0.050406
vt 0.482513 0.049119
vt 0.465785 0.053607
vt 0.452439 0.051622
vt 0.467536 0.053467
vt 0.454830 0.052364
vt 0.469334 0.053227
vt 0.456886 0.052871
vt 0.471222 0.052872
vt 0.458774 0.053227
vt 0.473278 0.052365
vt 0.460572 0.053466
vt 0.462323 0.053607
vt 0.457067 0.051655
vt 0.469194 0.051932
vt 0.471041 0.051656
vt 0.458914 0.051931
vt 0.473063 0.051260
vt 0.460667 0.052118
vt 0.475436 0.050679
vt 0.462371 0.052228
vt 0.478696 0.049712
vt 0.464054 0.052268
vt 0.445785 0.048695
vt 0.449412 0.049710
vt 0.482323 0.048697
vt 0.465737 0.052228
vt 0.452672 0.050678
vt 0.467441 0.052118
vt 0.455045 0.051259
vt 0.464054 0.050891
vt 0.445949 0.048248
vt 0.449581 0.048993
vt 0.482159 0.048250
vt 0.478528 0.048995
vt 0.465704 0.050861
vt 0.452845 0.049718
vt 0.467375 0.050780
vt 0.455200 0.050148
vt 0.469096 0.050643
vt 0.457196 0.050439
vt 0.470913 0.050440
vt 0.459012 0.050642
vt 0.472908 0.050149
vt 0.460733 0.050780
vt 0.475263 0.049719
vt 0.462404 0.050861
vt 0.469032 0.049355
vt 0.470827 0.049222
vt 0.459076 0.049355
vt 0.472803 0.049030
vt 0.460776 0.049445
vt 0.475143 0.048747
vt 0.462426 0.049499
vt 0.478400 0.048262
vt 0.464054 0.049521
vt 0.446090 0.047785
vt 0.449709 0.048260
vt 0.482019 0.047787
vt 0.465683 0.049500
vt 0.452966 0.048746
vt 0.467333 0.049446
vt 0.455306 0.049029
vt 0.457281 0.049221
vt 0.481903 0.047318
vt 0.478310 0.047521
vt 0.464054 0.048150
vt 0.465672 0.048139
vt 0.453041 0.047764
vt 0.467310 0.048112
vt 0.455368 0.047905
vt 0.468996 0.048067
vt 0.457331 0.048000
vt 0.470778 0.048001
vt 0.459112 0.048066
vt 0.472740 0.047905
vt 0.460799 0.048112
vt 0.475068 0.047765
vt 0.462437 0.048139
vt 0.446206 0.047316
vt 0.449798 0.047519
vt 0.470761 0.046779
vt 0.472715 0.046779
vt 0.460804 0.046778
vt 0.475035 0.046779
vt 0.462437 0.046778
vt 0.478259 0.046780
vt 0.464054 0.046778
vt 0.446296 0.046852
vt 0.449850 0.046778
vt 0.481813 0.046854
vt 0.465672 0.046778
vt 0.453074 0.046778
vt 0.467305 0.046778
vt 0.455393 0.046778
vt 0.468986 0.046779
vt 0.457348 0.046778
vt 0.459123 0.046778
vt 0.449798 0.046036
vt 0.453041 0.045792
vt 0.467310 0.045445
vt 0.455368 0.045651
vt 0.468996 0.045490
vt 0.457331 0.045556
vt 0.470778 0.045557
vt 0.459112 0.045489
vt 0.472740 0.045652
vt 0.460799 0.045444
vt 0.475068 0.045793
vt 0.462437 0.045417
vt 0.478311 0.046038
vt 0.464054 0.045406
vt 0.446296 0.046704
vt 0.481813 0.046706
vt 0.465672 0.045418
vt 0.459077 0.044201
vt 0.460776 0.044111
vt 0.475143 0.044812
vt 0.462426 0.044057
vt 0.478400 0.045297
vt 0.464054 0.044036
vt 0.446206 0.046240
vt 0.449709 0.045295
vt 0.481903 0.046242
vt 0.465683 0.044057
vt 0.452966 0.044810
vt 0.467333 0.044111
vt 0.455306 0.044527
vt 0.469032 0.044202
vt 0.457281 0.044335
vt 0.470828 0.044336
vt 0.472803 0.044528
vt 0.467376 0.042777
vt 0.452845 0.043838
vt 0.455200 0.043408
vt 0.469097 0.042914
vt 0.457196 0.043117
vt 0.470913 0.043118
vt 0.459013 0.042914
vt 0.472909 0.043409
vt 0.460734 0.042777
vt 0.475264 0.043839
vt 0.462405 0.042695
vt 0.478528 0.044564
vt 0.464054 0.042665
vt 0.446089 0.045771
vt 0.449581 0.044563
vt 0.482019 0.045773
vt 0.465704 0.042696
vt 0.475437 0.042879
vt 0.460668 0.041439
vt 0.462372 0.041329
vt 0.478697 0.043847
vt 0.464055 0.041289
vt 0.445949 0.045308
vt 0.449412 0.043845
vt 0.482160 0.045310
vt 0.465737 0.041329
vt 0.452672 0.042878
vt 0.467442 0.041439
vt 0.455045 0.042297
vt 0.469195 0.041625
vt 0.457067 0.041901
vt 0.471042 0.041902
vt 0.458914 0.041625
vt 0.473064 0.042298
vt 0.452439 0.041934
vt 0.454830 0.041192
vt 0.469335 0.040330
vt 0.456886 0.040685
vt 0.471223 0.040685
vt 0.458774 0.040329
vt 0.473279 0.041193
vt 0.460573 0.040090
vt 0.475671 0.041935
vt 0.462324 0.039949
vt 0.478911 0.043151
vt 0.464055 0.039899
vt 0.445785 0.044861
vt 0.449198 0.043150
vt 0.482324 0.044863
vt 0.465786 0.039949
vt 0.467537 0.040090
vt 0.460442 0.038718
vt 0.462258 0.038543
vt 0.479177 0.042482
vt 0.464055 0.038482
vt 0.445595 0.044439
vt 0.448932 0.042480
vt 0.482514 0.044441
vt 0.465852 0.038544
vt 0.452134 0.041007
vt 0.467667 0.038719
vt 0.454543 0.040093
vt 0.469526 0.039019
vt 0.456641 0.039462
vt 0.471469 0.039463
vt 0.458583 0.039018
vt 0.473566 0.040094
vt 0.475975 0.041009
vt 0.469783 0.037677
vt 0.454170 0.038997
vt 0.456316 0.038224
vt 0.471793 0.038225
vt 0.458327 0.037677
vt 0.473940 0.038998
vt 0.460267 0.037307
vt 0.476362 0.040103
vt 0.462170 0.037093
vt 0.479499 0.041844
vt 0.464055 0.037021
vt 0.445379 0.044050
vt 0.448610 0.041842
vt 0.482730 0.044052
vt 0.465940 0.037093
vt 0.451747 0.040101
vt 0.467843 0.037308
vt 0.479884 0.041240
vt 0.462053 0.035570
vt 0.464055 0.035497
vt 0.445134 0.043700
vt 0.448225 0.041238
vt 0.482975 0.043702
vt 0.466056 0.035571
vt 0.451266 0.039217
vt 0.468075 0.035832
vt 0.453693 0.037898
vt 0.470119 0.036288
vt 0.455894 0.036959
vt 0.472215 0.036960
vt 0.457991 0.036287
vt 0.474417 0.037899
vt 0.460035 0.035832
vt 0.476843 0.039218
vt 0.470563 0.034831
vt 0.472756 0.035657
vt 0.457547 0.034830
vt 0.475009 0.036792
vt 0.459721 0.034263
vt 0.477416 0.038352
vt 0.461890 0.033934
vt 0.480300 0.040648
vt 0.464055 0.033833
vt 0.444732 0.043179
vt 0.447809 0.040646
vt 0.483377 0.043181
vt 0.466221 0.033934
vt 0.450694 0.038351
vt 0.468389 0.034264
vt 0.453101 0.036790
vt 0.455354 0.035656
vt 0.444496 0.042911
vt 0.447319 0.040100
vt 0.483613 0.042913
vt 0.480790 0.040102
vt 0.464055 0.032013
vt 0.466435 0.032145
vt 0.450000 0.037515
vt 0.468799 0.032566
vt 0.452363 0.035678
vt 0.471136 0.033280
vt 0.454666 0.034303
vt 0.473445 0.034303
vt 0.456974 0.033280
vt 0.475747 0.035680
vt 0.459311 0.032566
vt 0.478110 0.037517
vt 0.461676 0.032145
vt 0.456235 0.031606
vt 0.474317 0.032889
vt 0.476659 0.034565
vt 0.458775 0.030693
vt 0.478941 0.036722
vt 0.461394 0.030147
vt 0.481356 0.039611
vt 0.464055 0.029972
vt 0.444245 0.042701
vt 0.446754 0.039609
vt 0.483864 0.042704
vt 0.466716 0.030147
vt 0.449169 0.036720
vt 0.469335 0.030694
vt 0.451451 0.034563
vt 0.471876 0.031607
vt 0.453793 0.032887
vt 0.464055 0.027631
vt 0.467091 0.027867
vt 0.448188 0.035984
vt 0.470042 0.028592
vt 0.450332 0.033455
vt 0.472835 0.029780
vt 0.452690 0.031402
vt 0.475421 0.031404
vt 0.455276 0.029779
vt 0.477778 0.033456
vt 0.458069 0.028592
vt 0.479922 0.035986
vt 0.461020 0.027866
vt 0.481996 0.039184
vt 0.443993 0.042552
vt 0.446113 0.039182
vt 0.484116 0.042555
vt 0.476818 0.029849
vt 0.479143 0.032375
vt 0.457128 0.026192
vt 0.481065 0.035332
vt 0.460513 0.025207
vt 0.482708 0.038837
vt 0.464056 0.024880
vt 0.443755 0.042464
vt 0.445402 0.038834
vt 0.484354 0.042467
vt 0.467598 0.025207
vt 0.447045 0.035330
vt 0.470983 0.026193
vt 0.448967 0.032373
vt 0.474084 0.027767
vt 0.451293 0.029848
vt 0.454027 0.027766
vt 0.445730 0.034795
vt 0.468299 0.022035
vt 0.472258 0.023413
vt 0.447312 0.031358
vt 0.475728 0.025540
vt 0.449522 0.028239
vt 0.478589 0.028241
vt 0.452384 0.025539
vt 0.480799 0.031360
vt 0.455853 0.023412
vt 0.482380 0.034797
vt 0.459813 0.022034
vt 0.483483 0.038585
vt 0.464056 0.021565
vt 0.443550 0.042435
vt 0.444626 0.038583
vt 0.484559 0.042438
vt 0.454091 0.020153
vt 0.482791 0.030474
vt 0.483867 0.034429
vt 0.458810 0.018161
vt 0.484309 0.038448
vt 0.464056 0.017440
vt 0.443396 0.042458
vt 0.443801 0.038446
vt 0.484713 0.042461
vt 0.469302 0.018162
vt 0.444243 0.034427
vt 0.474021 0.020154
vt 0.445320 0.030472
vt 0.477912 0.023085
vt 0.447273 0.026620
vt 0.480838 0.026622
vt 0.450200 0.023083
vt 0.470806 0.013332
vt 0.476508 0.016314
vt 0.442951 0.029816
vt 0.480840 0.020415
vt 0.444419 0.025077
vt 0.483693 0.025080
vt 0.447272 0.020413
vt 0.485160 0.029818
vt 0.451605 0.016312
vt 0.485512 0.034293
vt 0.457306 0.013332
vt 0.485162 0.038447
vt 0.464056 0.012045
vt 0.443312 0.042508
vt 0.442948 0.038445
vt 0.484798 0.042511
vt 0.442598 0.034291
vt 0.485157 0.063740
vt 0.483865 0.059130
vt 0.485509 0.059266
vt 0.457303 0.080222
vt 0.454088 0.073401
vt 0.458807 0.075394
vt 0.484306 0.055111
vt 0.485159 0.055112
vt 0.464052 0.081509
vt 0.464053 0.076116
vt 0.442948 0.055110
vt 0.443312 0.051046
vt 0.443801 0.055109
vt 0.484796 0.051049
vt 0.469298 0.075394
vt 0.470802 0.080223
vt 0.442598 0.059263
vt 0.444242 0.059127
vt 0.474017 0.073402
vt 0.476503 0.077243
vt 0.442950 0.063738
vt 0.445319 0.063082
vt 0.477908 0.070472
vt 0.480835 0.073142
vt 0.444417 0.068476
vt 0.447272 0.066933
vt 0.480835 0.066936
vt 0.483689 0.068478
vt 0.447270 0.073140
vt 0.450198 0.070471
vt 0.482787 0.063084
vt 0.451602 0.077241
vt 0.475724 0.068017
vt 0.447311 0.062196
vt 0.449521 0.065315
vt 0.478586 0.065317
vt 0.452382 0.068016
vt 0.480796 0.062199
vt 0.455851 0.070143
vt 0.482377 0.058762
vt 0.459810 0.071521
vt 0.483481 0.054974
vt 0.464053 0.071991
vt 0.443397 0.051096
vt 0.444627 0.054972
vt 0.484711 0.051099
vt 0.468296 0.071521
vt 0.445730 0.058760
vt 0.472255 0.070144
vt 0.482706 0.054722
vt 0.460511 0.068349
vt 0.464053 0.068675
vt 0.443551 0.051119
vt 0.445402 0.054720
vt 0.484557 0.051122
vt 0.467595 0.068349
vt 0.447045 0.058225
vt 0.470980 0.067364
vt 0.448966 0.061181
vt 0.474081 0.065790
vt 0.451292 0.063707
vt 0.476815 0.063708
vt 0.454025 0.065789
vt 0.479141 0.061183
vt 0.457126 0.067363
vt 0.481063 0.058227
vt 0.450331 0.060100
vt 0.452689 0.062152
vt 0.475418 0.062153
vt 0.455275 0.063776
vt 0.477776 0.060102
vt 0.458067 0.064963
vt 0.479920 0.057573
vt 0.461018 0.065689
vt 0.481994 0.054375
vt 0.464053 0.065925
vt 0.443756 0.051090
vt 0.446114 0.054373
vt 0.484352 0.051093
vt 0.467089 0.065689
vt 0.448188 0.057571
vt 0.470039 0.064964
vt 0.472832 0.063777
vt 0.461393 0.063409
vt 0.464053 0.063584
vt 0.443994 0.051003
vt 0.446754 0.053946
vt 0.484115 0.051005
vt 0.481354 0.053948
vt 0.466714 0.063409
vt 0.449169 0.056835
vt 0.469333 0.062862
vt 0.451450 0.058992
vt 0.471874 0.061950
vt 0.453792 0.060668
vt 0.474315 0.060669
vt 0.456233 0.061949
vt 0.476657 0.058993
vt 0.458774 0.062862
vt 0.478939 0.056836
vt 0.473443 0.059254
vt 0.454665 0.059253
vt 0.456973 0.060276
vt 0.475745 0.057878
vt 0.459310 0.060990
vt 0.478108 0.056042
vt 0.461674 0.061411
vt 0.480788 0.053457
vt 0.464053 0.061543
vt 0.444246 0.050854
vt 0.447320 0.053455
vt 0.483862 0.050856
vt 0.466433 0.061411
vt 0.449999 0.056040
vt 0.468797 0.060991
vt 0.452362 0.057877
vt 0.471134 0.060277
vt 0.444497 0.050644
vt 0.447809 0.052909
vt 0.483611 0.050646
vt 0.480299 0.052911
vt 0.466219 0.059622
vt 0.450694 0.055204
vt 0.468388 0.059293
vt 0.453100 0.056765
vt 0.470561 0.058726
vt 0.455353 0.057900
vt 0.472754 0.057901
vt 0.457546 0.058726
vt 0.475007 0.056766
vt 0.459719 0.059292
vt 0.477414 0.055206
vt 0.461888 0.059622
vt 0.464054 0.059723
vt 0.444733 0.050376
vt 0.483376 0.050378
s 1
usemtl honMaguro
f 479/1/1 17/2/1 18/3/1
f 476/4/2 11/5/2 2/6/2
f 480/7/3 18/3/3 19/8/3
f 2/6/4 12/9/4 477/10/4
f 481/11/5 19/8/5 20/12/5
f 477/10/6 13/13/6 3/14/6
f 482/15/7 20/12/7 21/16/7
f 3/14/8 14/17/8 4/18/8
f 474/19/9 82/20/9 7/21/9
f 308/22/10 482/15/10 21/16/10
f 5/23/11 14/17/11 15/24/11
f 474/19/12 8/25/12 475/26/12
f 478/27/13 15/24/13 16/28/13
f 475/26/14 9/29/14 1/30/14
f 6/31/15 16/28/15 17/2/15
f 1/30/16 10/32/16 476/4/16
f 17/2/17 31/33/17 32/34/17
f 9/29/18 25/35/18 10/32/18
f 18/3/19 32/34/19 33/36/19
f 10/32/20 26/37/20 11/5/20
f 19/8/21 33/36/21 34/38/21
f 11/5/22 27/39/22 12/9/22
f 20/12/23 34/38/23 35/40/23
f 12/9/24 28/41/24 13/13/24
f 21/16/25 35/40/26 36/42/25
f 13/13/27 29/43/27 14/17/27
f 7/21/28 82/44/28 22/45/28
f 308/46/29 21/16/29 36/42/29
f 15/24/30 29/43/31 30/47/30
f 7/21/32 23/48/33 8/25/33
f 16/28/34 30/47/34 31/33/34
f 8/25/35 24/49/35 9/29/35
f 36/42/36 50/50/37 51/51/36
f 28/41/38 44/52/38 29/43/39
f 22/45/40 82/53/40 37/54/40
f 308/55/41 36/42/41 51/51/41
f 30/47/42 44/52/42 45/56/42
f 22/45/43 38/57/44 23/48/44
f 31/33/45 45/56/45 46/58/45
f 23/48/46 39/59/46 24/49/46
f 32/34/47 46/58/47 47/60/47
f 24/49/48 40/61/48 25/35/49
f 33/36/50 47/60/50 48/62/50
f 25/35/51 41/63/51 26/37/51
f 34/38/52 48/62/52 49/64/52
f 26/37/53 42/65/53 27/39/53
f 35/40/54 49/64/55 50/50/54
f 27/39/56 43/66/56 28/41/56
f 39/59/57 55/67/57 40/61/57
f 48/62/58 62/68/58 63/69/58
f 40/61/59 56/70/59 41/63/59
f 49/64/60 63/69/60 64/71/60
f 41/63/61 57/72/62 42/65/62
f 50/50/63 64/71/63 65/73/63
f 42/65/64 58/74/64 43/66/64
f 51/51/65 65/73/65 66/75/65
f 43/66/66 59/76/66 44/52/66
f 37/54/67 82/77/67 52/78/67
f 308/79/68 51/51/68 66/75/68
f 45/56/69 59/76/69 60/80/69
f 37/54/70 53/81/70 38/57/70
f 46/58/71 60/80/71 61/82/71
f 38/57/72 54/83/72 39/59/72
f 47/60/73 61/82/74 62/68/73
f 58/74/75 74/84/75 59/76/75
f 52/78/76 82/85/76 67/86/76
f 308/87/77 66/75/77 81/88/77
f 60/80/78 74/84/78 75/89/78
f 52/78/79 68/90/80 53/81/80
f 61/82/81 75/89/81 76/91/81
f 53/81/82 69/92/83 54/83/83
f 62/68/84 76/91/84 77/93/84
f 54/83/85 70/94/85 55/67/85
f 63/69/86 77/93/86 78/95/86
f 55/67/87 71/96/87 56/70/87
f 64/71/88 78/95/89 79/97/88
f 56/70/90 72/98/90 57/72/90
f 65/73/91 79/97/91 80/99/91
f 57/72/92 73/100/92 58/74/92
f 66/75/93 80/99/93 81/88/93
f 78/95/94 93/101/94 94/102/94
f 70/94/95 87/103/95 71/96/95
f 79/97/96 94/102/96 95/104/97
f 71/96/98 88/105/98 72/98/98
f 80/99/99 95/104/99 96/106/99
f 72/98/100 89/107/100 73/100/100
f 81/88/101 96/106/101 97/108/101
f 73/100/102 90/109/102 74/84/102
f 67/86/103 82/110/103 83/111/103
f 308/112/104 81/88/104 97/108/104
f 75/89/105 90/109/105 91/113/105
f 67/86/106 84/114/106 68/90/106
f 76/91/107 91/113/107 92/115/107
f 68/90/108 85/116/109 69/92/109
f 77/93/110 92/115/110 93/101/110
f 69/92/111 86/117/111 70/94/111
f 308/118/112 97/108/112 112/119/112
f 91/113/113 105/120/113 106/121/113
f 83/111/114 99/122/114 84/114/114
f 92/115/115 106/121/115 107/123/115
f 84/114/116 100/124/116 85/116/116
f 93/101/117 107/123/118 108/125/117
f 85/116/119 101/126/119 86/117/119
f 94/102/120 108/125/120 109/127/120
f 86/117/121 102/128/121 87/103/121
f 95/104/122 109/127/122 110/129/122
f 87/103/123 103/130/124 88/105/125
f 96/106/126 110/129/126 111/131/126
f 88/105/127 104/132/127 89/107/127
f 97/108/128 111/131/128 112/119/128
f 89/107/129 105/120/129 90/109/129
f 83/111/130 82/133/130 98/134/130
f 110/129/131 124/135/131 125/136/131
f 102/128/132 118/137/132 103/130/132
f 111/131/133 125/136/134 126/138/133
f 103/130/135 119/139/135 104/132/135
f 112/119/136 126/138/136 127/140/137
f 104/132/138 120/141/138 105/120/138
f 98/134/139 82/142/139 113/143/139
f 308/144/140 112/119/140 127/140/140
f 106/121/141 120/141/141 121/145/141
f 98/134/142 114/146/143 99/122/143
f 107/123/144 121/145/144 122/147/145
f 99/122/146 115/148/146 100/124/146
f 108/125/147 122/147/147 123/149/148
f 100/124/149 116/150/149 101/126/149
f 109/127/150 123/149/150 124/135/150
f 101/126/151 117/151/151 102/128/152
f 114/146/153 128/152/153 129/153/153
f 121/145/154 137/154/154 122/147/154
f 115/148/155 129/153/155 130/155/155
f 122/147/156 138/156/156 123/149/157
f 116/150/158 130/155/158 131/157/158
f 123/149/159 139/158/159 124/135/159
f 117/151/160 131/157/160 132/159/161
f 124/135/162 140/160/162 125/136/162
f 118/137/163 132/159/163 133/161/163
f 125/136/164 141/162/164 126/138/165
f 119/139/166 133/161/166 134/163/166
f 126/138/167 142/164/167 127/140/167
f 120/141/168 134/163/168 135/165/168
f 113/143/169 82/166/169 128/152/169
f 308/167/170 127/140/170 142/164/170
f 120/141/171 136/168/171 121/145/171
f 133/161/172 147/169/172 148/170/172
f 140/160/173 156/171/173 141/162/173
f 134/163/174 148/170/174 149/172/174
f 141/162/175 157/173/175 142/164/176
f 135/165/177 149/172/177 150/174/177
f 128/152/178 82/175/178 143/176/178
f 308/177/179 142/164/179 157/173/179
f 135/165/180 151/178/180 136/168/180
f 129/153/181 143/176/182 144/179/181
f 136/168/183 152/180/183 137/154/183
f 130/155/184 144/179/184 145/181/184
f 137/154/185 153/182/185 138/156/185
f 131/157/186 145/181/186 146/183/186
f 138/156/187 154/184/187 139/158/187
f 132/159/188 146/183/188 147/169/188
f 139/158/189 155/185/189 140/160/189
f 151/178/190 167/186/190 152/180/190
f 145/181/191 159/187/191 160/188/191
f 152/180/192 168/189/192 153/182/192
f 146/183/193 160/188/193 161/190/193
f 153/182/194 169/191/194 154/184/194
f 147/169/195 161/190/195 162/192/195
f 154/184/196 170/193/196 155/185/196
f 148/170/197 162/192/197 163/194/197
f 155/185/198 171/195/198 156/171/198
f 149/172/199 163/194/199 164/196/199
f 156/171/200 172/197/200 157/173/200
f 150/174/201 164/196/202 165/198/201
f 143/176/203 82/199/203 158/200/203
f 308/201/204 157/173/204 172/197/204
f 150/174/205 166/202/205 151/178/206
f 144/179/207 158/200/207 159/187/207
f 170/193/208 186/203/208 171/195/208
f 164/196/209 178/204/209 179/205/209
f 171/195/210 187/206/210 172/197/210
f 165/198/211 179/205/211 180/207/211
f 158/200/212 82/208/212 173/209/212
f 308/210/213 172/197/213 187/206/213
f 165/198/214 181/211/214 166/202/214
f 159/187/215 173/209/215 174/212/215
f 166/202/216 182/213/216 167/186/216
f 160/188/217 174/212/217 175/214/218
f 167/186/219 183/215/219 168/189/219
f 161/190/220 175/214/220 176/216/220
f 168/189/221 184/217/221 169/191/222
f 162/192/223 176/216/223 177/218/224
f 169/191/225 185/219/225 170/193/225
f 163/194/226 177/218/226 178/204/226
f 175/214/227 189/220/227 190/221/227
f 182/213/228 198/222/228 183/215/228
f 176/216/229 190/221/229 191/223/229
f 183/215/230 199/224/230 184/217/231
f 177/218/232 191/223/232 192/225/232
f 184/217/233 200/226/233 185/219/233
f 178/204/234 192/225/234 193/227/234
f 185/219/235 201/228/236 186/203/236
f 179/205/237 193/227/237 194/229/237
f 186/203/238 202/230/238 187/206/238
f 180/207/239 194/229/239 195/231/239
f 173/209/240 82/232/240 188/233/240
f 308/234/241 187/206/241 202/230/241
f 180/207/242 196/235/242 181/211/242
f 174/212/243 188/233/244 189/220/243
f 181/211/245 197/236/245 182/213/246
f 194/229/247 208/237/247 209/238/247
f 201/228/248 217/239/248 202/230/249
f 195/231/250 209/238/250 210/240/250
f 188/233/251 82/241/251 203/242/251
f 308/243/252 202/230/252 217/239/252
f 195/231/253 211/244/253 196/235/253
f 189/220/254 203/242/255 204/245/254
f 196/235/256 212/246/256 197/236/256
f 190/221/257 204/245/257 205/247/257
f 197/236/258 213/248/258 198/222/259
f 191/223/260 205/247/260 206/249/260
f 198/222/261 214/250/261 199/224/261
f 192/225/262 206/249/262 207/251/263
f 199/224/264 215/252/264 200/226/264
f 193/227/265 207/251/265 208/237/265
f 200/226/266 216/253/267 201/228/267
f 212/246/268 228/254/268 213/248/268
f 206/249/269 220/255/269 221/256/269
f 213/248/270 229/257/270 214/250/270
f 207/251/271 221/256/271 222/258/272
f 214/250/273 230/259/273 215/252/273
f 208/237/274 222/258/274 223/260/274
f 215/252/275 231/261/275 216/253/275
f 209/238/276 223/260/276 224/262/276
f 216/253/277 232/263/278 217/239/278
f 210/240/279 224/262/279 225/264/280
f 203/242/281 82/265/281 218/266/281
f 308/267/282 217/239/282 232/263/282
f 210/240/283 226/268/283 211/244/283
f 204/245/284 218/266/285 219/269/284
f 211/244/286 227/270/286 212/246/287
f 205/247/288 219/269/288 220/255/288
f 231/261/289 247/271/290 232/263/290
f 225/264/291 239/272/292 240/273/293
f 218/266/294 82/274/294 233/275/294
f 308/276/295 232/263/295 247/271/295
f 225/264/296 241/277/296 226/268/296
f 219/269/297 233/275/298 234/278/297
f 226/268/299 242/279/299 227/270/299
f 220/255/300 234/278/300 235/280/300
f 227/270/301 243/281/301 228/254/301
f 221/256/302 235/280/302 236/282/302
f 228/254/303 244/283/303 229/257/304
f 222/258/305 236/282/305 237/284/305
f 229/257/306 245/285/306 230/259/306
f 223/260/307 237/284/307 238/286/308
f 230/259/309 246/287/309 231/261/309
f 224/262/310 238/286/310 239/272/310
f 244/283/311 258/288/311 259/289/311
f 236/282/312 252/290/312 237/284/312
f 245/285/313 259/289/313 260/291/313
f 237/284/314 253/292/314 238/286/314
f 246/287/315 260/291/315 261/293/315
f 238/286/316 254/294/316 239/272/316
f 247/271/317 261/293/317 262/295/317
f 239/272/318 255/296/318 240/273/319
f 233/275/320 82/297/320 248/298/320
f 308/299/321 247/271/321 262/295/321
f 241/277/322 255/296/322 256/300/322
f 233/275/323 249/301/323 234/278/323
f 242/279/324 256/300/324 257/302/324
f 234/278/325 250/303/325 235/280/325
f 243/281/326 257/302/326 258/288/326
f 235/280/327 251/304/327 236/282/327
f 248/298/328 82/305/328 263/306/328
f 308/307/329 262/295/329 277/308/329
f 256/300/330 270/309/330 271/310/331
f 248/298/332 264/311/333 249/301/333
f 257/302/334 271/310/334 272/312/334
f 249/301/335 265/313/335 250/303/335
f 258/288/336 272/312/336 273/314/336
f 250/303/337 266/315/337 251/304/337
f 259/289/338 273/314/338 274/316/338
f 251/304/339 267/317/339 252/290/339
f 260/291/340 274/316/340 275/318/340
f 252/290/341 268/319/341 253/292/341
f 261/293/342 275/318/342 276/320/342
f 253/292/343 269/321/343 254/294/343
f 262/295/344 276/320/345 277/308/344
f 254/294/346 270/309/346 255/296/346
f 266/315/347 282/322/347 267/317/348
f 275/318/349 289/323/349 290/324/349
f 267/317/350 283/325/350 268/319/350
f 276/320/351 290/324/352 291/326/353
f 268/319/354 284/327/354 269/321/354
f 277/308/355 291/326/356 292/328/355
f 269/321/357 285/329/358 270/309/358
f 263/306/359 82/330/359 278/331/359
f 308/332/360 277/308/360 292/328/360
f 271/310/361 285/329/361 286/333/361
f 263/306/362 279/334/363 264/311/363
f 272/312/364 286/333/364 287/335/364
f 264/311/365 280/336/366 265/313/366
f 273/314/367 287/335/367 288/337/367
f 265/313/368 281/338/368 266/315/368
f 274/316/369 288/337/369 289/323/369
f 286/333/370 300/339/370 301/340/370
f 278/331/371 294/341/371 279/334/371
f 287/335/372 301/340/372 302/342/372
f 279/334/373 295/343/373 280/336/373
f 288/337/374 302/342/374 303/344/374
f 280/336/375 296/345/376 281/338/376
f 289/323/377 303/344/377 304/346/377
f 281/338/378 297/347/378 282/322/378
f 290/324/379 304/346/380 305/348/379
f 282/322/381 298/349/381 283/325/381
f 291/326/382 305/348/382 306/350/382
f 283/325/383 299/351/383 284/327/383
f 292/328/384 306/350/384 307/352/384
f 284/327/385 300/339/385 285/329/385
f 278/331/386 82/353/386 293/354/386
f 308/355/387 292/328/387 307/352/387
f 305/348/388 320/356/388 321/357/388
f 297/347/389 314/358/389 298/349/389
f 306/350/390 321/357/390 322/359/390
f 298/349/391 315/360/391 299/351/391
f 307/352/392 322/359/392 323/361/392
f 299/351/393 316/362/393 300/339/393
f 293/354/394 82/363/394 309/364/394
f 308/365/395 307/352/395 323/361/395
f 301/340/396 316/362/396 317/366/396
f 293/354/397 310/367/397 294/341/397
f 302/342/398 317/366/398 318/368/398
f 294/341/399 311/369/400 295/343/400
f 303/344/401 318/368/401 319/370/401
f 295/343/402 312/371/402 296/345/402
f 304/346/403 319/370/403 320/356/404
f 296/345/405 313/372/406 297/347/406
f 309/364/407 325/373/407 310/367/407
f 318/368/408 332/374/408 333/375/408
f 310/367/409 326/376/409 311/369/409
f 319/370/410 333/375/410 334/377/410
f 311/369/411 327/378/411 312/371/411
f 320/356/412 334/377/412 335/379/412
f 312/371/413 328/380/413 313/372/413
f 321/357/414 335/379/414 336/381/414
f 313/372/415 329/382/415 314/358/415
f 322/359/416 336/381/416 337/383/416
f 314/358/417 330/384/417 315/360/417
f 323/361/418 337/383/418 338/385/418
f 315/360/419 331/386/419 316/362/419
f 309/364/420 82/387/420 324/388/420
f 308/389/421 323/361/421 338/385/421
f 317/366/422 331/386/422 332/374/422
f 328/380/423 344/390/424 329/382/424
f 337/383/425 351/391/425 352/392/425
f 329/382/426 345/393/426 330/384/426
f 338/385/427 352/392/427 353/394/427
f 330/384/428 346/395/428 331/386/428
f 324/388/429 82/396/429 339/397/429
f 308/398/430 338/385/430 353/394/430
f 332/374/431 346/395/431 347/399/432
f 324/388/433 340/400/433 325/373/433
f 333/375/434 347/399/434 348/401/434
f 325/373/435 341/402/435 326/376/435
f 334/377/436 348/401/437 349/403/436
f 326/376/438 342/404/439 327/378/439
f 335/379/440 349/403/440 350/405/440
f 327/378/441 343/406/441 328/380/441
f 336/381/442 350/405/443 351/391/442
f 348/401/444 362/407/444 363/408/444
f 340/400/445 356/409/445 341/402/445
f 349/403/446 363/408/446 364/410/446
f 341/402/447 357/411/447 342/404/447
f 350/405/448 364/410/448 365/412/448
f 342/404/449 358/413/449 343/406/450
f 351/391/451 365/412/451 366/414/451
f 343/406/452 359/415/452 344/390/452
f 352/392/453 366/414/454 367/416/455
f 344/390/456 360/417/456 345/393/456
f 353/394/457 367/416/457 368/418/458
f 345/393/459 361/419/459 346/395/459
f 339/397/460 82/420/460 354/421/460
f 308/422/461 353/394/461 368/418/461
f 347/399/462 361/419/462 362/407/462
f 339/397/463 355/423/464 340/400/464
f 366/424/465 382/425/465 367/426/466
f 360/427/467 374/428/467 375/429/467
f 367/426/468 383/430/468 368/431/468
f 361/432/469 375/429/469 376/433/469
f 354/434/470 82/435/470 369/436/470
f 308/437/471 368/431/471 383/430/471
f 361/432/472 377/438/472 362/439/472
f 355/440/473 369/436/473 370/441/473
f 362/439/474 378/442/474 363/443/474
f 356/444/475 370/441/475 371/445/475
f 363/443/476 379/446/476 364/447/476
f 357/448/477 371/445/477 372/449/477
f 364/447/478 380/450/478 365/451/478
f 358/452/479 372/449/479 373/453/479
f 365/451/480 381/454/480 366/424/480
f 359/455/481 373/453/481 374/428/481
f 378/442/482 394/456/482 379/446/483
f 372/449/484 386/457/484 387/458/484
f 379/446/485 395/459/485 380/450/485
f 373/453/486 387/458/486 388/460/486
f 380/450/487 396/461/487 381/454/487
f 374/428/488 388/460/488 389/462/488
f 381/454/489 397/463/489 382/425/489
f 375/429/490 389/462/490 390/464/490
f 382/425/491 398/465/492 383/430/492
f 376/433/493 390/464/493 391/466/493
f 369/436/494 82/467/494 384/468/494
f 308/469/495 383/430/495 398/465/495
f 376/433/496 392/470/496 377/438/496
f 370/441/497 384/468/498 385/471/497
f 377/438/499 393/472/499 378/442/499
f 371/445/500 385/471/500 386/457/500
f 397/463/501 413/473/501 398/465/501
f 391/466/502 405/474/502 406/475/502
f 384/468/503 82/476/503 399/477/503
f 308/478/504 398/465/504 413/473/504
f 391/466/505 407/479/505 392/470/505
f 385/471/506 399/477/506 400/480/506
f 392/470/507 408/481/507 393/472/507
f 386/457/508 400/480/508 401/482/508
f 393/472/509 409/483/509 394/456/509
f 387/458/510 401/482/510 402/484/510
f 394/456/511 410/485/511 395/459/511
f 388/460/512 402/484/512 403/486/512
f 395/459/513 411/487/513 396/461/513
f 389/462/514 403/486/514 404/488/514
f 396/461/515 412/489/515 397/463/515
f 390/464/516 404/488/516 405/474/516
f 402/484/517 416/490/518 417/491/517
f 409/483/519 425/492/519 410/485/520
f 403/486/521 417/491/521 418/493/521
f 410/485/522 426/494/522 411/487/523
f 404/488/524 418/493/524 419/495/524
f 411/487/525 427/496/526 412/489/526
f 405/474/527 419/495/527 420/497/527
f 412/489/528 428/498/529 413/473/529
f 406/475/530 420/497/530 421/499/530
f 399/477/531 82/500/531 414/501/531
f 308/502/532 413/473/532 428/498/532
f 406/475/533 422/503/533 407/479/533
f 400/480/534 414/501/535 415/504/536
f 407/479/537 423/505/537 408/481/538
f 401/482/539 415/504/540 416/490/539
f 408/481/541 424/506/541 409/483/541
f 421/499/542 435/507/542 436/508/543
f 414/501/544 82/509/544 429/510/544
f 308/511/545 428/498/545 443/512/545
f 421/499/546 437/513/546 422/503/546
f 415/504/547 429/510/547 430/514/547
f 422/503/548 438/515/548 423/505/549
f 416/490/550 430/514/550 431/516/550
f 423/505/551 439/517/551 424/506/552
f 417/491/553 431/516/553 432/518/553
f 424/506/554 440/519/554 425/492/554
f 418/493/555 432/518/555 433/520/555
f 425/492/556 441/521/556 426/494/556
f 419/495/557 433/520/557 434/522/558
f 426/494/559 442/523/559 427/496/559
f 420/497/560 434/522/560 435/507/560
f 427/496/561 443/512/561 428/498/561
f 439/517/562 455/524/562 440/519/562
f 433/520/563 447/525/563 448/526/564
f 440/519/565 456/527/565 441/521/566
f 434/522/567 448/526/567 449/528/567
f 441/521/568 457/529/568 442/523/568
f 435/507/569 449/528/569 450/530/569
f 442/523/570 458/531/571 443/512/571
f 436/508/572 450/530/572 451/532/572
f 429/510/573 82/533/573 444/534/573
f 308/535/574 443/512/574 458/531/574
f 436/508/575 452/536/575 437/513/575
f 430/514/576 444/534/577 445/537/576
f 437/513/578 453/538/578 438/515/578
f 431/516/579 445/537/579 446/539/579
f 438/515/580 454/540/580 439/517/580
f 432/518/581 446/539/581 447/525/581
f 444/534/582 82/541/582 459/542/582
f 308/543/583 458/531/583 473/544/583
f 451/532/584 467/545/584 452/536/584
f 445/537/585 459/542/586 460/546/587
f 452/536/588 468/547/588 453/538/588
f 446/539/589 460/546/589 461/548/589
f 453/538/590 469/549/590 454/540/590
f 447/525/591 461/548/591 462/550/591
f 454/540/592 470/551/592 455/524/592
f 448/526/593 462/550/593 463/552/594
f 455/524/595 471/553/595 456/527/596
f 449/528/597 463/552/597 464/554/597
f 456/527/598 472/555/598 457/529/598
f 450/530/599 464/554/599 465/556/599
f 457/529/600 473/544/601 458/531/601
f 451/532/602 465/556/602 466/557/603
f 463/552/604 476/4/604 2/6/604
f 470/551/605 480/7/605 471/553/605
f 464/554/606 2/6/606 477/10/607
f 471/553/608 481/11/608 472/555/608
f 465/556/609 477/10/610 3/14/609
f 472/555/611 482/15/612 473/544/612
f 466/557/613 3/14/613 4/18/613
f 459/542/614 82/558/614 474/19/614
f 308/559/615 473/544/615 482/15/615
f 466/557/616 5/23/616 467/545/617
f 460/546/618 474/19/619 475/26/618
f 467/545/620 478/27/620 468/547/620
f 461/548/621 475/26/621 1/30/621
f 468/547/622 6/31/622 469/549/622
f 462/550/623 1/30/623 476/4/624
f 469/549/625 479/1/625 470/551/626
f 479/1/1 6/31/1 17/2/1
f 476/4/2 10/32/2 11/5/2
f 480/7/3 479/1/3 18/3/3
f 2/6/4 11/5/4 12/9/4
f 481/11/5 480/7/5 19/8/5
f 477/10/6 12/9/6 13/13/6
f 482/15/7 481/11/7 20/12/7
f 3/14/8 13/13/627 14/17/8
f 5/23/11 4/18/11 14/17/11
f 474/19/12 7/21/12 8/25/12
f 478/27/13 5/23/13 15/24/13
f 475/26/14 8/25/14 9/29/14
f 6/31/15 478/27/15 16/28/15
f 1/30/16 9/29/16 10/32/16
f 17/2/17 16/28/17 31/33/17
f 9/29/18 24/49/18 25/35/18
f 18/3/19 17/2/628 32/34/19
f 10/32/20 25/35/20 26/37/20
f 19/8/21 18/3/21 33/36/21
f 11/5/22 26/37/22 27/39/22
f 20/12/23 19/8/23 34/38/23
f 12/9/24 27/39/24 28/41/24
f 21/16/25 20/12/26 35/40/26
f 13/13/27 28/41/629 29/43/27
f 15/24/30 14/17/31 29/43/31
f 7/21/32 22/45/630 23/48/33
f 16/28/34 15/24/34 30/47/34
f 8/25/35 23/48/35 24/49/35
f 36/42/36 35/40/37 50/50/37
f 28/41/38 43/66/38 44/52/38
f 30/47/42 29/43/631 44/52/42
f 22/45/43 37/54/43 38/57/44
f 31/33/45 30/47/45 45/56/45
f 23/48/46 38/57/46 39/59/46
f 32/34/47 31/33/47 46/58/47
f 24/49/48 39/59/48 40/61/48
f 33/36/50 32/34/50 47/60/50
f 25/35/51 40/61/51 41/63/51
f 34/38/52 33/36/632 48/62/52
f 26/37/53 41/63/53 42/65/53
f 35/40/54 34/38/55 49/64/55
f 27/39/56 42/65/56 43/66/56
f 39/59/57 54/83/57 55/67/57
f 48/62/58 47/60/58 62/68/58
f 40/61/59 55/67/59 56/70/59
f 49/64/60 48/62/60 63/69/60
f 41/63/61 56/70/61 57/72/62
f 50/50/63 49/64/63 64/71/63
f 42/65/64 57/72/64 58/74/64
f 51/51/65 50/50/65 65/73/65
f 43/66/66 58/74/66 59/76/66
f 45/56/69 44/52/69 59/76/69
f 37/54/70 52/78/70 53/81/70
f 46/58/71 45/56/71 60/80/71
f 38/57/72 53/81/633 54/83/72
f 47/60/73 46/58/74 61/82/74
f 58/74/75 73/100/75 74/84/75
f 60/80/78 59/76/78 74/84/78
f 52/78/79 67/86/79 68/90/80
f 61/82/81 60/80/81 75/89/81
f 53/81/82 68/90/82 69/92/83
f 62/68/84 61/82/84 76/91/84
f 54/83/85 69/92/634 70/94/85
f 63/69/86 62/68/86 77/93/86
f 55/67/87 70/94/87 71/96/87
f 64/71/88 63/69/89 78/95/89
f 56/70/90 71/96/90 72/98/90
f 65/73/91 64/71/91 79/97/91
f 57/72/92 72/98/92 73/100/92
f 66/75/93 65/73/93 80/99/93
f 78/95/94 77/93/94 93/101/94
f 70/94/95 86/117/95 87/103/95
f 79/97/96 78/95/96 94/102/96
f 71/96/98 87/103/98 88/105/98
f 80/99/99 79/97/99 95/104/99
f 72/98/100 88/105/100 89/107/100
f 81/88/101 80/99/635 96/106/101
f 73/100/102 89/107/102 90/109/102
f 75/89/105 74/84/105 90/109/105
f 67/86/106 83/111/106 84/114/106
f 76/91/107 75/89/107 91/113/107
f 68/90/108 84/114/108 85/116/109
f 77/93/110 76/91/110 92/115/110
f 69/92/111 85/116/636 86/117/111
f 91/113/113 90/109/113 105/120/113
f 83/111/114 98/134/114 99/122/114
f 92/115/115 91/113/115 106/121/115
f 84/114/116 99/122/116 100/124/116
f 93/101/117 92/115/637 107/123/118
f 85/116/119 100/124/119 101/126/119
f 94/102/120 93/101/120 108/125/120
f 86/117/121 101/126/121 102/128/121
f 95/104/122 94/102/122 109/127/122
f 87/103/123 102/128/123 103/130/124
f 96/106/126 95/104/126 110/129/126
f 88/105/127 103/130/127 104/132/127
f 97/108/128 96/106/128 111/131/128
f 89/107/129 104/132/129 105/120/129
f 110/129/131 109/127/131 124/135/131
f 102/128/132 117/151/638 118/137/132
f 111/131/133 110/129/134 125/136/134
f 103/130/135 118/137/639 119/139/135
f 112/119/136 111/131/136 126/138/136
f 104/132/138 119/139/138 120/141/138
f 106/121/141 105/120/141 120/141/141
f 98/134/142 113/143/142 114/146/143
f 107/123/144 106/121/144 121/145/144
f 99/122/146 114/146/640 115/148/146
f 108/125/147 107/123/147 122/147/147
f 100/124/149 115/148/149 116/150/149
f 109/127/150 108/125/641 123/149/150
f 101/126/151 116/150/151 117/151/151
f 114/146/153 113/143/153 128/152/153
f 121/145/154 136/168/642 137/154/154
f 115/148/155 114/146/155 129/153/155
f 122/147/156 137/154/156 138/156/156
f 116/150/158 115/148/158 130/155/158
f 123/149/159 138/156/643 139/158/159
f 117/151/160 116/150/160 131/157/160
f 124/135/162 139/158/162 140/160/162
f 118/137/163 117/151/644 132/159/163
f 125/136/164 140/160/164 141/162/164
f 119/139/166 118/137/166 133/161/166
f 126/138/167 141/162/645 142/164/167
f 120/141/168 119/139/168 134/163/168
f 120/141/171 135/165/171 136/168/171
f 133/161/172 132/159/172 147/169/172
f 140/160/173 155/185/173 156/171/173
f 134/163/174 133/161/174 148/170/174
f 141/162/175 156/171/175 157/173/175
f 135/165/177 134/163/177 149/172/177
f 135/165/180 150/174/180 151/178/180
f 129/153/181 128/152/182 143/176/182
f 136/168/183 151/178/183 152/180/183
f 130/155/184 129/153/184 144/179/184
f 137/154/185 152/180/185 153/182/185
f 131/157/186 130/155/186 145/181/186
f 138/156/187 153/182/187 154/184/187
f 132/159/188 131/157/188 146/183/188
f 139/158/189 154/184/189 155/185/189
f 151/178/190 166/202/190 167/186/190
f 145/181/191 144/179/191 159/187/191
f 152/180/192 167/186/192 168/189/192
f 146/183/193 145/181/193 160/188/193
f 153/182/194 168/189/194 169/191/194
f 147/169/195 146/183/195 161/190/195
f 154/184/196 169/191/196 170/193/196
f 148/170/197 147/169/197 162/192/197
f 155/185/198 170/193/646 171/195/198
f 149/172/199 148/170/199 163/194/199
f 156/171/200 171/195/200 172/197/200
f 150/174/201 149/172/202 164/196/202
f 150/174/205 165/198/205 166/202/205
f 144/179/207 143/176/207 158/200/207
f 170/193/208 185/219/647 186/203/208
f 164/196/209 163/194/209 178/204/209
f 171/195/210 186/203/210 187/206/210
f 165/198/211 164/196/211 179/205/211
f 165/198/214 180/207/214 181/211/214
f 159/187/215 158/200/215 173/209/215
f 166/202/216 181/211/216 182/213/216
f 160/188/217 159/187/217 174/212/217
f 167/186/219 182/213/219 183/215/219
f 161/190/220 160/188/220 175/214/220
f 168/189/221 183/215/648 184/217/221
f 162/192/223 161/190/223 176/216/223
f 169/191/225 184/217/649 185/219/225
f 163/194/226 162/192/226 177/218/226
f 175/214/227 174/212/227 189/220/227
f 182/213/228 197/236/228 198/222/228
f 176/216/229 175/214/229 190/221/229
f 183/215/230 198/222/230 199/224/230
f 177/218/232 176/216/650 191/223/232
f 184/217/233 199/224/233 200/226/233
f 178/204/234 177/218/234 192/225/234
f 185/219/235 200/226/235 201/228/236
f 179/205/237 178/204/651 193/227/237
f 186/203/238 201/228/238 202/230/238
f 180/207/239 179/205/239 194/229/239
f 180/207/242 195/231/242 196/235/242
f 174/212/243 173/209/244 188/233/244
f 181/211/245 196/235/245 197/236/245
f 194/229/247 193/227/247 208/237/247
f 201/228/248 216/253/248 217/239/248
f 195/231/250 194/229/250 209/238/250
f 195/231/253 210/240/253 211/244/253
f 189/220/254 188/233/255 203/242/255
f 196/235/256 211/244/256 212/246/256
f 190/221/257 189/220/257 204/245/257
f 197/236/258 212/246/258 213/248/258
f 191/223/260 190/221/260 205/247/260
f 198/222/261 213/248/652 214/250/261
f 192/225/262 191/223/262 206/249/262
f 199/224/264 214/250/264 215/252/264
f 193/227/265 192/225/653 207/251/265
f 200/226/266 215/252/654 216/253/267
f 212/246/268 227/270/268 228/254/268
f 206/249/269 205/247/269 220/255/269
f 213/248/270 228/254/655 229/257/270
f 207/251/271 206/249/271 221/256/271
f 214/250/273 229/257/273 230/259/273
f 208/237/274 207/251/274 222/258/274
f 215/252/275 230/259/275 231/261/275
f 209/238/276 208/237/276 223/260/276
f 216/253/277 231/261/277 232/263/278
f 210/240/279 209/238/279 224/262/279
f 210/240/283 225/264/656 226/268/283
f 204/245/284 203/242/285 218/266/285
f 211/244/286 226/268/286 227/270/286
f 205/247/288 204/245/288 219/269/288
f 231/261/289 246/287/289 247/271/290
f 225/264/291 224/262/292 239/272/292
f 225/264/296 240/273/657 241/277/296
f 219/269/297 218/266/298 233/275/298
f 226/268/299 241/277/299 242/279/299
f 220/255/300 219/269/300 234/278/300
f 227/270/301 242/279/658 243/281/301
f 221/256/302 220/255/302 235/280/302
f 228/254/303 243/281/303 244/283/303
f 222/258/305 221/256/659 236/282/305
f 229/257/306 244/283/306 245/285/306
f 223/260/307 222/258/307 237/284/307
f 230/259/309 245/285/309 246/287/309
f 224/262/310 223/260/310 238/286/310
f 244/283/311 243/281/311 258/288/311
f 236/282/312 251/304/312 252/290/312
f 245/285/313 244/283/313 259/289/313
f 237/284/314 252/290/314 253/292/314
f 246/287/315 245/285/315 260/291/315
f 238/286/316 253/292/316 254/294/316
f 247/271/317 246/287/317 261/293/317
f 239/272/318 254/294/318 255/296/318
f 241/277/322 240/273/660 255/296/322
f 233/275/323 248/298/323 249/301/323
f 242/279/324 241/277/324 256/300/324
f 234/278/325 249/301/325 250/303/325
f 243/281/326 242/279/326 257/302/326
f 235/280/327 250/303/327 251/304/327
f 256/300/330 255/296/330 270/309/330
f 248/298/332 263/306/332 264/311/333
f 257/302/334 256/300/334 271/310/334
f 249/301/335 264/311/335 265/313/335
f 258/288/336 257/302/336 272/312/336
f 250/303/337 265/313/337 266/315/337
f 259/289/338 258/288/661 273/314/338
f 251/304/339 266/315/339 267/317/339
f 260/291/340 259/289/340 274/316/340
f 252/290/341 267/317/341 268/319/341
f 261/293/342 260/291/342 275/318/342
f 253/292/343 268/319/343 269/321/343
f 262/295/344 261/293/345 276/320/345
f 254/294/346 269/321/662 270/309/346
f 266/315/347 281/338/347 282/322/347
f 275/318/349 274/316/349 289/323/349
f 267/317/350 282/322/350 283/325/350
f 276/320/351 275/318/663 290/324/352
f 268/319/354 283/325/354 284/327/354
f 277/308/355 276/320/356 291/326/356
f 269/321/357 284/327/357 285/329/358
f 271/310/361 270/309/664 285/329/361
f 263/306/362 278/331/362 279/334/363
f 272/312/364 271/310/364 286/333/364
f 264/311/365 279/334/365 280/336/366
f 273/314/367 272/312/367 287/335/367
f 265/313/368 280/336/368 281/338/368
f 274/316/369 273/314/369 288/337/369
f 286/333/370 285/329/370 300/339/370
f 278/331/371 293/354/371 294/341/371
f 287/335/372 286/333/372 301/340/372
f 279/334/373 294/341/665 295/343/373
f 288/337/374 287/335/374 302/342/374
f 280/336/375 295/343/375 296/345/376
f 289/323/377 288/337/377 303/344/377
f 281/338/378 296/345/378 297/347/378
f 290/324/379 289/323/380 304/346/380
f 282/322/381 297/347/381 298/349/381
f 291/326/382 290/324/382 305/348/382
f 283/325/383 298/349/383 299/351/383
f 292/328/384 291/326/384 306/350/384
f 284/327/385 299/351/385 300/339/385
f 305/348/388 304/346/388 320/356/388
f 297/347/389 313/372/389 314/358/389
f 306/350/390 305/348/390 321/357/390
f 298/349/391 314/358/391 315/360/391
f 307/352/392 306/350/392 322/359/392
f 299/351/393 315/360/393 316/362/393
f 301/340/396 300/339/396 316/362/396
f 293/354/397 309/364/397 310/367/397
f 302/342/398 301/340/398 317/366/398
f 294/341/399 310/367/399 311/369/400
f 303/344/401 302/342/401 318/368/401
f 295/343/402 311/369/402 312/371/402
f 304/346/403 303/344/403 319/370/403
f 296/345/405 312/371/666 313/372/406
f 309/364/407 324/388/407 325/373/407
f 318/368/408 317/366/408 332/374/408
f 310/367/409 325/373/667 326/376/409
f 319/370/410 318/368/410 333/375/410
f 311/369/411 326/376/411 327/378/411
f 320/356/412 319/370/412 334/377/412
f 312/371/413 327/378/413 328/380/413
f 321/357/414 320/356/414 335/379/414
f 313/372/415 328/380/415 329/382/415
f 322/359/416 321/357/416 336/381/416
f 314/358/417 329/382/417 330/384/417
f 323/361/418 322/359/418 337/383/418
f 315/360/419 330/384/419 331/386/419
f 317/366/422 316/362/422 331/386/422
f 328/380/423 343/406/668 344/390/424
f 337/383/425 336/381/425 351/391/425
f 329/382/426 344/390/426 345/393/426
f 338/385/427 337/383/427 352/392/427
f 330/384/428 345/393/669 346/395/428
f 332/374/431 331/386/431 346/395/431
f 324/388/433 339/397/433 340/400/433
f 333/375/434 332/374/434 347/399/434
f 325/373/435 340/400/435 341/402/435
f 334/377/436 333/375/437 348/401/437
f 326/376/438 341/402/438 342/404/439
f 335/379/440 334/377/440 349/403/440
f 327/378/441 342/404/441 343/406/441
f 336/381/442 335/379/443 350/405/443
f 348/401/444 347/399/670 362/407/444
f 340/400/445 355/423/671 356/409/445
f 349/403/446 348/401/446 363/408/446
f 341/402/447 356/409/447 357/411/447
f 350/405/448 349/403/672 364/410/448
f 342/404/449 357/411/449 358/413/449
f 351/391/451 350/405/451 365/412/451
f 343/406/452 358/413/452 359/415/452
f 352/392/453 351/391/454 366/414/454
f 344/390/456 359/415/456 360/417/456
f 353/394/457 352/392/457 367/416/457
f 345/393/459 360/417/459 361/419/459
f 347/399/462 346/395/462 361/419/462
f 339/397/463 354/421/463 355/423/464
f 366/424/465 381/454/465 382/425/465
f 360/427/467 359/455/467 374/428/467
f 367/426/468 382/425/468 383/430/468
f 361/432/469 360/427/469 375/429/469
f 361/432/472 376/433/472 377/438/472
f 355/440/473 354/434/473 369/436/473
f 362/439/474 377/438/673 378/442/474
f 356/444/475 355/440/475 370/441/475
f 363/443/476 378/442/476 379/446/476
f 357/448/477 356/444/477 371/445/477
f 364/447/478 379/446/478 380/450/478
f 358/452/479 357/448/479 372/449/479
f 365/451/480 380/450/480 381/454/480
f 359/455/481 358/452/481 373/453/481
f 378/442/482 393/472/482 394/456/482
f 372/449/484 371/445/484 386/457/484
f 379/446/485 394/456/485 395/459/485
f 373/453/486 372/449/486 387/458/486
f 380/450/487 395/459/487 396/461/487
f 374/428/488 373/453/674 388/460/488
f 381/454/489 396/461/489 397/463/489
f 375/429/490 374/428/490 389/462/490
f 382/425/491 397/463/491 398/465/492
f 376/433/493 375/429/493 390/464/493
f 376/433/496 391/466/496 392/470/496
f 370/441/497 369/436/498 384/468/498
f 377/438/499 392/470/499 393/472/499
f 371/445/500 370/441/500 385/471/500
f 397/463/501 412/489/501 413/473/501
f 391/466/502 390/464/502 405/474/502
f 391/466/505 406/475/505 407/479/505
f 385/471/506 384/468/506 399/477/506
f 392/470/507 407/479/507 408/481/507
f 386/457/508 385/471/508 400/480/508
f 393/472/509 408/481/509 409/483/509
f 387/458/510 386/457/510 401/482/510
f 394/456/511 409/483/511 410/485/511
f 388/460/512 387/458/512 402/484/512
f 395/459/513 410/485/675 411/487/513
f 389/462/514 388/460/514 403/486/514
f 396/461/515 411/487/515 412/489/515
f 390/464/516 389/462/516 404/488/516
f 402/484/517 401/482/518 416/490/518
f 409/483/519 424/506/519 425/492/519
f 403/486/521 402/484/676 417/491/521
f 410/485/522 425/492/522 426/494/522
f 404/488/524 403/486/524 418/493/524
f 411/487/525 426/494/525 427/496/526
f 405/474/527 404/488/527 419/495/527
f 412/489/528 427/496/677 428/498/529
f 406/475/530 405/474/530 420/497/530
f 406/475/533 421/499/533 422/503/533
f 400/480/534 399/477/535 414/501/535
f 407/479/537 422/503/537 423/505/537
f 401/482/539 400/480/540 415/504/540
f 408/481/541 423/505/541 424/506/541
f 421/499/542 420/497/542 435/507/542
f 421/499/546 436/508/678 437/513/546
f 415/504/547 414/501/547 429/510/547
f 422/503/548 437/513/548 438/515/548
f 416/490/550 415/504/550 430/514/550
f 423/505/551 438/515/679 439/517/551
f 417/491/553 416/490/553 431/516/553
f 424/506/554 439/517/554 440/519/554
f 418/493/555 417/491/555 432/518/555
f 425/492/556 440/519/556 441/521/556
f 419/495/557 418/493/680 433/520/557
f 426/494/559 441/521/559 442/523/559
f 420/497/560 419/495/681 434/522/560
f 427/496/561 442/523/682 443/512/561
f 439/517/562 454/540/683 455/524/562
f 433/520/563 432/518/563 447/525/563
f 440/519/565 455/524/565 456/527/565
f 434/522/567 433/520/567 448/526/567
f 441/521/568 456/527/568 457/529/568
f 435/507/569 434/522/569 449/528/569
f 442/523/570 457/529/570 458/531/571
f 436/508/572 435/507/572 450/530/572
f 436/508/575 451/532/575 452/536/575
f 430/514/576 429/510/577 444/534/577
f 437/513/578 452/536/578 453/538/578
f 431/516/579 430/514/579 445/537/579
f 438/515/580 453/538/580 454/540/580
f 432/518/581 431/516/684 446/539/581
f 451/532/584 466/557/685 467/545/584
f 445/537/585 444/534/586 459/542/586
f 452/536/588 467/545/588 468/547/588
f 446/539/589 445/537/686 460/546/589
f 453/538/590 468/547/590 469/549/590
f 447/525/591 446/539/687 461/548/591
f 454/540/592 469/549/688 470/551/592
f 448/526/593 447/525/593 462/550/593
f 455/524/595 470/551/595 471/553/595
f 449/528/597 448/526/597 463/552/597
f 456/527/598 471/553/598 472/555/598
f 450/530/599 449/528/599 464/554/599
f 457/529/600 472/555/689 473/544/601
f 451/532/602 450/530/602 465/556/602
f 463/552/604 462/550/690 476/4/604
f 470/551/605 479/1/691 480/7/605
f 464/554/606 463/552/606 2/6/606
f 471/553/608 480/7/692 481/11/608
f 465/556/609 464/554/610 477/10/610
f 472/555/611 481/11/611 482/15/612
f 466/557/613 465/556/693 3/14/613
f 466/557/616 4/18/616 5/23/616
f 460/546/618 459/542/619 474/19/619
f 467/545/620 5/23/694 478/27/620
f 461/548/621 460/546/621 475/26/621
f 468/547/622 478/27/695 6/31/622
f 462/550/623 461/548/623 1/30/623
f 469/549/625 6/31/625 479/1/625
o 球.001
v -0.307307 1.321339 2.775678
v -0.522532 2.343235 3.010766
v -0.696341 2.285181 2.905745
v -0.855663 2.190171 2.793601
v -0.995066 2.061860 2.687479
v -1.109815 1.905176 2.599338
v -1.196156 1.726143 2.540955
v -1.251166 1.531640 2.519535
v -1.271307 1.329141 2.517864
v -1.256534 1.126430 2.545199
v -1.208254 0.931294 2.611243
v -1.127883 0.751234 2.707824
v -1.017956 0.593168 2.824186
v -0.882058 0.463173 2.947733
v -0.724742 0.366242 3.065183
v -0.551390 0.306103 3.163579
v -0.509677 2.342984 3.004035
v -0.671229 2.284688 2.893859
v -0.819298 2.189457 2.777525
v -0.948632 2.060950 2.665085
v -1.054895 1.904107 2.568942
v -1.134678 1.724954 2.501394
v -1.185527 1.530378 2.472808
v -1.204498 1.327855 2.471676
v -1.191374 1.125168 2.504565
v -1.147227 0.930105 2.577423
v -1.073232 0.750164 2.680846
v -0.971627 0.592259 2.803141
v -0.845679 0.462458 2.931462
v -0.699616 0.365750 3.053126
v -0.538488 0.305852 3.156240
v -0.490328 2.342701 3.000977
v -0.633484 2.284133 2.890510
v -0.764631 2.188651 2.774330
v -0.878906 2.059924 2.659148
v -0.972509 1.902900 2.556928
v -1.042537 1.723614 2.480401
v -1.087011 1.528955 2.441611
v -1.104334 1.326404 2.443466
v -1.093667 1.123745 2.483673
v -1.055679 0.928765 2.563987
v -0.991203 0.748958 2.673382
v -0.902040 0.591233 2.798964
v -0.790982 0.461652 2.927907
v -0.661802 0.365195 3.048893
v -0.519044 0.305569 3.151972
v -0.465213 2.342397 3.001510
v -0.584541 2.283536 2.895660
v -0.693744 2.187785 2.783947
v -0.788619 2.058822 2.670547
v -0.865985 1.901604 2.565760
v -0.923548 1.722174 2.482265
v -0.959918 1.527426 2.433721
v -0.974938 1.324845 2.437811
v -0.967393 1.122216 2.486212
v -0.937268 0.927325 2.573222
v -0.884995 0.747662 2.686239
v -0.811834 0.590131 2.811395
v -0.720006 0.460786 2.936384
v -0.612685 0.364598 3.051846
v -0.493780 0.305265 3.150614
v -0.435275 2.342084 3.005343
v -0.526183 2.282921 2.907861
v -0.609294 2.186892 2.805109
v -0.681199 2.057685 2.698330
v -0.739441 1.900268 2.595473
v -0.782399 1.720689 2.508384
v -0.809559 1.525850 2.454901
v -0.821503 1.323238 2.457722
v -0.817474 1.120640 2.512963
v -0.796539 0.925840 2.604695
v -0.758606 0.746325 2.717903
v -0.704340 0.588994 2.838231
v -0.635320 0.459893 2.954557
v -0.554021 0.363983 3.060155
v -0.463634 0.304951 3.151812
v -0.401640 2.341773 3.012015
v -0.460573 2.282311 2.925602
v -0.514379 2.186006 2.835173
v -0.560582 2.056558 2.738940
v -0.597519 1.898942 2.642088
v -0.624297 1.719216 2.555006
v -0.641515 1.524286 2.501769
v -0.649994 1.321644 2.503320
v -0.649292 1.119076 2.558097
v -0.638375 0.924367 2.650499
v -0.616299 0.745000 2.759623
v -0.583172 0.587867 2.871831
v -0.539838 0.459007 2.977388
v -0.487941 0.363373 3.071911
v -0.429734 0.304640 3.155095
v -0.365564 2.341476 3.020785
v -0.390089 2.281730 2.946413
v -0.412312 2.185162 2.868675
v -0.430793 2.055484 2.783086
v -0.444797 1.897679 2.692635
v -0.454270 1.717812 2.606963
v -0.460888 1.522796 2.555310
v -0.465620 1.320125 2.555270
v -0.468127 1.117586 2.604783
v -0.467824 0.922964 2.695795
v -0.462804 0.743736 2.800332
v -0.452516 0.586792 2.904952
v -0.436978 0.458163 3.000785
v -0.416865 0.362792 3.085173
v -0.393349 0.304344 3.159945
v -0.328403 2.341206 3.030941
v -0.317295 2.281199 2.967619
v -0.306698 2.184392 2.900329
v -0.296339 2.054503 2.822958
v -0.286531 1.896526 2.737421
v -0.278152 1.716532 2.653366
v -0.273714 1.521436 2.601927
v -0.274566 1.318738 2.600077
v -0.280456 1.116226 2.645074
v -0.290989 0.921683 2.733079
v -0.303620 0.742584 2.833429
v -0.317083 0.585812 2.932357
v -0.330487 0.457393 3.021276
v -0.343429 0.362261 3.098218
v -0.355857 0.304073 3.165902
v -0.291572 2.340972 3.041942
v -0.244919 2.280740 2.987563
v -0.201449 2.183725 2.927012
v -0.162176 2.053655 2.854308
v -0.128564 1.895528 2.771640
v -0.102415 1.715423 2.688680
v -0.086913 1.520259 2.636358
v -0.083929 1.317538 2.632942
v -0.093394 1.115049 2.676193
v -0.114638 0.920574 2.760565
v -0.144848 0.741586 2.857397
v -0.182068 0.584963 2.952859
v -0.224454 0.456726 3.037985
v -0.270438 0.361802 3.110313
v -0.318705 0.303839 3.172805
v -0.256488 2.340783 3.053373
v -0.175743 2.280370 3.005438
v -0.100634 2.183187 2.948053
v -0.033532 2.052971 2.876872
v 0.022916 1.894724 2.795487
v 0.066013 1.714529 2.713738
v 0.092136 1.519310 2.659824
v 0.098753 1.316570 2.655260
v 0.085701 1.114100 2.699058
v 0.054316 0.919680 2.778923
v 0.007296 0.740781 2.872796
v -0.052768 0.584279 2.967054
v -0.123096 0.456189 3.052128
v -0.200898 0.361432 3.123561
v -0.283375 0.303650 3.181105
v -0.224516 2.340646 3.065004
v -0.112522 2.280102 3.021827
v -0.008348 2.182799 2.965416
v 0.084315 2.052477 2.894012
v 0.161662 1.894143 2.813456
v 0.220117 1.713884 2.734512
v 0.255911 1.518625 2.679590
v 0.265770 1.315872 2.674997
v 0.249445 1.113415 2.719228
v 0.208918 0.919035 2.793357
v 0.146522 0.740201 2.884659
v 0.065469 0.583785 2.979239
v -0.030508 0.455801 3.065640
v -0.137445 0.361164 3.137005
v -0.251240 0.303514 3.190666
v -0.196916 2.340568 3.076797
v -0.057822 2.279949 3.037802
v 0.071536 2.182576 2.982622
v 0.186261 2.052193 2.912426
v 0.281541 1.893809 2.835053
v 0.353041 1.713512 2.762054
v 0.396910 1.518231 2.710264
v 0.409446 1.315470 2.707352
v 0.390515 1.113021 2.748998
v 0.342239 0.918663 2.815840
v 0.266699 0.739866 2.902473
v 0.167620 0.583501 2.995060
v 0.049511 0.455577 3.081109
v -0.082632 0.361011 3.151537
v -0.223517 0.303436 3.200884
v -0.174787 2.340551 3.088767
v -0.013909 2.279914 3.054854
v 0.135617 2.182526 3.003200
v 0.267953 2.052129 2.936935
v 0.377457 1.893734 2.865687
v 0.459211 1.713429 2.801263
v 0.509241 1.518143 2.756725
v 0.523861 1.315380 2.756193
v 0.503173 1.112933 2.791294
v 0.448834 0.918580 2.849648
v 0.362910 0.739792 2.929347
v 0.249495 0.583438 3.017231
v 0.113694 0.455527 3.100388
v -0.038668 0.360976 3.167940
v -0.201301 0.303418 3.211758
v -0.159012 2.340595 3.100896
v 0.017370 2.280001 3.074361
v 0.181304 2.182651 3.027995
v 0.326120 2.052288 2.968249
v 0.445637 1.893922 2.905288
v 0.534537 1.713637 2.850765
v 0.588676 1.518364 2.816015
v 0.604871 1.315606 2.816421
v 0.583093 1.113154 2.844403
v 0.524544 0.918789 2.894275
v 0.431337 0.739979 2.965808
v 0.307797 0.583597 3.046832
v 0.159437 0.455653 3.124477
v -0.007327 0.361062 3.186671
v -0.185475 0.303462 3.223218
v -0.150226 2.340698 3.113070
v 0.034781 2.280204 3.095983
v 0.206777 2.182947 3.056874
v 0.358499 2.052665 3.005558
v 0.483508 1.894364 2.951745
v 0.576272 1.714129 2.906754
v 0.632552 1.518886 2.880924
v 0.649670 1.316138 2.881790
v 0.627364 1.113676 2.904294
v 0.566536 0.919280 2.946978
v 0.469346 0.740422 3.010491
v 0.340223 0.583973 3.083531
v 0.184901 0.455948 3.153485
v 0.010123 0.361266 3.207775
v -0.176666 0.303566 3.235098
vn -0.3662 0.4125 0.8341
vn -0.3649 0.4123 0.8348
vn -0.3675 0.4132 0.8332
vn -0.2681 -0.0302 0.9629
vn -0.3406 0.4059 0.8481
vn -0.2582 0.0177 0.9659
vn -0.2559 0.1108 0.9603
vn -0.4267 -0.2879 0.8573
vn -0.4234 -0.2869 0.8593
vn -0.4295 -0.2890 0.8556
vn -0.2761 0.2461 0.9291
vn -0.4298 -0.2889 0.8554
vn -0.3089 0.3388 0.8887
vn -0.4085 -0.2758 0.8701
vn -0.3423 0.3909 0.8544
vn -0.3690 -0.2356 0.8991
vn -0.3650 0.4119 0.8349
vn -0.3167 -0.1526 0.9362
vn -0.1981 0.8670 -0.4573
vn -0.1892 0.8652 -0.4644
vn -0.1886 0.8650 -0.4650
vn -0.3785 -0.5716 -0.7280
vn -0.4019 -0.5674 -0.7187
vn -0.3718 -0.5728 -0.7305
vn -0.2491 0.7671 -0.5911
vn -0.2635 0.7689 -0.5825
vn -0.2653 0.7691 -0.5814
vn -0.3240 -0.7000 -0.6364
vn -0.3123 -0.6952 -0.6475
vn -0.3091 -0.6938 -0.6505
vn -0.3524 0.6491 -0.6741
vn -0.3324 0.6373 -0.6952
vn -0.3574 0.6520 -0.6687
vn -0.2611 -0.7948 -0.5478
vn -0.2635 -0.7949 -0.5465
vn -0.2607 -0.7948 -0.5480
vn -0.4289 0.4763 -0.7676
vn -0.4618 0.4719 -0.7511
vn -0.4710 0.4705 -0.7462
vn -0.2219 -0.8755 -0.4293
vn -0.2132 -0.8742 -0.4362
vn -0.2228 -0.8756 -0.4285
vn -0.5488 0.2560 -0.7958
vn -0.5310 0.2438 -0.8116
vn -0.5565 0.2613 -0.7887
vn -0.1613 -0.9419 -0.2947
vn -0.1722 -0.9459 -0.2751
vn -0.1735 -0.9463 -0.2727
vn -0.5697 0.0593 -0.8197
vn -0.5753 0.0626 -0.8156
vn -0.5670 0.0577 -0.8217
vn 0.4596 -0.1060 0.8818
vn 0.4868 0.2072 0.8486
vn -0.5544 -0.1640 -0.8160
vn -0.5343 -0.1552 -0.8309
vn -0.5252 -0.1512 -0.8375
vn -0.1288 0.9422 -0.3094
vn -0.1359 0.9449 -0.2977
vn -0.1283 0.9420 -0.3102
vn -0.4830 -0.3970 -0.7804
vn -0.4617 -0.3880 -0.7977
vn -0.4532 -0.3843 -0.8043
vn -0.2353 0.2307 -0.9441
vn -0.2709 0.2200 -0.9371
vn -0.2921 0.2133 -0.9323
vn -0.0969 -0.9140 -0.3940
vn -0.0626 -0.9022 -0.4268
vn -0.0993 -0.9147 -0.3916
vn -0.2801 0.0202 -0.9597
vn -0.2920 0.0277 -0.9560
vn -0.2709 0.0144 -0.9625
vn 0.1507 -0.1871 0.9707
vn 0.2086 0.3012 0.9305
vn -0.2511 -0.1921 -0.9487
vn -0.2265 -0.1792 -0.9574
vn -0.2084 -0.1698 -0.9632
vn -0.0505 0.9081 -0.4157
vn -0.0266 0.8990 -0.4371
vn -0.0256 0.8987 -0.4379
vn -0.1817 -0.3977 -0.8994
vn -0.1565 -0.3835 -0.9102
vn -0.1400 -0.3741 -0.9168
vn -0.0270 0.7876 -0.6156
vn -0.0382 0.7960 -0.6041
vn -0.0245 0.7857 -0.6181
vn -0.0947 -0.5385 -0.8373
vn -0.1207 -0.5352 -0.8361
vn -0.0842 -0.5398 -0.8376
vn -0.0354 0.6830 -0.7295
vn -0.0493 0.6861 -0.7259
vn -0.0517 0.6866 -0.7252
vn -0.0737 -0.6448 -0.7608
vn -0.0614 -0.6372 -0.7683
vn -0.0557 -0.6335 -0.7717
vn -0.0984 0.5795 -0.8090
vn -0.0750 0.5617 -0.8239
vn -0.1084 0.5869 -0.8023
vn -0.0547 -0.7276 -0.6839
vn -0.0522 -0.7271 -0.6845
vn -0.0552 -0.7276 -0.6837
vn -0.1417 0.4281 -0.8925
vn -0.1796 0.4233 -0.8880
vn -0.1957 0.4211 -0.8857
vn -0.0538 -0.8088 -0.5856
vn -0.0704 -0.8196 -0.5686
vn -0.0752 -0.8226 -0.5636
vn 0.0718 -0.5107 -0.8568
vn 0.0858 -0.5006 -0.8614
vn 0.0988 -0.4911 -0.8655
vn 0.1126 0.6077 -0.7862
vn 0.1079 0.6085 -0.7862
vn 0.1067 0.6087 -0.7862
vn 0.0935 -0.5908 -0.8014
vn 0.0994 -0.5864 -0.8039
vn 0.1039 -0.5829 -0.8059
vn 0.0874 0.5173 -0.8513
vn 0.1022 0.5043 -0.8575
vn 0.0766 0.5266 -0.8466
vn 0.0835 -0.6619 -0.7449
vn 0.0923 -0.6606 -0.7450
vn 0.0809 -0.6623 -0.7448
vn 0.0388 0.4006 -0.9155
vn 0.0595 0.3831 -0.9218
vn 0.0193 0.4167 -0.9088
vn 0.0359 -0.7524 -0.6578
vn 0.0663 -0.7432 -0.6658
vn 0.0303 -0.7539 -0.6562
vn -0.0314 0.2312 -0.9724
vn -0.0097 0.2137 -0.9768
vn -0.0570 0.2515 -0.9662
vn -0.0318 -0.8737 -0.4854
vn 0.0181 -0.8538 -0.5203
vn -0.0365 -0.8754 -0.4820
vn -0.0504 -0.0122 -0.9987
vn -0.0554 -0.0086 -0.9984
vn -0.0439 -0.0169 -0.9989
vn -0.0234 -0.2193 0.9754
vn 0.0546 0.3368 0.9400
vn -0.0234 -0.2199 -0.9752
vn -0.0051 -0.2082 -0.9781
vn 0.0174 -0.1937 -0.9809
vn 0.0247 0.8620 -0.5063
vn 0.0642 0.8444 -0.5318
vn 0.0664 0.8434 -0.5332
vn 0.0313 -0.3939 -0.9186
vn 0.0488 -0.3819 -0.9229
vn 0.0678 -0.3687 -0.9271
vn 0.0847 0.7148 -0.6942
vn 0.1011 0.7088 -0.6981
vn 0.1034 0.7080 -0.6986
vn 0.0650 -0.8113 -0.5810
vn 0.0284 -0.8392 -0.5431
vn 0.0120 -0.8507 -0.5255
vn 0.1328 -0.0250 -0.9908
vn 0.1347 -0.0266 -0.9905
vn 0.1284 -0.0214 -0.9915
vn -0.1259 -0.2328 0.9643
vn -0.0335 0.3514 0.9356
vn 0.1407 -0.2446 -0.9594
vn 0.1497 -0.2378 -0.9597
vn 0.1690 -0.2230 -0.9601
vn 0.1256 0.7940 -0.5948
vn 0.0936 0.8198 -0.5650
vn 0.1343 0.7866 -0.6026
vn 0.1724 -0.3945 -0.9026
vn 0.1817 -0.3872 -0.9039
vn 0.1987 -0.3738 -0.9060
vn 0.1859 0.6417 -0.7441
vn 0.1708 0.6564 -0.7349
vn 0.1944 0.6333 -0.7491
vn 0.1997 -0.4880 -0.8497
vn 0.1930 -0.4859 -0.8524
vn 0.2069 -0.4902 -0.8467
vn 0.2099 0.5515 -0.8073
vn 0.2129 0.5514 -0.8066
vn 0.2144 0.5513 -0.8063
vn 0.1969 -0.5520 -0.8103
vn 0.1967 -0.5522 -0.8102
vn 0.1964 -0.5524 -0.8101
vn 0.2125 0.4742 -0.8544
vn 0.2185 0.4685 -0.8560
vn 0.2052 0.4810 -0.8524
vn 0.1666 -0.6121 -0.7730
vn 0.1797 -0.6117 -0.7704
vn 0.1597 -0.6123 -0.7743
vn 0.1995 0.3788 -0.9037
vn 0.1875 0.3746 -0.9080
vn 0.1728 0.3694 -0.9130
vn 0.1341 -0.6853 -0.7158
vn 0.1083 -0.7073 -0.6985
vn 0.0895 -0.7228 -0.6853
vn 0.1545 0.2293 -0.9610
vn 0.1626 0.2220 -0.9614
vn 0.1378 0.2443 -0.9599
vn 0.2285 -0.5363 -0.8125
vn 0.2255 -0.5389 -0.8117
vn 0.2196 -0.5438 -0.8100
vn 0.2847 0.4508 -0.8460
vn 0.2864 0.4495 -0.8461
vn 0.2857 0.4548 -0.8435
vn 0.2024 -0.5848 -0.7855
vn 0.1938 -0.5922 -0.7822
vn 0.1801 -0.6036 -0.7767
vn 0.2810 0.3760 -0.8830
vn 0.2763 0.3736 -0.8855
vn 0.2661 0.3683 -0.8908
vn 0.1378 -0.6621 -0.7366
vn 0.1586 -0.6618 -0.7327
vn 0.1253 -0.6622 -0.7388
vn 0.2697 0.2262 -0.9360
vn 0.2713 0.2246 -0.9359
vn 0.2633 0.2325 -0.9363
vn 0.0604 -0.7969 -0.6011
vn 0.0945 -0.7897 -0.6062
vn 0.0507 -0.7988 -0.5995
vn 0.2620 -0.0232 -0.9648
vn 0.2630 -0.0241 -0.9645
vn 0.2567 -0.0181 -0.9663
vn -0.1911 -0.2382 0.9522
vn -0.0868 0.3575 0.9299
vn 0.2475 -0.2513 -0.9357
vn 0.2476 -0.2511 -0.9357
vn 0.2488 -0.2502 -0.9357
vn 0.1386 0.7708 -0.6218
vn 0.1709 0.7616 -0.6251
vn 0.1762 0.7600 -0.6256
vn 0.2415 -0.3994 -0.8844
vn 0.2443 -0.3970 -0.8847
vn 0.2528 -0.3898 -0.8855
vn 0.2230 0.6021 -0.7666
vn 0.2389 0.6011 -0.7626
vn 0.2465 0.6005 -0.7607
vn 0.2413 -0.4818 -0.8424
vn 0.2407 -0.4816 -0.8427
vn 0.2423 -0.4823 -0.8418
vn 0.2686 0.5140 -0.8147
vn 0.2734 0.5147 -0.8126
vn 0.2778 0.5154 -0.8107
vn -0.2312 -0.2398 0.9429
vn -0.1204 0.3598 0.9252
vn 0.2515 -0.2420 -0.9371
vn 0.2502 -0.2431 -0.9372
vn 0.1897 0.7377 -0.6479
vn 0.1756 0.7479 -0.6402
vn 0.1988 0.7310 -0.6528
vn 0.2273 -0.4099 -0.8834
vn 0.2281 -0.4093 -0.8835
vn 0.2314 -0.4065 -0.8839
vn 0.2514 0.5768 -0.7772
vn 0.2452 0.5824 -0.7751
vn 0.2609 0.5682 -0.7804
vn 0.2203 -0.4869 -0.8452
vn 0.2203 -0.4870 -0.8452
vn 0.2202 -0.4869 -0.8453
vn 0.2768 0.5038 -0.8182
vn 0.2785 0.5045 -0.8172
vn 0.2815 0.5057 -0.8155
vn 0.2088 -0.5355 -0.8183
vn 0.2072 -0.5368 -0.8179
vn 0.2026 -0.5404 -0.8166
vn 0.2871 0.4540 -0.8435
vn 0.2827 0.4580 -0.8428
vn 0.1846 -0.5771 -0.7955
vn 0.1890 -0.5788 -0.7933
vn 0.1771 -0.5742 -0.7994
vn 0.2827 0.3932 -0.8749
vn 0.2805 0.3918 -0.8763
vn 0.2725 0.3864 -0.8812
vn 0.1556 -0.6421 -0.7507
vn 0.1475 -0.6483 -0.7470
vn 0.1327 -0.6594 -0.7400
vn 0.2817 0.2333 -0.9307
vn 0.2822 0.2328 -0.9307
vn 0.2779 0.2371 -0.9309
vn 0.1033 -0.7712 -0.6281
vn 0.0898 -0.7799 -0.6194
vn 0.0748 -0.7892 -0.6096
vn 0.2773 -0.0124 -0.9607
vn 0.2778 -0.0129 -0.9605
vn 0.2712 -0.0061 -0.9625
vn 0.2481 0.4694 -0.8474
vn 0.2493 0.4684 -0.8476
vn 0.2430 0.4735 -0.8466
vn 0.1540 -0.5753 -0.8033
vn 0.1552 -0.5760 -0.8026
vn 0.1508 -0.5734 -0.8053
vn 0.2432 0.4139 -0.8772
vn 0.2419 0.4129 -0.8781
vn 0.2354 0.4078 -0.8822
vn 0.1352 -0.6364 -0.7594
vn 0.1374 -0.6375 -0.7581
vn 0.1308 -0.6341 -0.7621
vn 0.2418 0.2469 -0.9384
vn 0.2424 0.2463 -0.9384
vn 0.2356 0.2528 -0.9384
vn 0.1004 -0.7648 -0.6364
vn 0.1041 -0.7659 -0.6344
vn 0.0959 -0.7634 -0.6387
vn 0.2348 0.0014 -0.9720
vn 0.2351 0.0011 -0.9720
vn 0.2284 0.0079 -0.9735
vn -0.2576 -0.2396 0.9361
vn -0.1438 0.3604 0.9216
vn 0.2124 -0.2259 -0.9507
vn 0.2115 -0.2266 -0.9507
vn 0.2024 -0.2349 -0.9507
vn 0.1894 0.7304 -0.6562
vn 0.1928 0.7314 -0.6541
vn 0.1954 0.7321 -0.6526
vn 0.1867 -0.4145 -0.8907
vn 0.1864 -0.4148 -0.8906
vn 0.1847 -0.4161 -0.8904
vn 0.2357 0.5734 -0.7846
vn 0.2368 0.5740 -0.7839
vn 0.2387 0.5750 -0.7825
vn 0.1750 -0.4914 -0.8532
vn 0.1752 -0.4916 -0.8530
vn 0.1740 -0.4907 -0.8538
vn 0.2494 0.5095 -0.8236
vn 0.2490 0.5093 -0.8238
vn 0.2482 0.5087 -0.8244
vn 0.1661 -0.5378 -0.8266
vn 0.1654 -0.5382 -0.8264
vn 0.1632 -0.5398 -0.8258
vn 0.1619 -0.2158 -0.9629
vn 0.1616 -0.2161 -0.9629
vn 0.1588 -0.2186 -0.9628
vn 0.1890 0.7323 -0.6543
vn 0.1938 0.7306 -0.6547
vn 0.1849 0.7336 -0.6540
vn 0.1430 -0.4104 -0.9006
vn 0.1421 -0.4111 -0.9005
vn 0.1376 -0.4144 -0.8996
vn 0.2097 0.5790 -0.7879
vn 0.2129 0.5772 -0.7883
vn 0.2032 0.5823 -0.7871
vn 0.1290 -0.4899 -0.8622
vn 0.1295 -0.4903 -0.8619
vn 0.1272 -0.4885 -0.8632
vn 0.2038 0.5189 -0.8302
vn 0.2062 0.5174 -0.8305
vn 0.1971 0.5230 -0.8292
vn 0.1229 -0.5374 -0.8343
vn 0.1230 -0.5373 -0.8343
vn 0.1233 -0.5371 -0.8344
vn 0.1942 0.4819 -0.8544
vn 0.1960 0.4807 -0.8547
vn 0.1879 0.4861 -0.8534
vn 0.1210 -0.5752 -0.8090
vn 0.1218 -0.5747 -0.8092
vn 0.1240 -0.5736 -0.8097
vn 0.1877 0.4287 -0.8838
vn 0.1865 0.4276 -0.8845
vn 0.1811 0.4230 -0.8878
vn 0.1183 -0.6360 -0.7626
vn 0.1197 -0.6354 -0.7629
vn 0.1225 -0.6341 -0.7635
vn 0.1836 0.2616 -0.9475
vn 0.1845 0.2609 -0.9476
vn 0.1763 0.2679 -0.9472
vn 0.1035 -0.7661 -0.6344
vn 0.1081 -0.7649 -0.6350
vn 0.1133 -0.7636 -0.6357
vn 0.1754 0.0139 -0.9844
vn 0.1758 0.0135 -0.9843
vn 0.1700 0.0191 -0.9853
vn -0.2793 -0.2386 0.9301
vn -0.1682 0.3600 0.9176
vn 0.0990 -0.5821 -0.8071
vn 0.0946 -0.5781 -0.8105
vn 0.1084 -0.5906 -0.7996
vn 0.1390 0.4341 -0.8901
vn 0.1380 0.4333 -0.8906
vn 0.1350 0.4306 -0.8924
vn 0.1224 -0.6523 -0.7480
vn 0.1142 -0.6444 -0.7561
vn 0.1363 -0.6653 -0.7340
vn 0.1337 0.2741 -0.9524
vn 0.1355 0.2727 -0.9525
vn 0.1213 0.2852 -0.9508
vn 0.1188 -0.7778 -0.6172
vn 0.1320 -0.7777 -0.6147
vn 0.1399 -0.7775 -0.6131
vn 0.1254 0.0227 -0.9918
vn 0.1260 0.0221 -0.9918
vn 0.1186 0.0274 -0.9926
vn -0.3022 -0.2365 0.9235
vn -0.2118 0.3574 0.9096
vn 0.1197 -0.2152 -0.9692
vn 0.1201 -0.2148 -0.9692
vn 0.1226 -0.2128 -0.9694
vn 0.1798 0.7422 -0.6456
vn 0.1989 0.7411 -0.6412
vn 0.1713 0.7426 -0.6474
vn 0.1068 -0.3983 -0.9110
vn 0.1045 -0.3998 -0.9106
vn 0.0966 -0.4050 -0.9092
vn 0.1877 0.5944 -0.7820
vn 0.1807 0.5869 -0.7892
vn 0.1700 0.5755 -0.7999
vn 0.0885 -0.4828 -0.8712
vn 0.0890 -0.4835 -0.8708
vn 0.0761 -0.4761 -0.8761
vn 0.1640 0.5297 -0.8322
vn 0.1597 0.5255 -0.8357
vn 0.1506 0.5166 -0.8429
vn 0.0849 -0.5359 -0.8400
vn 0.0864 -0.5351 -0.8404
vn 0.0895 -0.5338 -0.8409
vn 0.1441 0.4883 -0.8607
vn 0.1469 0.4868 -0.8611
vn 0.1380 0.4915 -0.8599
vn 0.1741 0.7598 -0.6264
vn 0.2099 0.7679 -0.6052
vn 0.1667 0.7580 -0.6306
vn 0.1007 -0.3808 -0.9192
vn 0.0955 -0.3837 -0.9185
vn 0.0840 -0.3902 -0.9169
vn 0.1789 0.6202 -0.7638
vn 0.1651 0.6033 -0.7803
vn 0.1521 0.5870 -0.7951
vn 0.0770 -0.4772 -0.8754
vn 0.0728 -0.4735 -0.8778
vn 0.1433 0.5444 -0.8265
vn 0.1353 0.5360 -0.8333
vn 0.1247 0.5246 -0.8422
vn 0.0738 -0.5409 -0.8378
vn 0.0786 -0.5393 -0.8384
vn 0.1185 0.4924 -0.8623
vn 0.1222 0.4911 -0.8625
vn 0.1137 0.4941 -0.8619
vn 0.0996 -0.6005 -0.7934
vn 0.0912 -0.5921 -0.8007
vn 0.1117 -0.6122 -0.7828
vn 0.1196 0.4318 -0.8940
vn 0.1204 0.4326 -0.8935
vn 0.1221 0.4341 -0.8925
vn 0.1151 -0.6713 -0.7322
vn 0.1375 -0.6713 -0.7283
vn 0.1510 -0.6711 -0.7258
vn 0.1236 0.2837 -0.9509
vn 0.1159 0.2886 -0.9504
vn 0.1281 -0.7963 -0.5912
vn 0.1576 -0.8030 -0.5748
vn 0.1662 -0.8047 -0.5699
vn 0.1188 0.0271 -0.9925
vn 0.1174 0.0282 -0.9927
vn -0.3334 -0.2323 0.9137
vn -0.2656 0.3514 0.8978
vn 0.1156 -0.2193 -0.9688
vn 0.1163 -0.2188 -0.9688
vn 0.1699 0.4320 -0.8857
vn 0.1756 0.4371 -0.8821
vn 0.1830 0.4436 -0.8773
vn 0.1401 -0.7061 -0.6941
vn 0.1686 -0.7112 -0.6825
vn 0.1779 -0.7127 -0.6785
vn 0.2005 0.2953 -0.9341
vn 0.1981 0.2966 -0.9342
vn 0.2040 0.2935 -0.9339
vn 0.1700 -0.8443 -0.5081
vn 0.1520 -0.8207 -0.5508
vn 0.1778 -0.8541 -0.4889
vn 0.2169 0.0295 -0.9758
vn 0.2154 0.0305 -0.9761
vn 0.2197 0.0276 -0.9752
vn -0.3835 -0.2232 0.8962
vn -0.3241 0.3418 0.8821
vn 0.2088 -0.2193 -0.9531
vn 0.2058 -0.2212 -0.9533
vn 0.2006 -0.2245 -0.9536
vn 0.2102 0.8175 -0.5363
vn 0.1877 0.7820 -0.5944
vn 0.1807 0.7704 -0.6115
vn 0.1777 -0.3681 -0.9127
vn 0.1672 -0.3731 -0.9126
vn 0.1528 -0.3798 -0.9124
vn 0.1719 0.6434 -0.7460
vn 0.2036 0.6495 -0.7326
vn 0.1632 0.6416 -0.7495
vn 0.1337 -0.4808 -0.8666
vn 0.1382 -0.4847 -0.8637
vn 0.1277 -0.4756 -0.8703
vn 0.1647 0.5716 -0.8038
vn 0.1563 0.5624 -0.8120
vn 0.1494 0.5547 -0.8185
vn 0.1232 -0.5614 -0.8184
vn 0.1216 -0.5599 -0.8196
vn 0.1250 -0.5629 -0.8170
vn 0.1544 0.5071 -0.8480
vn 0.1543 0.5069 -0.8481
vn 0.1542 0.5068 -0.8481
vn 0.1355 -0.6320 -0.7630
vn 0.1262 -0.6226 -0.7723
vn 0.1440 -0.6404 -0.7544
vn 0.3137 -0.3606 -0.8784
vn 0.2956 -0.3677 -0.8817
vn 0.2802 -0.3737 -0.8842
vn 0.2235 0.6997 -0.6785
vn 0.2499 0.7088 -0.6596
vn 0.2194 0.6982 -0.6814
vn 0.2428 -0.4942 -0.8347
vn 0.2527 -0.5020 -0.8271
vn 0.2345 -0.4876 -0.8410
vn 0.2364 0.6185 -0.7494
vn 0.2310 0.6126 -0.7559
vn 0.2282 0.6096 -0.7592
vn 0.2149 -0.5929 -0.7760
vn 0.2115 -0.5931 -0.7768
vn 0.2100 -0.5932 -0.7772
vn 0.2534 0.5388 -0.8034
vn 0.2460 0.5394 -0.8053
vn 0.2567 0.5385 -0.8026
vn 0.2060 -0.6758 -0.7077
vn 0.1984 -0.6685 -0.7168
vn 0.2104 -0.6800 -0.7023
vn 0.2859 0.4410 -0.8508
vn 0.2982 0.4513 -0.8411
vn 0.3080 0.4594 -0.8331
vn 0.1927 -0.7550 -0.6268
vn 0.2196 -0.7629 -0.6081
vn 0.2249 -0.7643 -0.6043
vn 0.3542 0.2999 -0.8858
vn 0.3414 0.3054 -0.8889
vn 0.3654 0.2950 -0.8829
vn 0.1786 -0.8627 -0.4732
vn 0.2063 -0.8776 -0.4328
vn 0.2091 -0.8790 -0.4286
vn 0.3889 0.0328 -0.9207
vn 0.3856 0.0347 -0.9220
vn 0.3924 0.0307 -0.9193
vn -0.4659 -0.2039 0.8610
vn -0.4161 0.3211 0.8507
vn 0.3708 -0.2039 -0.9060
vn 0.3572 -0.2117 -0.9097
vn 0.3427 -0.2199 -0.9133
vn 0.2053 0.8310 -0.5170
vn 0.2424 0.8544 -0.4597
vn 0.2028 0.8293 -0.5206
vn 0.2735 -0.8158 -0.5096
vn 0.2914 -0.8213 -0.4905
vn 0.2938 -0.8220 -0.4878
vn 0.5582 0.2999 -0.7736
vn 0.5348 0.3091 -0.7864
vn 0.5711 0.2947 -0.7662
vn 0.2307 -0.9174 -0.3243
vn 0.2223 -0.9054 -0.3616
vn 0.2322 -0.9195 -0.3172
vn 0.5964 0.0458 -0.8014
vn 0.5970 0.0454 -0.8009
vn 0.5959 0.0460 -0.8017
vn -0.6012 -0.1622 0.7825
vn -0.5645 0.2747 0.7784
vn 0.5756 -0.1794 -0.7978
vn 0.5562 -0.1900 -0.8091
vn 0.5430 -0.1970 -0.8163
vn 0.2577 0.9008 -0.3495
vn 0.2489 0.8841 -0.3954
vn 0.2478 0.8818 -0.4013
vn 0.5067 -0.3598 -0.7835
vn 0.4843 -0.3678 -0.7938
vn 0.4721 -0.3720 -0.7992
vn 0.3033 0.7739 -0.5560
vn 0.3246 0.7821 -0.5320
vn 0.3010 0.7729 -0.5585
vn 0.4116 -0.5185 -0.7495
vn 0.4250 -0.5279 -0.7353
vn 0.4046 -0.5136 -0.7567
vn 0.3473 0.6810 -0.6446
vn 0.3465 0.6801 -0.6460
vn 0.3462 0.6799 -0.6465
vn 0.3610 -0.6386 -0.6796
vn 0.3523 -0.6388 -0.6840
vn 0.3497 -0.6388 -0.6853
vn 0.4020 0.5855 -0.7040
vn 0.3875 0.5859 -0.7117
vn 0.4060 0.5854 -0.7018
vn 0.3169 -0.7323 -0.6027
vn 0.3131 -0.7290 -0.6087
vn 0.3183 -0.7335 -0.6005
vn 0.4562 0.4610 -0.7612
vn 0.4728 0.4739 -0.7429
vn 0.4808 0.4802 -0.7337
vn 0.6456 -0.5432 -0.5368
vn 0.6539 -0.5478 -0.5218
vn 0.6429 -0.5417 -0.5415
vn 0.4936 0.7491 -0.4419
vn 0.4950 0.7504 -0.4381
vn 0.4952 0.7506 -0.4374
vn 0.5591 -0.6821 -0.4713
vn 0.5521 -0.6831 -0.4780
vn 0.5506 -0.6834 -0.4795
vn 0.5925 0.6368 -0.4934
vn 0.5809 0.6381 -0.5054
vn 0.5948 0.6366 -0.4909
vn 0.4674 -0.7870 -0.4027
vn 0.4668 -0.7866 -0.4041
vn 0.4675 -0.7871 -0.4024
vn 0.6789 0.4888 -0.5478
vn 0.6896 0.4967 -0.5271
vn 0.6927 0.4990 -0.5207
vn 0.3736 -0.8715 -0.3178
vn 0.3799 -0.8724 -0.3075
vn 0.3807 -0.8725 -0.3063
vn 0.7836 0.3014 -0.5432
vn 0.7672 0.3091 -0.5620
vn 0.7896 0.2985 -0.5361
vn 0.2612 -0.9430 -0.2061
vn 0.2663 -0.9449 -0.1905
vn 0.2667 -0.9450 -0.1894
vn 0.8236 0.0666 -0.5632
vn 0.8256 0.0654 -0.5604
vn 0.8228 0.0671 -0.5644
vn -0.8087 -0.0687 0.5842
vn -0.7932 0.1630 0.5867
vn 0.8110 -0.1551 -0.5641
vn 0.7990 -0.1629 -0.5789
vn 0.7937 -0.1663 -0.5852
vn 0.2825 0.9300 -0.2353
vn 0.2877 0.9328 -0.2171
vn 0.2823 0.9299 -0.2360
vn 0.7480 -0.3592 -0.5581
vn 0.7342 -0.3655 -0.5722
vn 0.7290 -0.3677 -0.5774
vn 0.3973 0.8455 -0.3568
vn 0.4073 0.8480 -0.3390
vn 0.3965 0.8452 -0.3584
vn 0.0060 0.4121 0.9111
vn -0.1102 -0.0051 0.9939
vn -0.1087 0.1216 0.9866
vn -0.0143 -0.3122 0.9499
vn -0.0804 0.2377 0.9680
vn 0.0361 -0.3293 0.9435
vn 0.0303 -0.3264 0.9448
vn 0.0333 -0.3280 0.9441
vn -0.0245 0.3463 0.9378
vn 0.0362 -0.3295 0.9435
vn 0.0265 0.4049 0.9140
vn 0.0143 -0.3117 0.9501
vn 0.0554 0.4257 0.9032
vn 0.0557 0.4259 0.9031
vn 0.0535 0.4249 0.9036
vn -0.0294 -0.2563 0.9662
vn 0.0512 0.4239 0.9043
vn -0.0782 -0.1529 0.9851
vn -0.1991 0.8672 -0.4565
vn -0.4079 -0.5662 -0.7162
vn -0.2468 0.7668 -0.5925
vn -0.3266 -0.7011 -0.6339
vn -0.3260 0.6335 -0.7017
vn -0.2638 -0.7950 -0.5463
vn -0.4183 0.4776 -0.7726
vn -0.2125 -0.8741 -0.4367
vn -0.5223 0.2379 -0.8189
vn -0.1605 -0.9416 -0.2961
vn -0.5779 0.0642 -0.8136
vn -0.5628 -0.1678 -0.8094
vn -0.1367 0.9453 -0.2963
vn -0.4905 -0.4002 -0.7741
vn -0.2125 0.2374 -0.9479
vn -0.0612 -0.9016 -0.4282
vn -0.3013 0.0335 -0.9529
vn -0.2683 -0.2010 -0.9421
vn -0.0522 0.9087 -0.4142
vn -0.1967 -0.4059 -0.8925
vn -0.0416 0.7984 -0.6007
vn -0.1304 -0.5338 -0.8355
vn -0.0326 0.6824 -0.7303
vn -0.0785 -0.6477 -0.7578
vn -0.0627 0.5521 -0.8314
vn -0.0518 -0.7271 -0.6846
vn -0.1241 0.4301 -0.8942
vn -0.0502 -0.8064 -0.5893
vn 0.0602 -0.5189 -0.8527
vn 0.1141 0.6074 -0.7862
vn 0.0896 -0.5937 -0.7997
vn 0.1149 0.4929 -0.8624
vn 0.0946 -0.6603 -0.7450
vn 0.0813 0.3642 -0.9277
vn 0.0706 -0.7419 -0.6668
vn 0.0177 0.1915 -0.9813
vn 0.0210 -0.8525 -0.5223
vn -0.0620 -0.0038 -0.9981
vn -0.0453 -0.2337 -0.9713
vn 0.0211 0.8635 -0.5040
vn 0.0135 -0.4059 -0.9138
vn 0.0817 0.7159 -0.6934
vn 0.0754 -0.8029 -0.5914
vn 0.1391 -0.0303 -0.9898
vn 0.1216 -0.2589 -0.9582
vn 0.0793 0.8306 -0.5512
vn 0.1563 -0.4070 -0.9000
vn 0.1591 0.6673 -0.7275
vn 0.1861 -0.4838 -0.8552
vn 0.2082 0.5516 -0.8077
vn 0.1972 -0.5518 -0.8104
vn 0.2268 0.4604 -0.8582
vn 0.1856 -0.6115 -0.7692
vn 0.2149 0.3841 -0.8979
vn 0.1485 -0.6724 -0.7251
vn 0.1801 0.2061 -0.9618
vn 0.2337 -0.5319 -0.8139
vn 0.2893 0.4463 -0.8468
vn 0.2136 -0.5751 -0.7897
vn 0.2917 0.3815 -0.8771
vn 0.1686 -0.6616 -0.7307
vn 0.2779 0.2181 -0.9355
vn 0.1007 -0.7883 -0.6070
vn 0.2683 -0.0292 -0.9629
vn 0.1303 0.7731 -0.6208
vn 0.2333 -0.4062 -0.8835
vn 0.2135 0.6027 -0.7689
vn 0.2397 -0.4811 -0.8432
vn 0.2635 0.5132 -0.8168
vn 0.2620 -0.2322 -0.9367
vn 0.1597 0.7590 -0.6312
vn 0.2241 -0.4125 -0.8829
vn 0.2324 0.5936 -0.7705
vn 0.2204 -0.4870 -0.8451
vn 0.2734 0.5024 -0.8203
vn 0.2129 -0.5322 -0.8194
vn 0.1954 -0.5813 -0.7899
vn 0.2911 0.3989 -0.8696
vn 0.1667 -0.6335 -0.7556
vn 0.2862 0.2288 -0.9304
vn 0.1120 -0.7655 -0.6336
vn 0.2840 -0.0192 -0.9586
vn 0.2550 0.4637 -0.8485
vn 0.1579 -0.5776 -0.8009
vn 0.2500 0.4192 -0.8728
vn 0.1409 -0.6392 -0.7560
vn 0.2490 0.2401 -0.9383
vn 0.1069 -0.7668 -0.6330
vn 0.2416 -0.0055 -0.9704
vn 0.2214 -0.2177 -0.9506
vn 0.1853 0.7293 -0.6586
vn 0.1883 -0.4132 -0.8909
vn 0.2332 0.5721 -0.7863
vn 0.1762 -0.4923 -0.8524
vn 0.2503 0.5101 -0.8229
vn 0.1681 -0.5364 -0.8271
vn 0.1647 -0.2134 -0.9630
vn 0.2003 0.7284 -0.6552
vn 0.1474 -0.4072 -0.9014
vn 0.2211 0.5728 -0.7893
vn 0.1311 -0.4916 -0.8609
vn 0.2141 0.5124 -0.8316
vn 0.1226 -0.5376 -0.8342
vn 0.2030 0.4759 -0.8557
vn 0.1192 -0.5762 -0.8086
vn 0.1934 0.4335 -0.8802
vn 0.1161 -0.6369 -0.7621
vn 0.1921 0.2543 -0.9479
vn 0.1002 -0.7669 -0.6339
vn 0.1813 0.0082 -0.9834
vn 0.0866 -0.5707 -0.8166
vn 0.1421 0.4369 -0.8882
vn 0.1036 -0.6341 -0.7663
vn 0.1432 0.2669 -0.9530
vn 0.1136 -0.7778 -0.6182
vn 0.1300 0.0186 -0.9913
vn 0.2119 0.7402 -0.6381
vn 0.1144 -0.3932 -0.9123
vn 0.2015 0.6088 -0.7673
vn 0.0919 -0.4858 -0.8692
vn 0.1747 0.5401 -0.8233
vn 0.1537 0.4833 -0.8619
vn 0.2210 0.7701 -0.5984
vn 0.1118 -0.3744 -0.9205
vn 0.1954 0.6400 -0.7431
vn 0.1558 0.5575 -0.8154
vn 0.0691 -0.5422 -0.8374
vn 0.1275 0.4892 -0.8628
vn 0.0810 -0.5819 -0.8092
vn 0.1177 0.4302 -0.8950
vn 0.1043 -0.6712 -0.7339
vn 0.1225 -0.7949 -0.5942
vn 0.1136 -0.2208 -0.9687
vn 0.1617 0.4248 -0.8908
vn 0.1328 -0.7046 -0.6970
vn 0.1944 0.2985 -0.9344
vn 0.1469 -0.8136 -0.5626
vn 0.2125 0.0325 -0.9766
vn 0.2139 -0.2160 -0.9527
vn 0.2199 0.8321 -0.5092
vn 0.1916 -0.3614 -0.9125
vn 0.2144 0.6514 -0.7278
vn 0.1437 -0.4893 -0.8602
vn 0.1730 0.5806 -0.7956
vn 0.1201 -0.5585 -0.8208
vn 0.1546 0.5072 -0.8479
vn 0.1190 -0.6153 -0.7793
vn 0.3284 -0.3547 -0.8754
vn 0.2552 0.7106 -0.6557
vn 0.2601 -0.5078 -0.8213
vn 0.2398 0.6221 -0.7453
vn 0.2162 -0.5929 -0.7757
vn 0.2423 0.5396 -0.8063
vn 0.1948 -0.6649 -0.7211
vn 0.2748 0.4316 -0.8592
vn 0.1886 -0.7537 -0.6296
vn 0.3295 0.3105 -0.8916
vn 0.1768 -0.8617 -0.4757
vn 0.3820 0.0369 -0.9234
vn 0.3849 -0.1957 -0.9020
vn 0.2461 0.8565 -0.4537
vn 0.2716 -0.8152 -0.5115
vn 0.5207 0.3144 -0.7937
vn 0.2213 -0.9039 -0.3661
vn 0.5975 0.0452 -0.8006
vn 0.5880 -0.1725 -0.7903
vn 0.2593 0.9038 -0.3405
vn 0.5180 -0.3556 -0.7780
vn 0.3275 0.7832 -0.5286
vn 0.4311 -0.5320 -0.7288
vn 0.3477 0.6814 -0.6441
vn 0.3633 -0.6385 -0.6785
vn 0.3829 0.5860 -0.7142
vn 0.3119 -0.7280 -0.6105
vn 0.4467 0.4535 -0.7712
vn 0.6561 -0.5491 -0.5177
vn 0.4932 0.7488 -0.4427
vn 0.5604 -0.6819 -0.4700
vn 0.5781 0.6384 -0.5082
vn 0.4667 -0.7866 -0.4043
vn 0.6751 0.4860 -0.5550
vn 0.3731 -0.8714 -0.3186
vn 0.7604 0.3122 -0.5695
vn 0.2610 -0.9429 -0.2067
vn 0.8265 0.0649 -0.5592
vn 0.8159 -0.1519 -0.5579
vn 0.2880 0.9330 -0.2158
vn 0.7527 -0.3570 -0.5532
vn 0.4085 0.8483 -0.3369
vt 0.908606 0.539570
vt 0.806567 0.606941
vt 0.791295 0.586436
vt 0.910041 0.827525
vt 0.803903 0.773529
vt 0.817358 0.753538
vt 0.882521 0.498783
vt 0.773398 0.569926
vt 0.933996 0.785162
vt 0.826448 0.730695
vt 0.946815 0.737449
vt 0.830591 0.706269
vt 0.745621 0.945368
vt 0.698155 0.831529
vt 0.722065 0.826995
vt 0.947988 0.693839
vt 0.830690 0.681191
vt 0.784062 0.930317
vt 0.745533 0.818571
vt 0.945389 0.653751
vt 0.826749 0.655478
vt 0.819297 0.911578
vt 0.767498 0.806451
vt 0.936905 0.614688
vt 0.818469 0.630425
vt 0.850753 0.889815
vt 0.787235 0.791486
vt 0.925719 0.578446
vt 0.883667 0.861566
vt 0.742099 0.815546
vt 0.822588 0.681038
vt 0.819568 0.655872
vt 0.762853 0.802812
vt 0.812585 0.631027
vt 0.781191 0.787297
vt 0.801969 0.607667
vt 0.796517 0.769508
vt 0.788123 0.587174
vt 0.808584 0.749972
vt 0.771744 0.570452
vt 0.816987 0.728331
vt 0.584679 0.879855
vt 0.697073 0.830254
vt 0.693268 0.467222
vt 0.821617 0.705265
vt 0.719860 0.824679
vt 0.797679 0.746179
vt 0.783723 0.586867
vt 0.769402 0.570521
vt 0.805620 0.725277
vt 0.607883 0.916325
vt 0.695151 0.829032
vt 0.733566 0.445645
vt 0.810558 0.702965
vt 0.716069 0.822625
vt 0.812219 0.679124
vt 0.736481 0.812825
vt 0.810218 0.654345
vt 0.755647 0.799547
vt 0.804642 0.629789
vt 0.772612 0.783452
vt 0.795661 0.606895
vt 0.786704 0.765514
vt 0.798541 0.651012
vt 0.745922 0.796486
vt 0.794608 0.626931
vt 0.761356 0.779799
vt 0.787678 0.604796
vt 0.774355 0.761381
vt 0.778150 0.585671
vt 0.784506 0.741913
vt 0.766431 0.570181
vt 0.791998 0.721373
vt 0.626088 0.932209
vt 0.692456 0.827863
vt 0.758210 0.440588
vt 0.797092 0.699286
vt 0.710797 0.820765
vt 0.799357 0.675565
vt 0.728776 0.810330
vt 0.762930 0.569496
vt 0.768879 0.737241
vt 0.775997 0.716568
vt 0.638473 0.939271
vt 0.689102 0.826752
vt 0.772440 0.440371
vt 0.781145 0.694258
vt 0.704221 0.818996
vt 0.784087 0.670417
vt 0.719220 0.807959
vt 0.784592 0.646129
vt 0.733847 0.793510
vt 0.782622 0.622745
vt 0.747430 0.776187
vt 0.778178 0.601676
vt 0.759314 0.757157
vt 0.771511 0.583818
vt 0.769026 0.617852
vt 0.719817 0.790527
vt 0.731194 0.772536
vt 0.767424 0.598005
vt 0.741719 0.752671
vt 0.764008 0.581523
vt 0.750616 0.732081
vt 0.758973 0.568554
vt 0.757550 0.710850
vt 0.645192 0.944035
vt 0.685179 0.825654
vt 0.780284 0.439878
vt 0.762854 0.688164
vt 0.696589 0.817283
vt 0.766636 0.664215
vt 0.708139 0.805617
vt 0.768743 0.640337
vt 0.650228 0.945579
vt 0.680897 0.824599
vt 0.785163 0.440808
vt 0.754737 0.567427
vt 0.742844 0.681771
vt 0.688212 0.815483
vt 0.747665 0.657855
vt 0.696062 0.803114
vt 0.751564 0.634451
vt 0.704574 0.787266
vt 0.754302 0.612852
vt 0.713521 0.768508
vt 0.755751 0.594177
vt 0.722431 0.747750
vt 0.755865 0.579034
vt 0.730427 0.726441
vt 0.737172 0.704634
vt 0.688940 0.783541
vt 0.695381 0.763939
vt 0.739003 0.608228
vt 0.743611 0.590575
vt 0.702495 0.742380
vt 0.747393 0.576599
vt 0.709434 0.720475
vt 0.750327 0.566235
vt 0.715892 0.698339
vt 0.651340 0.947338
vt 0.676398 0.823510
vt 0.786960 0.440212
vt 0.721989 0.675522
vt 0.679525 0.813501
vt 0.727953 0.651883
vt 0.683616 0.800248
vt 0.733717 0.629024
vt 0.701262 0.669707
vt 0.671896 0.822485
vt 0.670926 0.811369
vt 0.708329 0.646559
vt 0.671406 0.797034
vt 0.715915 0.624290
vt 0.673669 0.779316
vt 0.723734 0.604199
vt 0.677640 0.758865
vt 0.731502 0.587352
vt 0.682934 0.736668
vt 0.738950 0.574330
vt 0.688740 0.714415
vt 0.745956 0.564978
vt 0.694804 0.692268
vt 0.653857 0.947789
vt 0.790036 0.441120
vt 0.709126 0.600808
vt 0.719947 0.584512
vt 0.664599 0.730896
vt 0.730930 0.572130
vt 0.669324 0.708547
vt 0.741792 0.563671
vt 0.674913 0.686668
vt 0.655593 0.947988
vt 0.667569 0.821532
vt 0.794920 0.443087
vt 0.681612 0.664522
vt 0.662825 0.809156
vt 0.689622 0.642017
vt 0.659952 0.793613
vt 0.698885 0.620332
vt 0.659349 0.774818
vt 0.660999 0.753549
vt 0.663584 0.820724
vt 0.655482 0.807115
vt 0.672617 0.638146
vt 0.649610 0.790350
vt 0.683349 0.616965
vt 0.646427 0.770467
vt 0.695799 0.597849
vt 0.645993 0.748447
vt 0.709430 0.581935
vt 0.648119 0.725502
vt 0.723642 0.570071
vt 0.651957 0.703207
vt 0.738011 0.562336
vt 0.657050 0.681709
vt 0.658889 0.947649
vt 0.801149 0.446832
vt 0.663855 0.659998
vt 0.633757 0.721068
vt 0.717361 0.568053
vt 0.636956 0.698747
vt 0.734771 0.561023
vt 0.641658 0.677376
vt 0.665674 0.946329
vt 0.660082 0.820157
vt 0.807904 0.452494
vt 0.648515 0.655857
vt 0.649069 0.805464
vt 0.657954 0.634454
vt 0.640604 0.787643
vt 0.669942 0.613703
vt 0.635165 0.766851
vt 0.684304 0.595002
vt 0.632887 0.744239
vt 0.700361 0.579458
vt 0.645939 0.630771
vt 0.643719 0.804453
vt 0.633059 0.785875
vt 0.659057 0.610393
vt 0.625693 0.764450
vt 0.675009 0.592051
vt 0.621854 0.741346
vt 0.693049 0.576930
vt 0.621559 0.717910
vt 0.712326 0.566002
vt 0.624205 0.695275
vt 0.732167 0.559695
vt 0.628653 0.673594
vt 0.678137 0.945056
vt 0.657121 0.819912
vt 0.820161 0.461971
vt 0.635752 0.651985
vt 0.708689 0.563821
vt 0.611443 0.716139
vt 0.613430 0.692769
vt 0.730300 0.558355
vt 0.617880 0.670327
vt 0.699066 0.938924
vt 0.654788 0.820046
vt 0.837240 0.481736
vt 0.625516 0.648304
vt 0.639453 0.804320
vt 0.636613 0.626965
vt 0.627078 0.785272
vt 0.650848 0.606837
vt 0.618115 0.763495
vt 0.668141 0.588830
vt 0.612898 0.739985
vt 0.687709 0.574198
vt 0.629730 0.622826
vt 0.645289 0.602808
vt 0.612327 0.764162
vt 0.663708 0.585105
vt 0.605908 0.740309
vt 0.684451 0.571092
vt 0.603139 0.715807
vt 0.706543 0.561438
vt 0.604405 0.691240
vt 0.729227 0.556987
vt 0.609193 0.667558
vt 0.732847 0.919925
vt 0.653119 0.820611
vt 0.856836 0.522653
vt 0.617553 0.644661
vt 0.636318 0.805147
vt 0.622665 0.786022
vt 0.677160 0.436060
vt 0.495550 0.655016
vt 0.505618 0.618676
vt 0.551773 0.896834
vt 0.519439 0.582678
vt 0.521628 0.853617
vt 0.538744 0.550596
vt 0.503394 0.811874
vt 0.560338 0.520565
vt 0.492335 0.770093
vt 0.589221 0.489980
vt 0.488371 0.731814
vt 0.626158 0.460975
vt 0.488371 0.692078
s 1
usemtl honMaguro
f 483/560/696 496/561/697 497/562/698
f 483/563/699 489/564/699 490/565/699
f 483/566/700 497/562/700 498/567/700
f 483/568/701 490/565/701 491/569/701
f 483/570/702 491/569/702 492/571/702
f 483/572/703 484/573/704 485/574/705
f 483/575/706 492/571/706 493/576/706
f 483/577/703 485/574/705 486/578/707
f 483/579/708 493/576/708 494/580/708
f 483/581/709 486/578/709 487/582/709
f 483/583/710 494/580/710 495/584/710
f 483/585/711 487/582/711 488/586/711
f 483/587/696 495/584/712 496/561/697
f 483/588/713 488/586/713 489/564/713
f 485/574/714 501/589/715 486/578/716
f 494/580/717 508/590/718 509/591/719
f 486/578/720 502/592/721 487/582/722
f 494/580/723 510/593/724 495/584/725
f 488/586/726 502/592/727 503/594/728
f 496/561/729 510/593/730 511/595/731
f 488/586/732 504/596/733 489/564/734
f 497/562/735 511/595/736 512/597/737
f 490/565/738 504/596/739 505/598/740
f 497/562/741 513/599/742 498/567/743
f 491/569/744 505/598/745 506/600/746
f 484/573/747 483/601/747 499/602/747
f 483/603/748 498/567/748 513/599/748
f 491/569/749 507/604/750 492/571/751
f 485/574/752 499/602/753 500/605/754
f 492/571/755 508/590/756 493/576/757
f 504/596/758 520/606/759 505/598/760
f 513/599/761 527/607/762 528/608/763
f 506/600/764 520/606/765 521/609/766
f 499/602/767 483/610/767 514/611/767
f 483/612/768 513/599/768 528/608/768
f 506/600/769 522/613/770 507/604/771
f 499/602/772 515/614/773 500/605/774
f 507/604/775 523/615/776 508/590/777
f 501/589/778 515/614/779 516/616/780
f 509/591/781 523/615/782 524/617/783
f 501/589/784 517/618/785 502/592/786
f 509/591/787 525/619/788 510/593/789
f 503/594/790 517/618/791 518/620/792
f 511/595/793 525/619/794 526/621/795
f 503/594/796 519/622/797 504/596/798
f 511/595/799 527/607/800 512/597/801
f 523/615/802 539/623/803 524/617/804
f 516/616/805 532/624/806 517/618/807
f 524/617/808 540/625/809 525/619/810
f 518/620/811 532/624/812 533/626/813
f 526/621/814 540/625/815 541/627/816
f 519/622/817 533/626/818 534/628/819
f 527/607/820 541/627/821 542/629/822
f 520/606/823 534/628/824 535/630/825
f 528/608/826 542/629/827 543/631/828
f 521/609/829 535/630/830 536/632/831
f 514/611/832 483/633/832 529/634/832
f 483/635/833 528/608/833 543/631/833
f 521/609/834 537/636/835 522/613/836
f 514/611/837 530/637/838 515/614/839
f 522/613/840 538/638/841 523/615/842
f 515/614/843 531/639/844 516/616/845
f 542/629/846 558/640/847 543/631/848
f 536/632/849 550/641/850 551/642/851
f 529/634/852 483/643/852 544/644/852
f 483/645/853 543/631/853 558/640/853
f 536/632/854 552/646/855 537/636/856
f 530/637/857 544/644/858 545/647/859
f 537/636/860 553/648/861 538/638/862
f 531/639/863 545/647/864 546/649/865
f 539/623/866 553/648/867 554/650/868
f 531/639/869 547/651/870 532/624/871
f 539/623/872 555/652/873 540/625/874
f 533/626/875 547/651/876 548/653/877
f 541/627/878 555/652/879 556/654/880
f 533/626/881 549/655/882 534/628/883
f 541/627/884 557/656/885 542/629/886
f 535/630/887 549/655/888 550/641/889
f 554/650/890 570/657/891 555/652/892
f 548/653/893 562/658/894 563/659/895
f 555/652/896 571/660/897 556/654/898
f 548/653/899 564/661/900 549/655/901
f 557/656/902 571/660/903 572/662/904
f 550/641/905 564/661/906 565/663/907
f 558/640/908 572/662/909 573/664/910
f 551/642/911 565/663/912 566/665/913
f 544/644/914 483/666/914 559/667/914
f 483/668/915 558/640/915 573/664/915
f 551/642/916 567/669/917 552/646/918
f 544/644/919 560/670/920 545/647/921
f 552/646/922 568/671/923 553/648/924
f 545/647/925 561/672/926 546/649/927
f 554/650/928 568/671/929 569/673/930
f 546/649/931 562/658/932 547/651/933
f 559/667/934 483/674/934 574/675/934
f 483/676/935 573/664/935 588/677/935
f 566/665/936 582/678/937 567/669/917
f 560/670/938 574/675/939 575/679/940
f 567/669/941 583/680/942 568/671/943
f 561/672/944 575/679/945 576/681/946
f 569/673/947 583/680/948 584/682/949
f 561/672/950 577/683/951 562/658/952
f 569/673/953 585/684/954 570/657/955
f 563/659/895 577/683/956 578/685/957
f 571/660/958 585/684/959 586/686/960
f 563/659/961 579/687/962 564/661/963
f 571/660/964 587/688/965 572/662/966
f 565/663/967 579/687/968 580/689/969
f 572/662/970 588/677/971 573/664/972
f 566/665/973 580/689/974 581/690/975
f 578/685/976 592/691/977 593/692/978
f 586/686/979 600/693/980 601/694/981
f 578/685/982 594/695/983 579/687/984
f 587/688/985 601/694/986 602/696/987
f 580/689/988 594/695/989 595/697/990
f 588/677/991 602/696/992 603/698/993
f 581/690/994 595/697/995 596/699/996
f 574/675/997 483/700/997 589/701/997
f 483/702/998 588/677/998 603/698/998
f 581/690/999 597/703/1000 582/678/1001
f 574/675/1002 590/704/1003 575/679/1004
f 582/678/1005 598/705/1006 583/680/1007
f 575/679/1008 591/706/1009 576/681/1010
f 584/682/1011 598/705/1012 599/707/1013
f 576/681/1014 592/691/1015 577/683/1016
f 584/682/1017 600/693/1018 585/684/1019
f 596/699/1020 612/708/1021 597/703/1022
f 590/704/1023 604/709/1024 605/710/1025
f 597/703/1026 613/711/1027 598/705/1028
f 591/706/1029 605/710/1030 606/712/1031
f 599/707/1032 613/711/1033 614/713/1034
f 592/691/1035 606/712/1036 607/714/1037
f 599/707/1038 615/715/1039 600/693/1040
f 593/692/1041 607/714/1042 608/716/1043
f 600/693/1044 616/717/1045 601/694/1046
f 593/692/1047 609/718/1048 594/695/1049
f 601/694/1050 617/719/1051 602/696/1052
f 595/697/1053 609/718/1054 610/720/1055
f 602/696/1056 618/721/1057 603/698/1058
f 596/699/1059 610/720/1060 611/722/1061
f 589/701/1062 483/723/1062 604/709/1062
f 483/724/1063 603/698/1063 618/721/1063
f 616/717/1064 630/725/1065 631/726/1066
f 608/716/1067 624/727/1068 609/718/1069
f 617/719/1070 631/726/1071 632/728/1072
f 610/720/1073 624/727/1074 625/729/1075
f 617/719/1076 633/730/1077 618/721/1078
f 611/722/1079 625/729/1080 626/731/1081
f 604/709/1082 483/732/1082 619/733/1082
f 483/734/1083 618/721/1083 633/730/1083
f 611/722/1084 627/735/1085 612/708/1086
f 605/710/1087 619/733/1088 620/736/1089
f 612/708/1090 628/737/1091 613/711/1092
f 605/710/1093 621/738/1094 606/712/1095
f 614/713/1096 628/737/1097 629/739/1098
f 606/712/1099 622/740/1100 607/714/1101
f 614/713/1102 630/725/1103 615/715/1104
f 608/716/1105 622/740/1106 623/741/1107
f 620/736/1108 634/742/1109 635/743/1110
f 627/735/1111 643/744/1112 628/737/1113
f 620/736/1114 636/745/1115 621/738/1116
f 629/739/1098 643/744/1117 644/746/1118
f 621/738/1119 637/747/1120 622/740/1121
f 629/739/1122 645/748/1123 630/725/1103
f 623/741/1124 637/747/1125 638/749/1126
f 631/726/1127 645/748/1128 646/750/1129
f 623/741/1130 639/751/1131 624/727/1132
f 631/726/1133 647/752/1134 632/728/1135
f 625/729/1075 639/751/1136 640/753/1137
f 632/728/1138 648/754/1139 633/730/1140
f 626/731/1081 640/753/1141 641/755/1142
f 619/733/1143 483/756/1143 634/742/1143
f 483/757/1144 633/730/1144 648/754/1144
f 626/731/1145 642/758/1146 627/735/1085
f 638/749/1147 654/759/1148 639/751/1149
f 646/750/1150 662/760/1151 647/752/1152
f 640/753/1153 654/759/1154 655/761/1155
f 648/754/1156 662/760/1157 663/762/1158
f 641/755/1159 655/761/1160 656/763/1161
f 634/742/1162 483/764/1162 649/765/1162
f 483/766/1163 648/754/1163 663/762/1163
f 641/755/1164 657/767/1165 642/758/1166
f 634/742/1167 650/768/1168 635/743/1169
f 642/758/1170 658/769/1171 643/744/1172
f 636/745/1173 650/768/1174 651/770/1175
f 644/746/1176 658/769/1177 659/771/1178
f 636/745/1179 652/772/1180 637/747/1181
f 645/748/1182 659/771/1183 660/773/1184
f 637/747/1185 653/774/1186 638/749/1187
f 646/750/1188 660/773/1189 661/775/1190
f 657/767/1191 673/776/1192 658/769/1193
f 651/770/1194 665/777/1195 666/778/1196
f 659/771/1197 673/776/1198 674/779/1199
f 651/770/1200 667/780/1201 652/772/1202
f 659/771/1203 675/781/1204 660/773/1205
f 653/774/1206 667/780/1207 668/782/1208
f 661/775/1209 675/781/1210 676/783/1211
f 653/774/1212 669/784/1213 654/759/1214
f 661/775/1215 677/785/1216 662/760/1217
f 655/761/1218 669/784/1219 670/786/1220
f 662/760/1221 678/787/1222 663/762/1223
f 656/763/1224 670/786/1225 671/788/1226
f 649/765/1227 483/789/1227 664/790/1227
f 483/791/1228 663/762/1228 678/787/1228
f 656/763/1229 672/792/1230 657/767/1231
f 650/768/1232 664/790/1233 665/777/1234
f 676/783/1235 692/793/1236 677/785/1237
f 670/786/1238 684/794/1239 685/795/1240
f 678/787/1241 692/793/1242 693/796/1243
f 671/788/1244 685/795/1245 686/797/1246
f 664/790/1247 483/798/1247 679/799/1247
f 483/800/1248 678/787/1248 693/796/1248
f 671/788/1249 687/801/1250 672/792/1251
f 664/790/1252 680/802/1253 665/777/1254
f 672/792/1255 688/803/1256 673/776/1257
f 666/778/1258 680/802/1259 681/804/1260
f 674/779/1261 688/803/1262 689/805/1263
f 666/778/1264 682/806/1265 667/780/1266
f 674/779/1267 690/807/1268 675/781/1269
f 668/782/1270 682/806/1271 683/808/1272
f 676/783/1273 690/807/1274 691/809/1275
f 668/782/1276 684/794/1277 669/784/1278
f 689/805/1279 703/810/1280 704/811/1281
f 681/804/1282 697/812/1283 682/806/1284
f 689/805/1285 705/813/1286 690/807/1287
f 683/808/1288 697/812/1289 698/814/1290
f 691/809/1291 705/813/1292 706/815/1293
f 683/808/1294 699/816/1295 684/794/1296
f 691/809/1297 707/817/1298 692/793/1299
f 685/795/1300 699/816/1301 700/818/1302
f 692/793/1303 708/819/1304 693/796/1305
f 686/797/1306 700/818/1307 701/820/1308
f 679/799/1309 483/821/1309 694/822/1309
f 483/823/1310 693/796/1310 708/819/1310
f 686/797/1311 702/824/1312 687/801/1313
f 680/802/1314 694/822/1315 695/825/1316
f 687/801/1317 703/810/1318 688/803/1319
f 681/804/1320 695/825/1321 696/826/1322
f 708/819/1323 707/817/1323 483/827/1323
f 701/820/1324 700/818/1324 483/828/1324
f 702/824/1325 701/820/1325 483/829/1325
f 695/825/1326 694/822/1326 483/830/1326
f 703/810/1327 702/824/1327 483/831/1327
f 696/826/1328 695/825/1329 483/832/1330
f 704/811/1331 703/810/1331 483/833/1331
f 697/812/1332 696/826/1328 483/834/1330
f 705/813/1333 704/811/1333 483/835/1333
f 698/814/1334 697/812/1334 483/836/1334
f 706/815/1335 705/813/1336 483/837/1337
f 699/816/1338 698/814/1338 483/838/1338
f 707/817/1339 706/815/1335 483/839/1337
f 700/818/1340 699/816/1340 483/840/1340
f 485/574/714 500/605/1341 501/589/715
f 494/580/717 493/576/1342 508/590/718
f 486/578/720 501/589/1343 502/592/721
f 494/580/723 509/591/1344 510/593/724
f 488/586/726 487/582/1345 502/592/727
f 496/561/729 495/584/1346 510/593/730
f 488/586/732 503/594/1347 504/596/733
f 497/562/735 496/561/1348 511/595/736
f 490/565/738 489/564/1349 504/596/739
f 497/562/741 512/597/1350 513/599/742
f 491/569/744 490/565/1351 505/598/745
f 491/569/749 506/600/1352 507/604/750
f 485/574/752 484/573/1353 499/602/753
f 492/571/755 507/604/1354 508/590/756
f 504/596/758 519/622/1355 520/606/759
f 513/599/761 512/597/1356 527/607/762
f 506/600/764 505/598/1357 520/606/765
f 506/600/769 521/609/1358 522/613/770
f 499/602/772 514/611/1359 515/614/773
f 507/604/775 522/613/1360 523/615/776
f 501/589/778 500/605/1361 515/614/779
f 509/591/781 508/590/1362 523/615/782
f 501/589/784 516/616/1363 517/618/785
f 509/591/787 524/617/1364 525/619/788
f 503/594/790 502/592/1365 517/618/791
f 511/595/793 510/593/1366 525/619/794
f 503/594/796 518/620/1367 519/622/797
f 511/595/799 526/621/1368 527/607/800
f 523/615/802 538/638/1369 539/623/803
f 516/616/805 531/639/1370 532/624/806
f 524/617/808 539/623/1371 540/625/809
f 518/620/811 517/618/1372 532/624/812
f 526/621/814 525/619/1373 540/625/815
f 519/622/817 518/620/1374 533/626/818
f 527/607/820 526/621/1375 541/627/821
f 520/606/823 519/622/1376 534/628/824
f 528/608/826 527/607/1377 542/629/827
f 521/609/829 520/606/1378 535/630/830
f 521/609/834 536/632/1379 537/636/835
f 514/611/837 529/634/1380 530/637/838
f 522/613/840 537/636/1381 538/638/841
f 515/614/843 530/637/1382 531/639/844
f 542/629/846 557/656/1383 558/640/847
f 536/632/849 535/630/1384 550/641/850
f 536/632/854 551/642/1385 552/646/855
f 530/637/857 529/634/1386 544/644/858
f 537/636/860 552/646/1387 553/648/861
f 531/639/863 530/637/1388 545/647/864
f 539/623/866 538/638/1389 553/648/867
f 531/639/869 546/649/1390 547/651/870
f 539/623/872 554/650/1391 555/652/873
f 533/626/875 532/624/1392 547/651/876
f 541/627/878 540/625/1393 555/652/879
f 533/626/881 548/653/1394 549/655/882
f 541/627/884 556/654/1395 557/656/885
f 535/630/887 534/628/1396 549/655/888
f 554/650/890 569/673/1397 570/657/891
f 548/653/893 547/651/1398 562/658/894
f 555/652/896 570/657/1399 571/660/897
f 548/653/899 563/659/1400 564/661/900
f 557/656/902 556/654/1401 571/660/903
f 550/641/905 549/655/1402 564/661/906
f 558/640/908 557/656/1403 572/662/909
f 551/642/911 550/641/1404 565/663/912
f 551/642/916 566/665/936 567/669/917
f 544/644/919 559/667/1405 560/670/920
f 552/646/922 567/669/1406 568/671/923
f 545/647/925 560/670/1407 561/672/926
f 554/650/928 553/648/1408 568/671/929
f 546/649/931 561/672/1409 562/658/932
f 566/665/936 581/690/1410 582/678/937
f 560/670/938 559/667/1411 574/675/939
f 567/669/941 582/678/1412 583/680/942
f 561/672/944 560/670/1413 575/679/945
f 569/673/947 568/671/1414 583/680/948
f 561/672/950 576/681/1415 577/683/951
f 569/673/953 584/682/1416 585/684/954
f 563/659/895 562/658/894 577/683/956
f 571/660/958 570/657/1417 585/684/959
f 563/659/961 578/685/1418 579/687/962
f 571/660/964 586/686/1419 587/688/965
f 565/663/967 564/661/1420 579/687/968
f 572/662/970 587/688/1421 588/677/971
f 566/665/973 565/663/1422 580/689/974
f 578/685/976 577/683/1423 592/691/977
f 586/686/979 585/684/1424 600/693/980
f 578/685/982 593/692/1425 594/695/983
f 587/688/985 586/686/1426 601/694/986
f 580/689/988 579/687/1427 594/695/989
f 588/677/991 587/688/1428 602/696/992
f 581/690/994 580/689/1429 595/697/995
f 581/690/999 596/699/1430 597/703/1000
f 574/675/1002 589/701/1431 590/704/1003
f 582/678/1005 597/703/1432 598/705/1006
f 575/679/1008 590/704/1433 591/706/1009
f 584/682/1011 583/680/1434 598/705/1012
f 576/681/1014 591/706/1435 592/691/1015
f 584/682/1017 599/707/1436 600/693/1018
f 596/699/1020 611/722/1437 612/708/1021
f 590/704/1023 589/701/1438 604/709/1024
f 597/703/1026 612/708/1439 613/711/1027
f 591/706/1029 590/704/1440 605/710/1030
f 599/707/1032 598/705/1441 613/711/1033
f 592/691/1035 591/706/1442 606/712/1036
f 599/707/1038 614/713/1443 615/715/1039
f 593/692/1041 592/691/1444 607/714/1042
f 600/693/1044 615/715/1445 616/717/1045
f 593/692/1047 608/716/1446 609/718/1048
f 601/694/1050 616/717/1447 617/719/1051
f 595/697/1053 594/695/1448 609/718/1054
f 602/696/1056 617/719/1449 618/721/1057
f 596/699/1059 595/697/1450 610/720/1060
f 616/717/1064 615/715/1451 630/725/1065
f 608/716/1067 623/741/1452 624/727/1068
f 617/719/1070 616/717/1453 631/726/1071
f 610/720/1073 609/718/1454 624/727/1074
f 617/719/1076 632/728/1455 633/730/1077
f 611/722/1079 610/720/1456 625/729/1080
f 611/722/1084 626/731/1145 627/735/1085
f 605/710/1087 604/709/1457 619/733/1088
f 612/708/1090 627/735/1458 628/737/1091
f 605/710/1093 620/736/1459 621/738/1094
f 614/713/1096 613/711/1460 628/737/1097
f 606/712/1099 621/738/1461 622/740/1100
f 614/713/1102 629/739/1122 630/725/1103
f 608/716/1105 607/714/1462 622/740/1106
f 620/736/1108 619/733/1463 634/742/1109
f 627/735/1111 642/758/1464 643/744/1112
f 620/736/1114 635/743/1465 636/745/1115
f 629/739/1098 628/737/1097 643/744/1117
f 621/738/1119 636/745/1466 637/747/1120
f 629/739/1122 644/746/1467 645/748/1123
f 623/741/1124 622/740/1468 637/747/1125
f 631/726/1127 630/725/1469 645/748/1128
f 623/741/1130 638/749/1470 639/751/1131
f 631/726/1133 646/750/1471 647/752/1134
f 625/729/1075 624/727/1074 639/751/1136
f 632/728/1138 647/752/1472 648/754/1139
f 626/731/1081 625/729/1080 640/753/1141
f 626/731/1145 641/755/1473 642/758/1146
f 638/749/1147 653/774/1474 654/759/1148
f 646/750/1150 661/775/1475 662/760/1151
f 640/753/1153 639/751/1476 654/759/1154
f 648/754/1156 647/752/1477 662/760/1157
f 641/755/1159 640/753/1478 655/761/1160
f 641/755/1164 656/763/1479 657/767/1165
f 634/742/1167 649/765/1480 650/768/1168
f 642/758/1170 657/767/1481 658/769/1171
f 636/745/1173 635/743/1482 650/768/1174
f 644/746/1176 643/744/1483 658/769/1177
f 636/745/1179 651/770/1484 652/772/1180
f 645/748/1182 644/746/1485 659/771/1183
f 637/747/1185 652/772/1486 653/774/1186
f 646/750/1188 645/748/1487 660/773/1189
f 657/767/1191 672/792/1488 673/776/1192
f 651/770/1194 650/768/1489 665/777/1195
f 659/771/1197 658/769/1490 673/776/1198
f 651/770/1200 666/778/1491 667/780/1201
f 659/771/1203 674/779/1492 675/781/1204
f 653/774/1206 652/772/1493 667/780/1207
f 661/775/1209 660/773/1494 675/781/1210
f 653/774/1212 668/782/1495 669/784/1213
f 661/775/1215 676/783/1496 677/785/1216
f 655/761/1218 654/759/1497 669/784/1219
f 662/760/1221 677/785/1498 678/787/1222
f 656/763/1224 655/761/1499 670/786/1225
f 656/763/1229 671/788/1500 672/792/1230
f 650/768/1232 649/765/1501 664/790/1233
f 676/783/1235 691/809/1502 692/793/1236
f 670/786/1238 669/784/1503 684/794/1239
f 678/787/1241 677/785/1504 692/793/1242
f 671/788/1244 670/786/1505 685/795/1245
f 671/788/1249 686/797/1506 687/801/1250
f 664/790/1252 679/799/1507 680/802/1253
f 672/792/1255 687/801/1508 688/803/1256
f 666/778/1258 665/777/1509 680/802/1259
f 674/779/1261 673/776/1510 688/803/1262
f 666/778/1264 681/804/1511 682/806/1265
f 674/779/1267 689/805/1512 690/807/1268
f 668/782/1270 667/780/1513 682/806/1271
f 676/783/1273 675/781/1514 690/807/1274
f 668/782/1276 683/808/1515 684/794/1277
f 689/805/1279 688/803/1516 703/810/1280
f 681/804/1282 696/826/1517 697/812/1283
f 689/805/1285 704/811/1518 705/813/1286
f 683/808/1288 682/806/1519 697/812/1289
f 691/809/1291 690/807/1520 705/813/1292
f 683/808/1294 698/814/1521 699/816/1295
f 691/809/1297 706/815/1522 707/817/1298
f 685/795/1300 684/794/1523 699/816/1301
f 692/793/1303 707/817/1524 708/819/1304
f 686/797/1306 685/795/1525 700/818/1307
f 686/797/1311 701/820/1526 702/824/1312
f 680/802/1314 679/799/1527 694/822/1315
f 687/801/1317 702/824/1528 703/810/1318
f 681/804/1320 680/802/1529 695/825/1321
o 球.002
v -0.082370 2.140554 1.048559
v -0.057100 2.232964 0.726873
v -0.188863 2.140554 1.020207
v -0.104519 2.016191 1.330517
v -0.240059 2.016191 1.294433
v 0.027244 2.140554 1.037182
v 0.034993 2.016191 1.316040
v 0.173115 2.016191 1.251558
v 0.203766 1.864654 1.469069
v 0.041351 1.864654 1.544891
v 0.011281 1.691767 2.157904
v 0.215816 1.691767 1.767240
v -0.122697 1.864654 1.561915
v -0.282075 1.864654 1.519485
v -0.170822 1.691767 2.174544
v -0.329004 1.691767 1.886678
v -0.478392 1.691767 1.575318
v -0.372410 1.504174 2.297467
v -0.508429 1.504174 1.679613
v -0.663583 1.504174 1.489516
v -0.518003 1.309084 1.707603
v -0.676560 1.309084 1.518407
v -0.663583 1.113994 1.489516
v -0.809454 1.309084 1.275141
v -0.507786 1.113994 1.671435
v -0.351017 1.113994 2.025141
v -0.313295 0.926401 1.686713
v -0.478392 0.926401 1.575318
v -0.430658 0.753514 1.419231
v -0.625149 0.926401 1.403954
v -0.282075 0.753514 1.519485
v -0.104519 0.601977 1.330517
v -0.240059 0.601977 1.294433
v -0.122697 0.753514 1.561915
v 0.045761 0.926401 1.718973
v 0.041351 0.753514 1.544891
v -0.136495 0.926401 1.737572
v 0.010028 1.113994 2.315600
v -0.183458 1.113994 2.335401
v -0.218336 1.309084 2.779397
v -0.377949 1.309084 2.320123
v -0.021037 1.309084 2.758922
v -0.022020 1.504174 2.723564
v 0.210686 1.309084 2.204514
v -0.215528 1.504174 2.743646
v 0.204910 1.504174 2.184149
v 0.225874 1.113994 1.917282
v 0.431166 1.309084 1.605423
v 0.422860 1.504174 1.574861
v 0.422860 1.113994 1.574861
v 0.600415 1.309084 1.385893
v 0.588856 1.504174 1.359548
v 0.588856 1.113994 1.359548
v 0.746545 1.309084 1.113672
v 0.863941 1.309084 0.799225
v 0.732179 1.504174 1.092560
v 0.732179 1.113994 1.092560
v 0.689629 0.926401 1.030028
v 0.554623 0.926401 1.281527
v 0.847319 1.113994 0.784153
v 0.948092 1.309084 0.454633
v 0.798090 0.926401 0.739516
v 0.929852 1.113994 0.446182
v 0.995763 1.309084 0.093139
v 0.875835 0.926401 0.421155
v 0.976608 1.113994 0.091635
v 0.919877 0.926401 0.087178
v 0.985788 1.113994 -0.265865
v 0.928524 0.926401 -0.249579
v 0.835533 0.753514 -0.223132
v 0.901444 0.926401 -0.576176
v 0.811161 0.753514 -0.517061
v 0.755573 0.753514 -0.790550
v 0.642388 0.601977 -0.670091
v 0.689662 0.601977 -0.437507
v 0.541615 0.477614 -0.340570
v 0.710389 0.601977 -0.187542
v 0.504472 0.477614 -0.523309
v 0.447897 0.477614 -0.685368
v 0.347124 0.385204 -0.355848
v 0.308154 0.385204 -0.467477
v 0.156525 0.328299 -0.231050
v 0.257299 0.385204 -0.560571
v 0.130598 0.328299 -0.278509
v -0.001165 0.309084 0.014825
v 0.099609 0.328299 -0.314696
v 0.196510 0.385204 -0.631552
v 0.064746 0.328299 -0.338217
v 0.027351 0.328299 -0.348173
v 0.128124 0.385204 -0.677694
v 0.186533 0.477614 -0.990556
v 0.285814 0.477614 -0.923568
v 0.054771 0.385204 -0.697223
v -0.020733 0.385204 -0.689388
v 0.080040 0.477614 -1.018907
v -0.029573 0.477614 -1.007532
v -0.138095 0.477614 -0.956869
v -0.037322 0.601977 -1.286390
v -0.175444 0.601977 -1.221909
v -0.306869 0.601977 -1.109899
v -0.206095 0.753514 -1.439418
v -0.360636 0.753514 -1.307709
v -0.501361 0.753514 -1.125177
v -0.400587 0.926401 -1.454696
v -0.556952 0.926401 -1.251878
v -0.691960 0.926401 -1.000378
v -0.591186 1.113994 -1.329898
v -0.734508 1.113994 -1.062910
v -0.849648 1.113994 -0.754504
v -0.748875 1.309084 -1.084023
v -0.866271 1.309084 -0.769576
v -0.950422 1.309084 -0.424982
v -0.849648 1.504174 -0.754504
v -0.734508 1.504174 -1.062910
v -0.414383 1.617331 -0.941653
v -0.800419 1.691767 -0.709866
v -0.591186 1.504174 -1.329898
v -0.556952 1.691767 -1.251878
v -0.501361 1.864654 -1.125177
v -0.400587 1.691767 -1.454696
v -0.360636 1.864654 -1.307709
v -0.306869 2.016191 -1.109899
v -0.206095 1.864654 -1.439418
v -0.175444 2.016191 -1.221908
v -0.138095 2.140554 -0.956868
v -0.037322 2.016191 -1.286389
v -0.029573 2.140554 -1.007532
v -0.020733 2.232964 -0.689388
v 0.080040 2.140554 -1.018907
v 0.054770 2.232964 -0.697222
v 0.027351 2.289869 -0.348173
v 0.128124 2.232964 -0.677694
v 0.186533 2.140554 -0.990556
v 0.285814 2.140554 -0.923568
v 0.237730 2.016191 -1.264783
v 0.364090 2.016191 -1.179525
v 0.476412 2.016191 -1.048368
v 0.428329 1.864654 -1.389580
v 0.560407 1.864654 -1.235356
v 0.670904 1.864654 -1.033089
v 0.622820 1.691767 -1.374302
v 0.745597 1.691767 -1.149554
v 0.791594 1.504174 -1.221274
v 0.891469 1.504174 -0.935180
v 0.612323 1.572840 -0.850401
v 0.755573 1.864654 -0.790550
v 0.901444 1.691767 -0.576176
v 0.811161 1.864654 -0.517061
v 0.957040 1.504174 -0.612578
v 0.928524 1.691767 -0.249579
v 0.985788 1.504174 -0.265864
v 0.976608 1.504174 0.091635
v 1.005123 1.309084 -0.271363
v 0.975812 1.309084 -0.624868
v 0.957040 1.113994 -0.612578
v 0.891469 1.113994 -0.935180
v 0.839677 0.926401 -0.880059
v 0.670904 0.753514 -1.033089
v 0.745597 0.926401 -1.149554
v 0.622820 0.926401 -1.374302
v 0.560407 0.753514 -1.235356
v 0.791594 1.113994 -1.221274
v 0.807124 1.309084 -1.245489
v 0.908956 1.309084 -0.953790
v 0.661254 1.113994 -1.459865
v 0.505457 1.113994 -1.641785
v 0.476063 0.926401 -1.545668
v 0.674231 1.309084 -1.488756
v 0.661254 1.504174 -1.459865
v 0.505457 1.504174 -1.641785
v 0.515382 1.309084 -1.674238
v 0.336684 1.309084 -1.794813
v 0.330192 1.113994 -1.760043
v 0.330192 1.504174 -1.760043
v 0.142192 1.504174 -1.810092
v 0.310966 1.691767 -1.657063
v 0.133875 1.691767 -1.704209
v -0.048407 1.691767 -1.685294
v -0.051317 1.504174 -1.790012
v 0.120367 1.864654 -1.532265
v 0.102190 2.016191 -1.300866
v 0.279746 1.864654 -1.489834
v -0.043682 1.864654 -1.515241
v -0.228872 1.691767 -1.601044
v -0.242897 1.504174 -1.700572
v -0.425189 1.504174 -1.545211
v -0.433496 1.309084 -1.575774
v -0.602744 1.309084 -1.356243
v -0.425189 1.113994 -1.545211
v -0.242897 1.113994 -1.700572
v -0.228872 0.926401 -1.601044
v -0.048407 0.926401 -1.685294
v -0.043682 0.753514 -1.515242
v 0.120367 0.753514 -1.532266
v 0.102190 0.601977 -1.300866
v 0.237730 0.601977 -1.264783
v 0.279746 0.753514 -1.489835
v 0.310966 0.926401 -1.657063
v 0.428329 0.753514 -1.389580
v 0.364090 0.601977 -1.179525
v 0.476412 0.601977 -1.048368
v 0.374065 0.477614 -0.820519
v 0.570382 0.601977 -0.876353
v 0.133875 0.926401 -1.704209
v 0.142192 1.113994 -1.810092
v -0.051317 1.113994 -1.790012
v -0.052299 1.309084 -1.825371
v -0.247633 1.309084 -1.734178
v 0.145001 1.309084 -1.845843
v 0.476063 1.691767 -1.545668
v 0.919877 1.691767 0.087178
v 0.929852 1.504174 0.446182
v 0.875835 1.691767 0.421155
v 0.788114 1.864654 0.380513
v 0.798090 1.691767 0.739516
v 0.718145 1.864654 0.667031
v 0.610558 2.016191 0.569479
v 0.620534 1.864654 0.928483
v 0.527547 2.016191 0.791828
v 0.414241 2.140554 0.625313
v 0.424217 2.016191 0.984316
v 0.333055 2.140554 0.776550
v 0.229050 2.232964 0.539510
v 0.239026 2.140554 0.898514
v 0.164281 2.232964 0.623522
v 0.083179 2.289869 0.325136
v 0.093154 2.232964 0.684140
v 0.046919 2.289869 0.356039
v -0.001165 2.309084 0.014826
v 0.008811 2.289869 0.373828
v 0.018404 2.232964 0.719038
v -0.029680 2.289869 0.377823
v -0.067075 2.289869 0.367868
v -0.130454 2.232964 0.707344
v -0.198839 2.232964 0.661203
v -0.288143 2.140554 0.953220
v -0.376394 2.140554 0.850171
v -0.366419 2.016191 1.209175
v -0.478741 2.016191 1.078018
v -0.572712 2.016191 0.906002
v -0.562736 1.864654 1.265007
v -0.673233 1.864654 1.062739
v -0.757903 1.864654 0.820200
v -0.747926 1.691767 1.179206
v -0.842007 1.691767 0.909711
v -0.893798 1.504174 0.964831
v -0.959369 1.504174 0.642229
v -0.903773 1.691767 0.605827
v -0.813492 1.864654 0.546712
v -0.930853 1.691767 0.279230
v -0.988118 1.504174 0.295515
v -0.978937 1.504174 -0.061985
v -1.007453 1.309084 0.301014
v -0.998093 1.309084 -0.063490
v -0.978937 1.113994 -0.061985
v -0.932183 1.504174 -0.416532
v -0.932183 1.113994 -0.416532
v -0.988118 1.113994 0.295515
v -0.930853 0.926401 0.279230
v -0.959369 1.113994 0.642228
v -0.903773 0.926401 0.605827
v -0.842007 0.926401 0.909711
v -0.813492 0.753514 0.546711
v -0.757903 0.753514 0.820200
v -0.572712 0.601977 0.906002
v -0.644718 0.601977 0.699741
v -0.673233 0.753514 1.062739
v -0.562736 0.753514 1.265007
v -0.478741 0.601977 1.078018
v -0.747926 0.926401 1.179206
v -0.793923 1.113994 1.250924
v -0.893798 1.113994 0.964831
v -0.911286 1.309084 0.983441
v -0.978141 1.309084 0.654520
v -0.793923 1.504174 1.250924
v -0.625149 1.691767 1.403954
v -0.430658 1.864654 1.419231
v -0.376394 0.477614 0.850170
v -0.366419 0.601977 1.209175
v -0.288143 0.477614 0.953220
v -0.198839 0.385204 0.661203
v -0.188863 0.477614 1.020207
v -0.130454 0.385204 0.707344
v -0.057100 0.385204 0.726873
v -0.029680 0.328299 0.377823
v -0.067075 0.328299 0.367868
v -0.101938 0.328299 0.344345
v -0.132927 0.328299 0.308158
v -0.259628 0.385204 0.590220
v -0.310484 0.385204 0.497127
v -0.450226 0.477614 0.715019
v -0.506801 0.477614 0.552960
v -0.349453 0.385204 0.385498
v -0.543944 0.477614 0.370220
v -0.691991 0.601977 0.467157
v -0.712718 0.601977 0.217191
v -0.837863 0.753514 0.252782
v -0.830080 0.753514 -0.050291
v -0.922206 0.926401 -0.057527
v -0.790443 0.753514 -0.350861
v -0.878164 0.926401 -0.391504
v -0.800419 0.926401 -0.709866
v -0.720475 0.753514 -0.637380
v -0.612887 0.601977 -0.539830
v -0.529876 0.601977 -0.762179
v -0.622863 0.753514 -0.898833
v -0.426546 0.601977 -0.954667
v -0.335384 0.477614 -0.746900
v -0.241355 0.477614 -0.868864
v -0.166610 0.385204 -0.593871
v -0.095485 0.385204 -0.654490
v -0.049248 0.328299 -0.326389
v -0.011140 0.328299 -0.344179
v -0.085508 0.328299 -0.295485
v -0.231379 0.385204 -0.509860
v -0.118527 0.328299 -0.252657
v -0.287302 0.385204 -0.405686
v -0.147036 0.328299 -0.199550
v -0.332226 0.385204 -0.285351
v -0.169939 0.328299 -0.138204
v -0.364429 0.385204 -0.153482
v -0.186356 0.328299 -0.070977
v -0.195655 0.328299 -0.000453
v -0.382672 0.385204 -0.015144
v -0.386254 0.385204 0.124345
v -0.197482 0.328299 0.070657
v -0.555028 0.477614 -0.028685
v -0.706100 0.601977 -0.040551
v -0.528544 0.477614 -0.229518
v -0.560228 0.477614 0.173823
v -0.375037 0.385204 0.259626
v -0.191763 0.328299 0.139623
v -0.178721 0.328299 0.203794
v -0.158854 0.328299 0.260700
v -0.672391 0.601977 -0.296166
v -0.481792 0.477614 -0.420964
v -0.416571 0.477614 -0.595663
v 0.018404 0.385204 0.719038
v 0.008811 0.328299 0.373828
v 0.093154 0.385204 0.684140
v 0.046919 0.328299 0.356039
v 0.164281 0.385204 0.623520
v 0.083179 0.328299 0.325135
v 0.229050 0.385204 0.539510
v 0.116198 0.328299 0.282307
v 0.284971 0.385204 0.435335
v 0.144707 0.328299 0.229200
v 0.329897 0.385204 0.315002
v 0.167609 0.328299 0.167854
v 0.184027 0.328299 0.100627
v 0.362100 0.385204 0.183132
v 0.380343 0.385204 0.044795
v 0.526214 0.477614 0.259170
v 0.552699 0.477614 0.058334
v 0.557899 0.477614 -0.144172
v 0.383925 0.385204 -0.094694
v 0.703771 0.601977 0.070202
v 0.827751 0.753514 0.079941
v 0.670062 0.601977 0.325816
v 0.788114 0.753514 0.380513
v 0.479462 0.477614 0.450614
v 0.610558 0.601977 0.569479
v 0.718145 0.753514 0.667029
v 0.527547 0.601977 0.791828
v 0.414241 0.477614 0.625312
v 0.333055 0.477614 0.776550
v 0.424217 0.601977 0.984316
v 0.239026 0.477614 0.898514
v 0.304540 0.601977 1.139549
v 0.135766 0.477614 0.986519
v 0.173115 0.601977 1.251558
v 0.027244 0.477614 1.037182
v -0.082370 0.477614 1.048557
v 0.034993 0.601977 1.316039
v 0.203766 0.753514 1.469069
v 0.358305 0.753514 1.337360
v 0.226543 0.926401 1.630694
v 0.398258 0.926401 1.484347
v 0.499031 0.753514 1.154827
v 0.620534 0.753514 0.928483
v 0.195153 0.328299 -0.041008
v 0.372708 0.385204 -0.229975
v 0.189434 0.328299 -0.109972
v 0.176392 0.328299 -0.174143
v 0.193326 0.328299 0.030104
v -0.878164 1.691767 -0.391504
v -0.790443 1.864654 -0.350861
v -0.720475 1.864654 -0.637380
v -0.922206 1.691767 -0.057527
v -0.830080 1.864654 -0.050291
v -0.837863 1.864654 0.252783
v -0.712718 2.016191 0.217191
v -0.691991 2.016191 0.467157
v -0.506801 2.140554 0.552960
v -0.543944 2.140554 0.370220
v -0.644718 2.016191 0.699741
v -0.450226 2.140554 0.715019
v -0.310484 2.232964 0.497127
v -0.259628 2.232964 0.590221
v -0.132927 2.289869 0.308160
v -0.101938 2.289869 0.344346
v -0.158854 2.289869 0.260700
v -0.178721 2.289869 0.203794
v -0.349453 2.232964 0.385498
v -0.375037 2.232964 0.259626
v -0.191763 2.289869 0.139624
v -0.560228 2.140554 0.173823
v -0.386254 2.232964 0.124346
v -0.197482 2.289869 0.070658
v -0.382672 2.232964 -0.015144
v -0.555028 2.140554 -0.028684
v -0.528544 2.140554 -0.229518
v -0.364429 2.232964 -0.153482
v -0.706100 2.016191 -0.040551
v -0.672391 2.016191 -0.296166
v -0.612887 2.016191 -0.539829
v -0.481792 2.140554 -0.420964
v -0.332226 2.232964 -0.285351
v -0.416571 2.140554 -0.595663
v -0.287302 2.232964 -0.405686
v -0.231379 2.232964 -0.509860
v -0.118527 2.289869 -0.252657
v -0.147036 2.289869 -0.199549
v -0.169939 2.289869 -0.138204
v -0.186356 2.289869 -0.070977
v -0.195655 2.289869 -0.000453
v -0.085508 2.289869 -0.295485
v -0.166610 2.232964 -0.593871
v -0.049249 2.289869 -0.326388
v -0.095485 2.232964 -0.654490
v -0.011140 2.289869 -0.344179
v -0.241355 2.140554 -0.868864
v -0.335384 2.140554 -0.746900
v -0.426546 2.016191 -0.954666
v -0.529876 2.016191 -0.762178
v -0.622863 1.864654 -0.898833
v 0.135766 2.140554 0.986519
v 0.304540 2.016191 1.139549
v 0.358305 1.864654 1.337360
v 0.499031 1.864654 1.154827
v 0.554623 1.691767 1.281527
v 0.689629 1.691767 1.030028
v 0.847319 1.504174 0.784153
v 0.398258 1.691767 1.484347
v 0.064746 2.289869 -0.338217
v 0.099609 2.289869 -0.314695
v 0.130598 2.289869 -0.278509
v 0.156525 2.289869 -0.231050
v 0.176391 2.289869 -0.174142
v 0.189434 2.289869 -0.109972
v 0.195153 2.289869 -0.041008
v 0.193326 2.289869 0.030104
v 0.184027 2.289869 0.100627
v 0.167609 2.289869 0.167855
v 0.144707 2.289869 0.229200
v 0.116198 2.289869 0.282307
v 0.284971 2.232964 0.435335
v 0.329897 2.232964 0.315002
v 0.479462 2.140554 0.450614
v 0.526214 2.140554 0.259170
v 0.670062 2.016191 0.325816
v 0.703771 2.016191 0.070202
v 0.827751 1.864654 0.079941
v 0.835533 1.864654 -0.223132
v 0.710389 2.016191 -0.187541
v 0.689662 2.016191 -0.437507
v 0.557899 2.140554 -0.144172
v 0.541615 2.140554 -0.340570
v 0.504472 2.140554 -0.523309
v 0.372708 2.232964 -0.229975
v 0.347124 2.232964 -0.355848
v 0.308154 2.232964 -0.467477
v 0.257299 2.232964 -0.560570
v 0.447897 2.140554 -0.685368
v 0.570382 2.016191 -0.876352
v 0.642388 2.016191 -0.670091
v 0.374065 2.140554 -0.820519
v 0.196510 2.232964 -0.631552
v 0.383925 2.232964 -0.094694
v 0.380343 2.232964 0.044795
v 0.552699 2.140554 0.058334
v 0.362100 2.232964 0.183133
vn 0.0289 0.9601 0.2781
vn -0.0719 0.9601 0.2702
vn -0.1050 0.9129 0.3944
vn 0.0421 0.9129 0.4060
vn 0.2475 0.8110 0.5301
vn 0.1849 0.8995 0.3960
vn 0.0571 0.8331 0.5501
vn 0.0255 0.9616 0.2732
vn 0.0283 0.9617 0.2726
vn 0.0277 0.9617 0.2727
vn 0.4398 0.8428 0.3102
vn 0.3204 0.8530 0.4119
vn 0.4936 0.8304 0.2584
vn 0.2250 0.8468 0.4819
vn -0.1423 0.8332 0.5344
vn -0.1423 0.8331 0.5344
vn -0.1906 0.9116 0.3642
vn -0.1097 0.9046 0.4119
vn -0.3551 0.8998 0.2534
vn 0.0250 0.9616 0.2733
vn -0.3998 0.8899 0.2197
vn -0.5083 0.7265 0.4624
vn -0.5394 0.7414 0.3993
vn -0.5877 0.7584 0.2820
vn -0.5638 0.7813 0.2678
vn -0.5455 0.7826 0.2998
vn -0.5798 0.7792 0.2382
vn -0.8195 0.5215 0.2377
vn -0.8414 0.3592 0.4037
vn -0.8363 0.4425 0.3238
vn -0.8013 0.5717 0.1764
vn -0.6963 0.4217 0.5809
vn -0.6957 0.4205 0.5824
vn -0.6996 0.4295 0.5710
vn -0.7629 0.1351 0.6322
vn -0.7667 0.1437 0.6258
vn -0.7639 0.1372 0.6306
vn -0.9735 0.0581 0.2211
vn -0.9736 0.0785 0.2143
vn -0.9736 0.0740 0.2159
vn -0.7601 0.1287 0.6370
vn -0.8703 0.1283 0.4755
vn -0.8703 -0.1283 0.4755
vn -0.7546 -0.1521 0.6383
vn -0.7539 -0.1505 0.6395
vn -0.7515 -0.1453 0.6436
vn -0.7569 -0.1572 0.6343
vn -0.6204 -0.6023 0.5024
vn -0.6745 -0.6750 0.2990
vn -0.6244 -0.6074 0.4911
vn -0.8969 -0.3678 0.2457
vn -0.9126 -0.2209 0.3441
vn -0.9074 -0.1221 0.4022
vn -0.4978 -0.4560 0.7377
vn -0.6920 -0.4121 0.5927
vn -0.5940 -0.6232 0.5087
vn -0.4152 -0.6701 0.6153
vn -0.1885 -0.7029 0.6859
vn -0.1911 -0.7043 0.6837
vn -0.1836 -0.7004 0.6898
vn -0.1423 -0.8332 0.5344
vn -0.1423 -0.8331 0.5344
vn -0.3272 -0.8110 0.4850
vn -0.1956 -0.7066 0.6801
vn 0.0721 -0.7082 0.7023
vn 0.0717 -0.7080 0.7025
vn 0.0724 -0.7084 0.7021
vn 0.0728 -0.7086 0.7019
vn 0.0571 -0.8331 0.5501
vn -0.2311 -0.8847 0.4047
vn -0.4395 -0.8663 0.2373
vn -0.3852 -0.8777 0.2852
vn -0.1349 -0.8729 0.4688
vn 0.0308 -0.9530 0.3015
vn 0.0309 -0.9530 0.3015
vn 0.0419 -0.9135 0.4047
vn 0.0420 -0.9135 0.4047
vn 0.0416 -0.9134 0.4048
vn -0.6870 -0.6614 0.3010
vn -0.6965 -0.6754 0.2421
vn -0.6871 -0.6615 0.3006
vn -0.6737 -0.6432 0.3639
vn 0.0414 -0.9134 0.4049
vn 0.1016 0.1779 0.9788
vn 0.9197 0.0690 0.3864
vn 0.9200 0.0731 0.3850
vn 0.9201 0.0743 0.3846
vn 0.7448 -0.5561 0.3688
vn 0.7454 -0.5893 0.3116
vn 0.7455 -0.5715 0.3430
vn 0.0320 0.9484 0.3154
vn 0.0296 0.9483 0.3160
vn 0.0327 0.9485 0.3152
vn -0.5948 0.7762 0.2091
vn -0.9419 0.0716 0.3282
vn -0.9414 0.0652 0.3310
vn -0.9415 0.0672 0.3301
vn -0.9420 0.0736 0.3274
vn 0.9196 0.0676 0.3869
vn 0.9374 0.0873 0.3371
vn 0.9368 0.0690 0.3430
vn 0.9366 0.0637 0.3447
vn 0.8715 -0.2040 0.4460
vn 0.8604 -0.3992 0.3167
vn 0.8684 -0.3457 0.3554
vn 0.7429 -0.5349 0.4026
vn 0.9375 0.0925 0.3354
vn 0.7854 0.1283 0.6055
vn 0.7854 -0.1283 0.6055
vn 0.8611 -0.1143 0.4954
vn 0.8752 0.1153 0.4698
vn 0.8752 -0.1153 0.4698
vn 0.9315 -0.1062 0.3478
vn 0.9315 0.1062 0.3478
vn 0.8297 -0.3366 0.4454
vn 0.8899 -0.3126 0.3322
vn 0.9665 -0.1006 0.2360
vn 0.9275 -0.2973 0.2265
vn 0.9867 -0.0979 0.1301
vn 0.9488 -0.2899 0.1251
vn 0.9949 -0.0979 0.0255
vn 0.9567 -0.2899 0.0246
vn 0.9515 -0.2973 -0.0789
vn 0.8819 -0.4709 0.0226
vn 0.8737 -0.4810 -0.0724
vn 0.7319 -0.6649 -0.1488
vn 0.8478 -0.5016 -0.1723
vn 0.7622 -0.6443 -0.0632
vn 0.6223 -0.7811 -0.0516
vn 0.5912 -0.7975 -0.1202
vn 0.5395 -0.8206 -0.1883
vn 0.5395 -0.8206 -0.1884
vn 0.3900 -0.9107 -0.1361
vn 0.4331 -0.8970 -0.0880
vn 0.3308 -0.9263 -0.1807
vn 0.2353 -0.9684 -0.0822
vn 0.1975 -0.9744 -0.1079
vn 0.1514 -0.9799 -0.1297
vn 0.0656 -0.9972 -0.0358
vn 0.0501 -0.9978 -0.0429
vn 0.0989 -0.9843 -0.1465
vn 0.0326 -0.9983 -0.0483
vn 0.0138 -0.9986 -0.0518
vn 0.0419 -0.9866 -0.1576
vn 0.1688 -0.9534 -0.2501
vn 0.0719 -0.9601 -0.2702
vn -0.0168 -0.9866 -0.1622
vn -0.0289 -0.9601 -0.2781
vn -0.1276 -0.9534 -0.2734
vn -0.1849 -0.8995 -0.3960
vn -0.0421 -0.9129 -0.4060
vn -0.3128 -0.8761 -0.3670
vn -0.4105 -0.7743 -0.4816
vn -0.2475 -0.8110 -0.5301
vn -0.5386 -0.7331 -0.4152
vn -0.6482 -0.5746 -0.4997
vn -0.5073 -0.6232 -0.5952
vn -0.7455 -0.5330 -0.4002
vn -0.8297 -0.3366 -0.4454
vn -0.7357 -0.3702 -0.5672
vn -0.8899 -0.3126 -0.3322
vn -0.9315 -0.1062 -0.3478
vn -0.8752 -0.1153 -0.4698
vn -0.9665 -0.1006 -0.2360
vn -0.9665 0.1006 -0.2360
vn -0.9315 0.1062 -0.3478
vn -0.4354 0.8093 0.3943
vn -0.1232 0.8666 -0.4835
vn -0.8899 0.3126 -0.3322
vn -0.8752 0.1153 -0.4698
vn -0.8297 0.3366 -0.4454
vn -0.6482 0.5746 -0.4997
vn -0.9096 -0.0118 0.4152
vn -0.7357 0.3702 -0.5672
vn -0.4105 0.7743 -0.4816
vn -0.5386 0.7331 -0.4152
vn -0.5073 0.6232 -0.5952
vn -0.3128 0.8761 -0.3670
vn -0.1849 0.8995 -0.3960
vn -0.2475 0.8110 -0.5301
vn -0.0289 0.9601 -0.2781
vn -0.1276 0.9534 -0.2734
vn -0.0421 0.9129 -0.4060
vn 0.0419 0.9866 -0.1576
vn -0.0168 0.9866 -0.1622
vn 0.0719 0.9601 -0.2702
vn 0.1688 0.9534 -0.2501
vn 0.2444 0.8995 -0.3623
vn 0.1050 0.9129 -0.3944
vn 0.3662 0.8761 -0.3137
vn 0.4806 0.7743 -0.4116
vn 0.3272 0.8110 -0.4850
vn 0.5968 0.7331 -0.3260
vn 0.7182 0.5746 -0.3924
vn 0.5940 0.6232 -0.5087
vn 0.8952 0.0931 0.4358
vn 0.8152 0.3702 -0.4454
vn 0.8890 0.3366 -0.3104
vn 0.3436 0.8101 0.4751
vn 0.8778 -0.3681 -0.3065
vn 0.7172 -0.2162 -0.6624
vn 0.0764 0.8828 -0.4634
vn 0.8478 0.5016 -0.1723
vn 0.8737 0.4810 -0.0724
vn 0.9515 0.2973 -0.0789
vn 0.9309 0.3126 -0.1892
vn 0.9567 0.2899 0.0246
vn 0.9949 0.0979 0.0255
vn 0.9915 0.1006 -0.0822
vn 0.9915 -0.1006 -0.0822
vn 0.9744 -0.1062 -0.1981
vn 0.9309 -0.3126 -0.1892
vn 0.7988 -0.5330 -0.2789
vn 0.8890 -0.3366 -0.3104
vn 0.7182 -0.5746 -0.3924
vn 0.8152 -0.3702 -0.4454
vn 0.9378 -0.1153 -0.3274
vn 0.8703 -0.1283 -0.4755
vn 0.6920 -0.4121 -0.5927
vn 0.7515 -0.1453 -0.6436
vn 0.7515 0.1453 -0.6436
vn 0.8703 0.1283 -0.4755
vn 0.5517 -0.1641 -0.8177
vn 0.5517 0.1641 -0.8177
vn 0.2532 0.1779 -0.9509
vn 0.2248 0.4865 -0.8443
vn 0.4978 0.4560 -0.7377
vn -0.0902 0.4865 -0.8690
vn -0.0737 0.7004 -0.7100
vn 0.1836 0.7004 -0.6898
vn 0.1423 0.8332 -0.5344
vn -0.0571 0.8332 -0.5501
vn -0.3140 0.6701 -0.6726
vn -0.3765 0.4560 -0.8064
vn -0.5910 0.4121 -0.6935
vn -0.6418 0.1453 -0.7530
vn -0.7854 0.1283 -0.6055
vn -0.7854 -0.1283 -0.6055
vn -0.6418 -0.1453 -0.7530
vn -0.5910 -0.4121 -0.6935
vn -0.3765 -0.4560 -0.8064
vn -0.3140 -0.6701 -0.6726
vn -0.0737 -0.7004 -0.7100
vn -0.0571 -0.8332 -0.5501
vn 0.1423 -0.8332 -0.5344
vn 0.1050 -0.9129 -0.3944
vn 0.1423 -0.8331 -0.5344
vn 0.4152 -0.6701 -0.6153
vn 0.1836 -0.7004 -0.6898
vn 0.3272 -0.8110 -0.4850
vn 0.5940 -0.6232 -0.5087
vn 0.4806 -0.7743 -0.4116
vn 0.3662 -0.8761 -0.3137
vn 0.2444 -0.8995 -0.3623
vn 0.5968 -0.7331 -0.3260
vn 0.4650 -0.8481 -0.2540
vn 0.6786 -0.6952 -0.2369
vn 0.2563 -0.9413 -0.2195
vn 0.4978 -0.4560 -0.7377
vn 0.2248 -0.4865 -0.8443
vn -0.0902 -0.4865 -0.8690
vn -0.4173 -0.1641 -0.8938
vn -0.1016 -0.1779 -0.9788
vn -0.4173 0.1641 -0.8938
vn -0.1016 0.1779 -0.9788
vn 0.2532 -0.1779 -0.9509
vn 0.4152 0.6701 -0.6153
vn 0.6920 0.4121 -0.5927
vn 0.9378 0.1153 -0.3274
vn 0.9744 0.1062 -0.1981
vn 0.9488 0.2899 0.1251
vn 0.9867 0.0979 0.1301
vn 0.8746 0.4709 0.1153
vn 0.8517 0.4810 0.2080
vn 0.9275 0.2973 0.2265
vn 0.6997 0.6649 0.2612
vn 0.7430 0.6443 0.1814
vn 0.8104 0.5016 0.3026
vn 0.5035 0.8206 0.2703
vn 0.5652 0.7975 0.2110
vn 0.6333 0.6952 0.3400
vn 0.2985 0.9263 0.2301
vn 0.3639 0.9107 0.1954
vn 0.4196 0.8481 0.3235
vn 0.1782 0.9744 0.1374
vn 0.1293 0.9799 0.1517
vn 0.2189 0.9413 0.2568
vn 0.0246 0.9983 0.0527
vn 0.0428 0.9978 0.0502
vn 0.0748 0.9843 0.1602
vn 0.0055 0.9986 0.0533
vn 0.0168 0.9866 0.1622
vn -0.0419 0.9866 0.1576
vn -0.0138 0.9986 0.0518
vn -0.0989 0.9843 0.1465
vn -0.1687 0.9534 0.2501
vn -0.2563 0.9413 0.2195
vn -0.3662 0.8761 0.3137
vn -0.2444 0.8995 0.3623
vn -0.4650 0.8481 0.2540
vn -0.5968 0.7331 0.3260
vn -0.4806 0.7743 0.4116
vn -0.6786 0.6952 0.2369
vn -0.7988 0.5330 0.2789
vn -0.7182 0.5746 0.3924
vn -0.8478 0.5016 0.1723
vn -0.8890 0.3366 0.3104
vn -0.9309 0.3126 0.1892
vn -0.8737 0.4810 0.0724
vn -0.9515 0.2973 0.0789
vn -0.9567 0.2899 -0.0246
vn -0.9949 0.0979 -0.0255
vn -0.9915 0.1006 0.0822
vn -0.9867 0.0979 -0.1301
vn -0.9867 -0.0979 -0.1301
vn -0.9949 -0.0979 -0.0255
vn -0.9915 -0.1006 0.0822
vn -0.9567 -0.2899 -0.0246
vn -0.9515 -0.2973 0.0789
vn -0.9309 -0.3126 0.1892
vn -0.8478 -0.5016 0.1723
vn -0.8737 -0.4810 0.0724
vn -0.6786 -0.6952 0.2369
vn -0.7988 -0.5330 0.2789
vn -0.7319 -0.6649 0.1488
vn -0.5968 -0.7331 0.3260
vn -0.7182 -0.5746 0.3924
vn -0.8890 -0.3366 0.3104
vn -0.8153 -0.3702 0.4454
vn -0.9744 -0.1062 0.1981
vn -0.9378 -0.1153 0.3274
vn -0.9744 0.1062 0.1981
vn -0.9378 0.1153 0.3274
vn -0.8153 0.3702 0.4454
vn -0.5940 0.6232 0.5087
vn -0.6920 0.4121 0.5927
vn -0.3272 0.8110 0.4850
vn -0.4152 0.6701 0.6153
vn -0.4806 -0.7743 0.4116
vn -0.4650 -0.8481 0.2540
vn -0.3662 -0.8761 0.3137
vn -0.3663 -0.8761 0.3137
vn -0.2444 -0.8995 0.3623
vn -0.2563 -0.9413 0.2195
vn -0.1687 -0.9534 0.2501
vn -0.0719 -0.9601 0.2702
vn -0.0419 -0.9866 0.1576
vn -0.0989 -0.9843 0.1465
vn -0.0138 -0.9986 0.0518
vn -0.0326 -0.9983 0.0483
vn -0.1514 -0.9799 0.1297
vn -0.0501 -0.9978 0.0429
vn -0.3308 -0.9263 0.1807
vn -0.1975 -0.9744 0.1079
vn -0.5395 -0.8206 0.1883
vn -0.3900 -0.9107 0.1361
vn -0.5395 -0.8206 0.1884
vn -0.4331 -0.8970 0.0880
vn -0.5912 -0.7975 0.1202
vn -0.7622 -0.6443 0.0632
vn -0.6223 -0.7811 0.0516
vn -0.8819 -0.4709 -0.0226
vn -0.7732 -0.6339 -0.0199
vn -0.9488 -0.2899 -0.1251
vn -0.8746 -0.4709 -0.1153
vn -0.9275 -0.2973 -0.2265
vn -0.8517 -0.4810 -0.2080
vn -0.8104 -0.5016 -0.3026
vn -0.7430 -0.6443 -0.1814
vn -0.6997 -0.6649 -0.2612
vn -0.6333 -0.6952 -0.3400
vn -0.4196 -0.8481 -0.3235
vn -0.5035 -0.8206 -0.2703
vn -0.2189 -0.9413 -0.2568
vn -0.2985 -0.9263 -0.2301
vn -0.0748 -0.9843 -0.1602
vn -0.1293 -0.9799 -0.1517
vn -0.0055 -0.9986 -0.0533
vn -0.0246 -0.9983 -0.0527
vn -0.0428 -0.9978 -0.0502
vn -0.1782 -0.9744 -0.1374
vn -0.0592 -0.9972 -0.0457
vn -0.2196 -0.9684 -0.1179
vn -0.0789 -0.9962 -0.0361
vn -0.0830 -0.9960 -0.0327
vn -0.0734 -0.9965 -0.0394
vn -0.2523 -0.9631 -0.0942
vn -0.0918 -0.9955 -0.0234
vn -0.2753 -0.9590 -0.0672
vn -0.0928 -0.9954 -0.0227
vn -0.0977 -0.9952 -0.0077
vn -0.0973 -0.9952 -0.0128
vn -0.2882 -0.9568 -0.0380
vn -0.2906 -0.9568 -0.0075
vn -0.4718 -0.8816 -0.0121
vn -0.4679 -0.8816 -0.0617
vn -0.6295 -0.7726 -0.0830
vn -0.6347 -0.7726 -0.0163
vn -0.4603 -0.8870 0.0382
vn -0.2639 -0.9631 0.0536
vn -0.2824 -0.9590 0.0234
vn -0.2353 -0.9684 0.0822
vn -0.0836 -0.9962 0.0233
vn -0.0871 -0.9960 0.0193
vn -0.0943 -0.9955 0.0087
vn -0.0786 -0.9965 0.0274
vn -0.0656 -0.9972 0.0358
vn -0.0952 -0.9954 0.0079
vn -0.6066 -0.7811 -0.1481
vn -0.4487 -0.8870 -0.1096
vn -0.5652 -0.7975 -0.2110
vn -0.4141 -0.8970 -0.1546
vn -0.3639 -0.9107 -0.1954
vn -0.7668 -0.6339 -0.1011
vn -0.0981 -0.9952 -0.0025
vn 0.0168 -0.9866 0.1622
vn 0.0055 -0.9986 0.0533
vn 0.0748 -0.9843 0.1602
vn 0.0246 -0.9983 0.0527
vn 0.1293 -0.9799 0.1517
vn 0.0428 -0.9978 0.0502
vn 0.1782 -0.9744 0.1374
vn 0.0592 -0.9972 0.0457
vn 0.2196 -0.9684 0.1179
vn 0.0789 -0.9962 0.0361
vn 0.0830 -0.9960 0.0327
vn 0.0734 -0.9965 0.0394
vn 0.0918 -0.9955 0.0234
vn 0.2523 -0.9631 0.0942
vn 0.0928 -0.9954 0.0227
vn 0.2753 -0.9590 0.0672
vn 0.2882 -0.9568 0.0380
vn 0.4679 -0.8816 0.0617
vn 0.4487 -0.8870 0.1096
vn 0.4718 -0.8816 0.0121
vn 0.6347 -0.7726 0.0163
vn 0.6295 -0.7726 0.0830
vn 0.7668 -0.6339 0.1011
vn 0.7732 -0.6339 0.0199
vn 0.7430 -0.6443 0.1814
vn 0.6066 -0.7811 0.1481
vn 0.6997 -0.6649 0.2612
vn 0.5652 -0.7975 0.2110
vn 0.5035 -0.8206 0.2703
vn 0.3639 -0.9107 0.1954
vn 0.4141 -0.8970 0.1546
vn 0.4196 -0.8481 0.3235
vn 0.2985 -0.9263 0.2301
vn 0.3128 -0.8761 0.3670
vn 0.2189 -0.9413 0.2568
vn 0.1849 -0.8995 0.3960
vn 0.1276 -0.9534 0.2734
vn 0.0289 -0.9601 0.2781
vn 0.0421 -0.9129 0.4060
vn 0.2475 -0.8110 0.5301
vn 0.4105 -0.7743 0.4816
vn 0.5073 -0.6232 0.5952
vn 0.3197 -0.6733 0.6666
vn 0.3181 -0.6724 0.6683
vn 0.3140 -0.6701 0.6726
vn 0.6482 -0.5746 0.4997
vn 0.7357 -0.3702 0.5672
vn 0.6541 -0.5215 0.5478
vn 0.6634 -0.5401 0.5179
vn 0.5910 -0.4121 0.6935
vn 0.6905 -0.6044 0.3973
vn 0.4637 -0.8143 0.3491
vn 0.3609 -0.8187 0.4467
vn 0.2586 -0.8080 0.5295
vn 0.3236 -0.6755 0.6626
vn 0.5386 -0.7331 0.4152
vn 0.7455 -0.5330 0.4002
vn 0.6333 -0.6952 0.3400
vn 0.8104 -0.5016 0.3026
vn -0.1050 -0.9129 0.3944
vn 0.8517 -0.4810 0.2080
vn 0.8746 -0.4709 0.1153
vn 0.4603 -0.8870 -0.0382
vn 0.2906 -0.9568 0.0075
vn 0.2824 -0.9590 -0.0234
vn 0.2639 -0.9631 -0.0536
vn 0.0836 -0.9962 -0.0233
vn 0.0943 -0.9955 -0.0087
vn 0.0952 -0.9954 -0.0079
vn 0.0871 -0.9960 -0.0193
vn 0.0786 -0.9965 -0.0274
vn 0.0977 -0.9952 0.0077
vn 0.0981 -0.9952 0.0025
vn 0.0973 -0.9952 0.0128
vn -0.9488 0.2899 -0.1251
vn -0.9275 0.2973 -0.2265
vn -0.8517 0.4810 -0.2080
vn -0.8746 0.4709 -0.1153
vn -0.8819 0.4709 -0.0226
vn -0.7622 0.6443 0.0632
vn -0.7732 0.6339 -0.0199
vn -0.5912 0.7975 0.1202
vn -0.6223 0.7811 0.0516
vn -0.7319 0.6649 0.1488
vn -0.5395 0.8206 0.1884
vn -0.5395 0.8206 0.1883
vn -0.3308 0.9262 0.1807
vn -0.3900 0.9107 0.1361
vn -0.1514 0.9799 0.1297
vn -0.1975 0.9744 0.1079
vn -0.0326 0.9983 0.0483
vn -0.0501 0.9978 0.0429
vn -0.0656 0.9972 0.0358
vn -0.0786 0.9965 0.0274
vn -0.0836 0.9962 0.0233
vn -0.0871 0.9960 0.0193
vn -0.2353 0.9684 0.0822
vn -0.2639 0.9631 0.0536
vn -0.4331 0.8970 0.0880
vn -0.2824 0.9590 0.0234
vn -0.4603 0.8870 0.0382
vn -0.2906 0.9568 -0.0075
vn -0.4718 0.8816 -0.0121
vn -0.4679 0.8816 -0.0617
vn -0.6295 0.7726 -0.0830
vn -0.6347 0.7726 -0.0163
vn -0.7668 0.6339 -0.1011
vn -0.6066 0.7811 -0.1481
vn -0.7430 0.6443 -0.1814
vn -0.4141 0.8970 -0.1546
vn -0.4487 0.8870 -0.1096
vn -0.5652 0.7975 -0.2110
vn -0.3639 0.9107 -0.1954
vn -0.2196 0.9684 -0.1179
vn -0.2523 0.9631 -0.0942
vn -0.0918 0.9955 -0.0234
vn -0.0789 0.9962 -0.0361
vn -0.0830 0.9960 -0.0327
vn -0.0734 0.9965 -0.0394
vn -0.2753 0.9590 -0.0672
vn -0.0928 0.9954 -0.0227
vn -0.2882 0.9568 -0.0380
vn -0.0977 0.9952 -0.0077
vn -0.0973 0.9952 -0.0128
vn -0.0981 0.9952 -0.0025
vn -0.0592 0.9972 -0.0457
vn -0.1782 0.9744 -0.1374
vn -0.0428 0.9978 -0.0502
vn -0.1293 0.9799 -0.1517
vn -0.0246 0.9983 -0.0527
vn -0.0748 0.9843 -0.1602
vn -0.0055 0.9986 -0.0533
vn -0.2189 0.9413 -0.2568
vn -0.4196 0.8481 -0.3235
vn -0.2985 0.9263 -0.2301
vn -0.5035 0.8206 -0.2703
vn -0.6333 0.6952 -0.3400
vn -0.6997 0.6649 -0.2612
vn -0.7351 -0.5513 -0.3946
vn -0.5325 -0.3127 -0.7865
vn -0.8104 0.5016 -0.3026
vn -0.0943 0.9955 0.0087
vn -0.0952 0.9954 0.0079
vn 0.1276 0.9534 0.2734
vn 0.3128 0.8761 0.3670
vn 0.4105 0.7743 0.4816
vn 0.5386 0.7331 0.4152
vn 0.6482 0.5746 0.4997
vn 0.7455 0.5330 0.4002
vn 0.8297 0.3366 0.4454
vn 0.8899 0.3126 0.3322
vn 0.9665 0.1006 0.2360
vn 0.7357 0.3702 0.5672
vn 0.5637 0.6760 0.4746
vn 0.5073 0.6232 0.5952
vn 0.5587 0.6715 0.4868
vn 0.7920 0.4363 0.4270
vn 0.7877 0.3484 0.5080
vn 0.7848 0.5194 0.3381
vn 0.5962 0.7047 0.3845
vn 0.0138 0.9986 -0.0518
vn 0.0326 0.9983 -0.0483
vn 0.0501 0.9978 -0.0429
vn 0.0656 0.9972 -0.0358
vn 0.0786 0.9965 -0.0274
vn 0.0836 0.9962 -0.0233
vn 0.0871 0.9960 -0.0193
vn 0.0943 0.9955 -0.0088
vn 0.0952 0.9954 -0.0079
vn 0.0981 0.9952 0.0025
vn 0.0977 0.9952 0.0077
vn 0.0973 0.9952 0.0128
vn 0.0928 0.9954 0.0227
vn 0.0789 0.9962 0.0361
vn 0.0918 0.9955 0.0234
vn 0.0830 0.9960 0.0327
vn 0.0734 0.9965 0.0394
vn 0.0592 0.9972 0.0457
vn 0.2196 0.9684 0.1179
vn 0.2523 0.9631 0.0942
vn 0.4141 0.8970 0.1546
vn 0.4487 0.8870 0.1096
vn 0.6066 0.7811 0.1481
vn 0.6295 0.7726 0.0830
vn 0.7668 0.6339 0.1011
vn 0.8819 0.4709 0.0226
vn 0.7732 0.6339 0.0199
vn 0.7622 0.6443 -0.0632
vn 0.6223 0.7811 -0.0516
vn 0.6347 0.7726 0.0163
vn 0.5912 0.7975 -0.1202
vn 0.4331 0.8970 -0.0880
vn 0.4603 0.8870 -0.0382
vn 0.2353 0.9684 -0.0822
vn 0.2639 0.9631 -0.0536
vn 0.3900 0.9107 -0.1361
vn 0.3308 0.9262 -0.1807
vn 0.3308 0.9263 -0.1807
vn 0.1975 0.9744 -0.1079
vn 0.5395 0.8206 -0.1883
vn 0.5395 0.8206 -0.1884
vn 0.4650 0.8481 -0.2540
vn 0.2563 0.9413 -0.2195
vn 0.0989 0.9843 -0.1465
vn 0.1514 0.9799 -0.1297
vn 0.6786 0.6952 -0.2369
vn 0.7319 0.6649 -0.1488
vn 0.2824 0.9590 -0.0234
vn 0.2906 0.9568 0.0075
vn 0.4718 0.8816 0.0121
vn 0.4679 0.8816 0.0617
vn 0.2753 0.9590 0.0672
vn 0.2882 0.9568 0.0380
vn 0.7736 0.5700 0.2767
vn 0.5239 -0.8031 0.2839
vn 0.6423 0.7050 0.3006
vn 0.6330 0.6997 0.3314
vn 0.6417 0.7047 0.3028
vn 0.6499 0.7091 0.2734
vn 0.0289 0.9483 0.3162
vn -0.9734 0.0535 0.2226
vn -0.8817 -0.4266 0.2016
vt 0.330974 0.258154
vt 0.360545 0.275216
vt 0.328044 0.266878
vt 0.327147 0.275809
vt 0.305539 0.271639
vt 0.308158 0.254338
vt 0.306021 0.262939
vt 0.295037 0.243392
vt 0.312530 0.244782
vt 0.292028 0.253067
vt 0.269656 0.255870
vt 0.290637 0.260782
vt 0.277865 0.246183
vt 0.290152 0.269097
vt 0.273676 0.265204
vt 0.269406 0.258565
vt 0.279277 0.277087
vt 0.265737 0.260437
vt 0.269725 0.276407
vt 0.270910 0.286933
vt 0.262003 0.286518
vt 0.262438 0.276228
vt 0.261767 0.299995
vt 0.252900 0.286620
vt 0.254195 0.275921
vt 0.245409 0.267375
vt 0.258177 0.263616
vt 0.244502 0.276558
vt 0.232696 0.278024
vt 0.242573 0.287444
vt 0.233975 0.268711
vt 0.233891 0.260409
vt 0.218359 0.261983
vt 0.218602 0.270749
vt 0.245088 0.259433
vt 0.244394 0.252242
vt 0.232602 0.252138
vt 0.261515 0.258233
vt 0.261445 0.256124
vt 0.264211 0.257355
vt 0.264216 0.257779
vt 0.263662 0.260448
vt 0.264701 0.257317
vt 0.264640 0.257799
vt 0.263628 0.252511
vt 0.266557 0.252666
vt 0.263086 0.230182
vt 0.256269 0.247677
vt 0.273032 0.230262
vt 0.262921 0.213416
vt 0.252144 0.230358
vt 0.276327 0.213639
vt 0.263125 0.188925
vt 0.249304 0.213372
vt 0.263550 0.152653
vt 0.245151 0.189092
vt 0.281038 0.189533
vt 0.238845 0.153467
vt 0.234170 0.213611
vt 0.225848 0.190345
vt 0.264248 0.098010
vt 0.228846 0.100305
vt 0.213158 0.156972
vt 0.265412 0.012349
vt 0.211693 0.019526
vt 0.193478 0.108513
vt 0.221077 0.687033
vt 0.254838 0.776110
vt 0.201445 0.767225
vt 0.161684 0.037833
vt 0.185943 0.677801
vt 0.152104 0.747433
vt 0.206958 0.629909
vt 0.151588 0.662416
vt 0.179938 0.622257
vt 0.174063 0.586590
vt 0.198930 0.593314
vt 0.151199 0.609967
vt 0.120792 0.591455
vt 0.118771 0.640418
vt 0.144981 0.574739
vt 0.162801 0.560879
vt 0.128093 0.545582
vt 0.110934 0.554767
vt 0.141072 0.537032
vt 0.081806 0.516800
vt 0.091771 0.511388
vt 0.099286 0.505893
vt 0.030259 0.483478
vt 0.036521 0.481214
vt 0.150469 0.528866
vt 0.104482 0.500183
vt 0.042021 0.478792
vt 0.046163 0.475964
vt 0.107554 0.494122
vt 0.156791 0.520846
vt 0.160434 0.512738
vt 0.189977 0.529929
vt 0.184381 0.539082
vt 0.161947 0.504173
vt 0.193869 0.512222
vt 0.192951 0.521178
vt 0.192828 0.502390
vt 0.214300 0.506706
vt 0.215527 0.516337
vt 0.211540 0.495467
vt 0.227435 0.498343
vt 0.229769 0.509356
vt 0.224031 0.484687
vt 0.237389 0.486614
vt 0.239770 0.500247
vt 0.234483 0.469276
vt 0.247365 0.470357
vt 0.248783 0.487779
vt 0.246071 0.448496
vt 0.259936 0.448938
vt 0.259342 0.470862
vt 0.260331 0.422772
vt 0.273716 0.449136
vt 0.271152 0.470834
vt 0.286498 0.473207
vt 0.281033 0.486762
vt 0.288412 0.448825
vt 0.269719 0.487909
vt 0.294959 0.484838
vt 0.291160 0.498849
vt 0.278629 0.500560
vt 0.307412 0.496397
vt 0.304266 0.507695
vt 0.288545 0.509966
vt 0.326028 0.503992
vt 0.324701 0.513852
vt 0.302757 0.517393
vt 0.356995 0.506624
vt 0.358295 0.515267
vt 0.325382 0.522893
vt 0.411948 0.497848
vt 0.361750 0.523508
vt 0.328149 0.531781
vt 0.333555 0.541131
vt 0.309251 0.544981
vt 0.304978 0.535198
vt 0.316389 0.556532
vt 0.296800 0.558316
vt 0.291539 0.546173
vt 0.305160 0.574434
vt 0.286675 0.575404
vt 0.281649 0.558481
vt 0.295224 0.594364
vt 0.271755 0.575170
vt 0.275110 0.599034
vt 0.318526 0.594416
vt 0.307196 0.631370
vt 0.335361 0.624517
vt 0.326933 0.680403
vt 0.291943 0.688277
vt 0.281929 0.634337
vt 0.308522 0.769307
vt 0.256476 0.690388
vt 0.257380 0.635495
vt 0.232575 0.634083
vt 0.239633 0.598660
vt 0.220455 0.596914
vt 0.211734 0.572367
vt 0.229357 0.573944
vt 0.220294 0.556920
vt 0.235214 0.557600
vt 0.244353 0.574567
vt 0.247444 0.557733
vt 0.258041 0.574863
vt 0.257492 0.599266
vt 0.238968 0.545557
vt 0.249416 0.545586
vt 0.258381 0.557816
vt 0.258594 0.545597
vt 0.267783 0.545889
vt 0.269336 0.558147
vt 0.250601 0.536292
vt 0.258737 0.536331
vt 0.266884 0.536533
vt 0.266501 0.528610
vt 0.275487 0.528411
vt 0.276326 0.536647
vt 0.266709 0.520884
vt 0.275682 0.520345
vt 0.287098 0.527789
vt 0.287166 0.519292
vt 0.302965 0.526286
vt 0.288463 0.536406
vt 0.276747 0.511407
vt 0.267330 0.512215
vt 0.268352 0.501545
vt 0.259144 0.501849
vt 0.259243 0.488230
vt 0.249960 0.501391
vt 0.250774 0.512041
vt 0.241425 0.511039
vt 0.242277 0.519943
vt 0.230910 0.518618
vt 0.230760 0.527041
vt 0.215086 0.525134
vt 0.229171 0.535543
vt 0.212858 0.533904
vt 0.241202 0.536129
vt 0.225845 0.545118
vt 0.208382 0.543471
vt 0.201080 0.554719
vt 0.175586 0.549204
vt 0.190070 0.568676
vt 0.242266 0.527966
vt 0.251205 0.528404
vt 0.251195 0.520696
vt 0.259041 0.512470
vt 0.258943 0.521046
vt 0.258846 0.528578
vt 0.278283 0.546204
vt 0.318879 0.021056
vt 0.368259 0.040739
vt 0.334639 0.110393
vt 0.358593 0.751495
vt 0.299557 0.101255
vt 0.368967 0.125682
vt 0.340735 0.165862
vt 0.313749 0.158262
vt 0.369465 0.178068
vt 0.346674 0.201490
vt 0.321791 0.194835
vt 0.375769 0.213237
vt 0.358006 0.227143
vt 0.330721 0.219456
vt 0.392735 0.242297
vt 0.379799 0.250883
vt 0.345270 0.238854
vt 0.429137 0.276305
vt 0.421656 0.281821
vt 0.370440 0.259074
vt 0.478948 0.308650
vt 0.416490 0.287544
vt 0.484418 0.306210
vt 0.474835 0.311495
vt 0.413447 0.293610
vt 0.364154 0.267107
vt 0.412002 0.300196
vt 0.359062 0.283776
vt 0.472030 0.318207
vt 0.359641 0.293282
vt 0.328210 0.285635
vt 0.331063 0.296956
vt 0.309514 0.292586
vt 0.306746 0.281309
vt 0.313668 0.306246
vt 0.297011 0.303437
vt 0.293564 0.289736
vt 0.301268 0.320598
vt 0.286580 0.318931
vt 0.283598 0.301567
vt 0.289662 0.340568
vt 0.273637 0.317915
vt 0.275117 0.339794
vt 0.305704 0.341816
vt 0.292044 0.366253
vt 0.276221 0.365779
vt 0.276493 0.394316
vt 0.260665 0.394134
vt 0.260994 0.365521
vt 0.275608 0.422880
vt 0.245067 0.422479
vt 0.244836 0.393939
vt 0.245766 0.365430
vt 0.247465 0.339481
vt 0.229938 0.365542
vt 0.232904 0.339929
vt 0.236474 0.318368
vt 0.221749 0.319709
vt 0.216840 0.340818
vt 0.209672 0.305091
vt 0.226384 0.302652
vt 0.204117 0.321784
vt 0.214132 0.291539
vt 0.230122 0.289042
vt 0.239835 0.301066
vt 0.251306 0.300197
vt 0.249444 0.317640
vt 0.261548 0.317483
vt 0.261294 0.339438
vt 0.272180 0.300455
vt 0.281112 0.287926
vt 0.291215 0.278604
vt 0.217159 0.280352
vt 0.192480 0.295408
vt 0.195589 0.284151
vt 0.196876 0.274344
vt 0.163958 0.291083
vt 0.164747 0.281579
vt 0.163454 0.272972
vt 0.110034 0.290244
vt 0.111340 0.296879
vt 0.050764 0.313637
vt 0.049876 0.319039
vt 0.110864 0.304504
vt 0.161259 0.301891
vt 0.047316 0.325938
vt 0.108668 0.313498
vt 0.187746 0.308756
vt 0.156863 0.314506
vt 0.181784 0.324875
vt 0.151166 0.329569
vt 0.175465 0.344410
vt 0.198245 0.342244
vt 0.212827 0.365882
vt 0.193500 0.366504
vt 0.228534 0.393734
vt 0.211093 0.393514
vt 0.229230 0.421960
vt 0.212129 0.421182
vt 0.231521 0.447650
vt 0.215492 0.446337
vt 0.219839 0.467549
vt 0.196950 0.444432
vt 0.202292 0.465021
vt 0.207418 0.481830
vt 0.190004 0.491066
vt 0.185612 0.477614
vt 0.161401 0.494660
vt 0.158981 0.483797
vt 0.109028 0.487535
vt 0.108747 0.479914
vt 0.049012 0.469255
vt 0.048260 0.463858
vt 0.045869 0.456929
vt 0.106781 0.470884
vt 0.154910 0.471088
vt 0.103323 0.459945
vt 0.042380 0.448023
vt 0.149599 0.455901
vt 0.038718 0.436591
vt 0.098926 0.446500
vt 0.143962 0.437590
vt 0.094766 0.430141
vt 0.036317 0.422573
vt 0.139710 0.416054
vt 0.092461 0.411379
vt 0.036604 0.407393
vt 0.039712 0.393474
vt 0.092960 0.392056
vt 0.138768 0.392606
vt 0.092907 0.372718
vt 0.140284 0.369184
vt 0.168550 0.392976
vt 0.170407 0.367520
vt 0.191602 0.393266
vt 0.169771 0.418468
vt 0.145069 0.347748
vt 0.100205 0.337719
vt 0.095652 0.353996
vt 0.104934 0.324366
vt 0.036965 0.360182
vt 0.039684 0.346177
vt 0.043613 0.334793
vt 0.036919 0.375404
vt 0.192826 0.420067
vt 0.174244 0.441688
vt 0.180065 0.461363
vt 0.039731 0.389408
vt 0.160022 0.264765
vt 0.107116 0.284095
vt 0.048081 0.306827
vt 0.153907 0.256573
vt 0.102061 0.278240
vt 0.044001 0.303884
vt 0.144719 0.248152
vt 0.094677 0.272539
vt 0.038546 0.301315
vt 0.131955 0.239248
vt 0.084837 0.266855
vt 0.032320 0.298881
vt 0.115020 0.229592
vt 0.072571 0.261066
vt 0.026018 0.296504
vt 0.020451 0.294451
vt 0.058136 0.255183
vt 0.093373 0.218968
vt 0.016402 0.293333
vt 0.041974 0.249553
vt 0.066689 0.207512
vt 0.034831 0.196347
vt 0.052348 0.148461
vt 0.094178 0.172228
vt 0.062128 0.575497
vt 0.088591 0.611432
vt 0.046224 0.633984
vt 0.072520 0.679083
vt 0.030061 0.585771
vt 0.079965 0.103993
vt 0.117083 0.066383
vt 0.125206 0.144030
vt 0.108457 0.717645
vt 0.158676 0.122927
vt 0.156830 0.175412
vt 0.125881 0.193118
vt 0.185929 0.163897
vt 0.179081 0.199434
vt 0.149646 0.210509
vt 0.167107 0.224864
vt 0.194613 0.217805
vt 0.179582 0.236893
vt 0.205237 0.232085
vt 0.188102 0.247256
vt 0.212208 0.243548
vt 0.193448 0.256556
vt 0.216387 0.253220
vt 0.196186 0.265374
vt 0.229682 0.242499
vt 0.224537 0.230455
vt 0.239592 0.230226
vt 0.242832 0.242637
vt 0.216421 0.214710
vt 0.204170 0.193376
vt 0.089052 0.564788
vt 0.038604 0.532916
vt 0.054870 0.527734
vt 0.069420 0.522250
vt 0.014275 0.488583
vt 0.018331 0.487577
vt 0.023924 0.485680
vt 0.012260 0.488313
vt 0.021112 0.537051
vt 0.024552 0.244939
vt 0.014371 0.293552
vt 0.291306 0.422772
vt 0.292781 0.394501
vt 0.308577 0.422385
vt 0.304755 0.447617
vt 0.309152 0.366980
vt 0.310256 0.394678
vt 0.324265 0.343654
vt 0.328477 0.368028
vt 0.341102 0.326647
vt 0.346997 0.346316
vt 0.318848 0.323063
vt 0.335497 0.310403
vt 0.362101 0.304134
vt 0.366221 0.316829
vt 0.412316 0.307810
vt 0.414323 0.316827
vt 0.472826 0.323589
vt 0.475269 0.330491
vt 0.478824 0.339360
vt 0.417835 0.327745
vt 0.482568 0.350751
vt 0.422304 0.341167
vt 0.371595 0.331997
vt 0.377313 0.350294
vt 0.426562 0.357507
vt 0.381665 0.371831
vt 0.351562 0.369541
vt 0.428984 0.376270
vt 0.382714 0.395306
vt 0.352884 0.395061
vt 0.381300 0.418775
vt 0.329790 0.394859
vt 0.351129 0.420565
vt 0.327988 0.421679
vt 0.346168 0.443731
vt 0.323391 0.446011
vt 0.376594 0.440273
vt 0.370547 0.458510
vt 0.339928 0.463296
vt 0.364877 0.473615
vt 0.416960 0.463574
vt 0.421648 0.450153
vt 0.426133 0.433800
vt 0.484982 0.427293
vt 0.482342 0.441401
vt 0.428777 0.415007
vt 0.484916 0.411988
vt 0.428605 0.395620
vt 0.481982 0.397947
vt 0.481912 0.393869
vt 0.478462 0.452883
vt 0.413254 0.474494
vt 0.474793 0.461818
vt 0.411077 0.483528
vt 0.360488 0.486258
vt 0.472272 0.468771
vt 0.410620 0.491185
vt 0.357787 0.497091
vt 0.471436 0.474201
vt 0.329197 0.492723
vt 0.312079 0.482958
vt 0.333981 0.479399
vt 0.317766 0.466459
vt 0.300785 0.468540
vt 0.484909 0.379914
vt 0.485075 0.364737
vt 0.336522 0.248999
vt 0.319764 0.233474
vt 0.300492 0.231389
vt 0.309017 0.215838
vt 0.291319 0.214277
vt 0.300241 0.191270
vt 0.288206 0.154104
vt 0.285368 0.230682
vt 0.474186 0.481036
vt 0.414896 0.504023
vt 0.478347 0.483981
vt 0.419993 0.509902
vt 0.483901 0.486560
vt 0.427437 0.515629
vt 0.490241 0.489014
vt 0.437359 0.521345
vt 0.496658 0.491422
vt 0.449730 0.527177
vt 0.502332 0.493508
vt 0.464293 0.533118
vt 0.506467 0.494643
vt 0.480606 0.538818
vt 0.508547 0.494411
vt 0.498198 0.543502
vt 0.499557 0.250447
vt 0.508547 0.299046
vt 0.482118 0.254630
vt 0.506542 0.298784
vt 0.465906 0.259855
vt 0.502509 0.299800
vt 0.451405 0.265379
vt 0.496948 0.301710
vt 0.439063 0.270864
vt 0.490647 0.303928
vt 0.409842 0.233066
vt 0.431658 0.222990
vt 0.399884 0.196468
vt 0.431981 0.176429
vt 0.401780 0.147571
vt 0.447869 0.108861
vt 0.411919 0.070425
vt 0.362344 0.666061
vt 0.403774 0.723311
vt 0.396316 0.644988
vt 0.441636 0.685713
vt 0.364777 0.613145
vt 0.395955 0.595508
vt 0.427770 0.616712
vt 0.372165 0.577920
vt 0.406966 0.558848
vt 0.428736 0.569589
vt 0.389951 0.549120
vt 0.377130 0.540175
vt 0.354686 0.563512
vt 0.342150 0.551499
vt 0.342802 0.588792
vt 0.327219 0.570644
vt 0.367898 0.531727
vt 0.455611 0.581211
vt 0.487750 0.592573
vt 0.469871 0.640930
vt 0.474210 0.153810
vt 0.490470 0.201867
vt 0.458501 0.212216
s 1
usemtl honMaguro
f 714/841/1530 710/842/1530 709/843/1530
f 710/842/1531 711/844/1531 709/843/1531
f 709/843/1532 711/844/1532 713/845/1532
f 715/846/1533 709/843/1533 712/847/1533
f 709/843/1532 713/845/1532 712/847/1532
f 715/846/1533 714/841/1533 709/843/1533
f 717/848/1534 716/849/1534 715/846/1534
f 716/849/1535 714/841/1535 715/846/1535
f 717/848/1534 715/846/1534 718/850/1534
f 718/850/1536 715/846/1536 712/847/1536
f 719/851/1537 718/850/1538 721/852/1539
f 720/853/1540 718/850/1541 719/851/1542
f 718/850/1536 712/847/1536 721/852/1536
f 720/853/1540 717/848/1543 718/850/1541
f 712/847/1544 722/854/1544 721/852/1545
f 721/852/1546 722/854/1547 724/855/1548
f 719/851/1537 721/852/1539 723/856/1549
f 721/852/1546 724/855/1548 723/856/1550
f 722/854/1551 725/857/1552 724/855/1553
f 723/856/1554 724/855/1555 726/858/1556
f 724/855/1557 725/857/1558 727/859/1559
f 724/855/1557 727/859/1559 726/858/1560
f 725/857/1561 728/860/1562 727/859/1563
f 727/859/1564 728/860/1565 730/861/1566
f 726/858/1567 727/859/1568 729/862/1569
f 727/859/1564 730/861/1566 729/862/1570
f 728/860/1571 732/863/1571 730/861/1571
f 731/864/1572 730/861/1572 732/863/1572
f 733/865/1573 730/861/1574 731/864/1575
f 733/865/1573 729/862/1576 730/861/1574
f 735/866/1577 734/867/1578 733/865/1579
f 734/867/1580 729/862/1581 733/865/1582
f 735/866/1577 733/865/1579 736/868/1583
f 736/868/1584 733/865/1584 731/864/1584
f 737/869/1585 736/868/1585 738/870/1585
f 739/871/1586 736/868/1586 737/869/1586
f 736/868/1584 731/864/1584 738/870/1584
f 739/871/1586 735/866/1586 736/868/1586
f 742/872/1587 735/866/1588 739/871/1589
f 740/873/1590 742/872/1591 739/871/1590
f 740/873/1590 739/871/1590 741/874/1590
f 741/874/1592 739/871/1592 737/869/1592
f 742/872/1587 745/875/1593 735/866/1588
f 743/876/1594 745/875/1595 742/872/1596
f 743/876/1594 742/872/1596 744/877/1597
f 744/877/1598 742/872/1598 740/873/1598
f 745/875/1599 747/878/1600 734/867/1601
f 745/875/1599 734/867/1601 735/866/1602
f 746/879/1603 747/878/1604 745/875/1603
f 746/879/1603 745/875/1603 743/876/1603
f 750/880/1605 748/881/1606 747/878/1607
f 747/878/1608 748/881/1609 749/882/1610
f 747/878/1608 749/882/1610 734/867/1611
f 750/880/1605 747/878/1607 746/879/1612
f 750/880/1613 751/883/1613 753/884/1613
f 752/885/1614 751/883/1615 750/880/1616
f 752/885/1617 750/880/1618 746/879/1619
f 750/880/1613 753/884/1613 748/881/1613
f 751/883/1620 723/856/1621 753/884/1622
f 723/856/1554 726/858/1556 753/884/1623
f 753/884/1624 726/858/1625 749/882/1626
f 753/884/1624 749/882/1626 748/881/1627
f 752/885/1614 754/886/1628 751/883/1615
f 756/887/1629 754/886/1630 752/885/1631
f 756/887/1632 752/885/1633 755/888/1634
f 752/885/1617 746/879/1619 755/888/1635
f 756/887/1629 757/889/1636 754/886/1630
f 759/890/1637 757/889/1637 756/887/1637
f 759/890/1638 756/887/1638 758/891/1638
f 756/887/1632 755/888/1634 758/891/1639
f 759/890/1637 760/892/1637 757/889/1637
f 762/893/1640 760/892/1640 759/890/1640
f 762/893/1641 759/890/1641 761/894/1641
f 759/890/1638 758/891/1638 761/894/1638
f 763/895/1642 762/893/1642 765/896/1642
f 763/895/1643 764/897/1643 762/893/1643
f 762/893/1640 764/897/1640 760/892/1640
f 762/893/1641 761/894/1641 765/896/1641
f 763/895/1642 765/896/1642 768/898/1642
f 765/896/1644 761/894/1644 767/899/1644
f 768/898/1645 765/896/1645 766/900/1645
f 765/896/1644 767/899/1644 766/900/1644
f 769/901/1646 763/895/1646 768/898/1646
f 769/901/1646 768/898/1646 771/902/1646
f 771/902/1647 768/898/1647 770/903/1647
f 768/898/1645 766/900/1645 770/903/1645
f 772/904/1648 769/901/1648 771/902/1648
f 772/904/1648 771/902/1648 774/905/1648
f 774/905/1649 771/902/1649 773/906/1649
f 771/902/1647 770/903/1647 773/906/1647
f 776/907/1650 772/908/1650 774/909/1650
f 774/905/1649 773/906/1649 775/910/1649
f 777/911/1651 774/909/1651 775/912/1651
f 777/911/1651 776/907/1651 774/909/1651
f 779/913/1652 776/907/1652 777/911/1652
f 778/914/1653 777/911/1653 775/912/1653
f 780/915/1654 777/911/1654 778/914/1654
f 780/915/1654 779/913/1654 777/911/1654
f 782/916/1655 781/917/1655 780/915/1655
f 781/917/1656 779/913/1656 780/915/1656
f 782/916/1655 780/915/1655 783/918/1655
f 783/918/1657 780/915/1657 778/914/1657
f 784/919/1658 783/918/1658 785/920/1658
f 786/921/1659 783/918/1659 784/919/1659
f 783/918/1657 778/914/1657 785/920/1657
f 786/921/1659 782/916/1659 783/918/1659
f 787/922/1660 782/916/1660 786/921/1661
f 789/923/1662 787/922/1662 786/921/1662
f 788/924/1663 786/921/1663 784/919/1663
f 789/923/1662 786/921/1662 788/924/1662
f 791/925/1664 787/922/1664 789/923/1664
f 790/926/1665 789/923/1665 788/924/1665
f 792/927/1666 789/923/1666 790/926/1666
f 792/927/1666 791/925/1666 789/923/1666
f 794/928/1667 791/925/1667 792/927/1667
f 793/929/1668 792/927/1668 790/926/1668
f 793/930/1669 794/928/1669 792/927/1669
f 794/928/1667 795/931/1667 791/925/1667
f 796/932/1670 795/931/1670 794/928/1670
f 793/933/1671 796/932/1671 794/928/1671
f 793/934/1672 797/935/1672 796/932/1672
f 797/935/1673 798/936/1673 796/932/1673
f 796/932/1670 798/936/1670 795/931/1670
f 797/935/1673 801/937/1673 798/936/1673
f 798/936/1674 799/938/1674 800/939/1674
f 801/937/1675 799/938/1675 798/936/1675
f 798/936/1674 800/939/1674 795/931/1674
f 802/940/1676 801/937/1676 797/935/1676
f 804/941/1677 801/937/1677 802/940/1677
f 801/937/1675 803/942/1675 799/938/1675
f 804/941/1677 803/942/1677 801/937/1677
f 805/943/1678 804/941/1678 802/940/1678
f 807/944/1679 804/941/1679 805/943/1679
f 807/944/1679 806/945/1679 804/941/1679
f 806/945/1680 803/942/1680 804/941/1680
f 808/946/1681 807/944/1681 805/943/1681
f 810/947/1682 807/944/1682 808/946/1682
f 810/947/1682 809/948/1682 807/944/1682
f 809/948/1683 806/945/1683 807/944/1683
f 811/949/1684 810/947/1684 808/946/1684
f 813/950/1685 810/947/1685 811/949/1685
f 813/950/1685 812/951/1685 810/947/1685
f 812/951/1686 809/948/1686 810/947/1686
f 814/952/1687 813/950/1687 811/949/1687
f 816/953/1688 813/950/1688 814/952/1688
f 816/953/1688 815/954/1688 813/950/1688
f 815/954/1689 812/951/1689 813/950/1689
f 817/955/1690 816/953/1690 814/952/1690
f 819/956/1691 816/953/1691 817/955/1691
f 819/956/1691 818/957/1691 816/953/1691
f 818/957/1692 815/954/1692 816/953/1692
f 820/958/1693 819/956/1693 817/955/1693
f 820/958/1694 821/959/1694 819/956/1694
f 819/956/1695 821/959/1695 822/960/1695
f 819/956/1695 822/960/1695 818/957/1695
f 822/960/1696 823/961/1696 826/962/1696
f 824/963/1697 823/961/1697 822/960/1697
f 824/963/1698 822/960/1698 821/959/1698
f 818/957/1699 822/960/1699 825/964/1699
f 822/960/1700 826/962/1700 825/964/1700
f 826/962/1701 827/965/1701 829/966/1701
f 823/961/1702 827/965/1702 826/962/1702
f 825/964/1703 826/962/1703 828/967/1703
f 826/962/1701 829/966/1701 828/967/1701
f 829/966/1704 830/968/1704 832/969/1704
f 827/965/1705 830/968/1705 829/966/1705
f 828/967/1706 829/966/1706 831/970/1706
f 829/966/1704 832/969/1704 831/970/1704
f 830/968/1707 833/971/1707 832/969/1707
f 832/969/1708 833/971/1708 835/972/1708
f 831/970/1709 832/969/1709 834/973/1709
f 832/969/1708 835/972/1708 834/973/1708
f 835/972/1710 836/974/1710 838/975/1710
f 833/971/1711 836/974/1711 835/972/1711
f 834/973/1712 835/972/1712 837/976/1712
f 835/972/1710 838/975/1710 837/976/1710
f 839/977/1713 840/978/1713 838/975/1713
f 836/974/1714 839/977/1714 838/975/1714
f 838/975/1715 841/979/1715 837/976/1715
f 838/975/1715 840/978/1715 841/979/1715
f 840/978/1716 842/980/1716 841/979/1716
f 841/979/1717 842/980/1717 844/981/1717
f 837/976/1718 841/979/1718 843/982/1718
f 841/979/1717 844/981/1717 843/982/1717
f 842/980/1719 845/983/1719 844/981/1719
f 844/981/1720 845/983/1720 847/984/1720
f 843/982/1721 844/981/1721 846/985/1721
f 844/981/1720 847/984/1720 846/985/1720
f 845/983/1722 848/986/1722 847/984/1722
f 847/984/1723 848/986/1723 850/987/1723
f 846/985/1724 847/984/1724 849/988/1724
f 847/984/1723 850/987/1723 849/988/1723
f 848/986/1725 853/989/1725 850/987/1725
f 849/988/1726 850/987/1726 851/990/1726
f 850/987/1727 852/991/1727 851/990/1727
f 850/987/1728 853/989/1728 852/991/1728
f 848/986/1729 854/992/1729 853/989/1729
f 854/992/1730 855/993/1730 853/989/1730
f 852/991/1731 853/989/1731 855/993/1731
f 854/992/1732 856/994/1732 855/993/1732
f 856/994/1733 858/995/1733 855/993/1733
f 855/993/1734 859/996/1734 857/997/1734
f 852/991/1735 855/993/1735 857/997/1735
f 855/993/1734 858/995/1734 859/996/1734
f 858/995/1736 860/998/1736 859/996/1736
f 859/996/1737 860/998/1737 772/908/1737
f 857/997/1738 859/996/1738 861/999/1738
f 859/996/1737 772/908/1737 861/999/1737
f 857/997/1738 861/999/1738 862/1000/1738
f 776/907/1650 861/999/1650 772/908/1650
f 863/1001/1739 861/999/1739 776/907/1739
f 863/1001/1739 862/1000/1739 861/999/1739
f 864/1002/1740 862/1000/1740 863/1001/1740
f 779/913/1652 863/1001/1652 776/907/1652
f 865/1003/1741 863/1001/1741 779/913/1741
f 865/1003/1741 864/1002/1741 863/1001/1741
f 866/1004/1742 867/1005/1742 865/1003/1742
f 866/1004/1742 865/1003/1742 781/917/1742
f 867/1005/1743 864/1002/1743 865/1003/1743
f 781/917/1656 865/1003/1656 779/913/1656
f 869/1006/1744 868/1007/1744 867/1005/1744
f 868/1007/1745 870/1008/1745 867/1005/1745
f 869/1006/1744 867/1005/1744 866/1004/1744
f 867/1005/1743 870/1008/1743 864/1002/1743
f 868/1007/1745 873/1009/1745 870/1008/1745
f 870/1008/1746 871/1010/1746 872/1011/1746
f 873/1009/1747 871/1010/1747 870/1008/1747
f 870/1008/1746 872/1011/1746 864/1002/1746
f 875/1012/1748 874/1013/1748 873/1009/1748
f 874/1013/1749 876/1014/1749 873/1009/1749
f 875/1012/1748 873/1009/1748 868/1007/1748
f 873/1009/1747 876/1014/1747 871/1010/1747
f 874/1013/1749 879/1015/1749 876/1014/1749
f 878/1016/1750 877/1017/1750 876/1014/1750
f 877/1017/1751 871/1010/1751 876/1014/1751
f 878/1016/1750 876/1014/1750 879/1015/1750
f 881/1018/1752 880/1019/1752 879/1015/1752
f 882/1020/1753 879/1015/1753 880/1019/1753
f 881/1018/1752 879/1015/1752 874/1013/1752
f 882/1020/1753 878/1016/1753 879/1015/1753
f 883/1021/1754 882/1020/1754 880/1019/1754
f 885/1022/1755 882/1020/1755 883/1021/1755
f 885/1022/1755 884/1023/1755 882/1020/1755
f 884/1023/1756 878/1016/1756 882/1020/1756
f 887/1024/1757 886/1025/1757 885/1022/1757
f 886/1025/1758 888/1026/1758 885/1022/1758
f 887/1024/1757 885/1022/1757 883/1021/1757
f 888/1026/1759 884/1023/1759 885/1022/1759
f 886/1025/1758 891/1027/1758 888/1026/1758
f 889/1028/1760 890/1029/1760 888/1026/1760
f 891/1027/1761 889/1028/1761 888/1026/1761
f 888/1026/1759 890/1029/1759 884/1023/1759
f 892/1030/1762 831/970/1762 891/1027/1762
f 831/970/1709 834/973/1709 891/1027/1709
f 892/1030/1762 891/1027/1762 886/1025/1762
f 891/1027/1761 834/973/1761 889/1028/1761
f 828/967/1706 831/970/1706 892/1030/1706
f 893/1031/1763 892/1030/1763 886/1025/1763
f 894/1032/1764 892/1030/1764 893/1031/1764
f 894/1032/1764 828/967/1764 892/1030/1764
f 825/964/1703 828/967/1703 894/1032/1703
f 895/1033/1765 894/1032/1765 893/1031/1765
f 896/1034/1766 894/1032/1766 895/1033/1766
f 896/1034/1766 825/964/1766 894/1032/1766
f 818/957/1699 825/964/1699 896/1034/1699
f 896/1034/1767 895/1033/1767 897/1035/1767
f 818/957/1692 896/1034/1692 815/954/1692
f 896/1034/1767 897/1035/1767 815/954/1767
f 895/1033/1768 898/1036/1768 897/1035/1768
f 897/1035/1769 898/1036/1769 899/1037/1769
f 815/954/1689 897/1035/1689 812/951/1689
f 897/1035/1769 899/1037/1769 812/951/1769
f 898/1036/1770 900/1038/1770 899/1037/1770
f 899/1037/1771 900/1038/1771 901/1039/1771
f 812/951/1686 899/1037/1686 809/948/1686
f 899/1037/1771 901/1039/1771 809/948/1771
f 900/1038/1772 902/1040/1772 901/1039/1772
f 901/1039/1773 902/1040/1773 903/1041/1773
f 809/948/1683 901/1039/1683 806/945/1683
f 901/1039/1773 903/1041/1773 806/945/1773
f 903/1041/1774 902/1040/1774 905/1042/1774
f 803/942/1775 903/1041/1775 904/1043/1775
f 903/1041/1774 905/1042/1774 904/1043/1776
f 806/945/1680 903/1041/1680 803/942/1680
f 905/1042/1777 906/1044/1777 875/1012/1777
f 902/1040/1778 906/1044/1778 905/1042/1778
f 904/1043/1779 905/1042/1779 907/1045/1779
f 905/1042/1777 875/1012/1777 907/1045/1777
f 907/1045/1780 875/1012/1780 868/1007/1780
f 908/1046/1781 907/1045/1781 869/1006/1781
f 904/1043/1779 907/1045/1779 908/1046/1779
f 907/1045/1780 868/1007/1780 869/1006/1780
f 800/939/1782 908/1046/1782 909/1047/1782
f 799/938/1783 908/1046/1783 800/939/1783
f 908/1046/1781 869/1006/1781 909/1047/1781
f 799/938/1783 904/1043/1783 908/1046/1783
f 909/1047/1784 869/1006/1784 866/1004/1784
f 910/1048/1785 909/1047/1785 911/1049/1785
f 800/939/1782 909/1047/1782 910/1048/1782
f 909/1047/1784 866/1004/1784 911/1049/1784
f 911/1049/1786 866/1004/1786 781/917/1786
f 787/922/1660 911/1049/1660 782/916/1660
f 910/1048/1785 911/1049/1785 787/922/1785
f 911/1049/1786 781/917/1786 782/916/1786
f 791/925/1664 910/1048/1664 787/922/1664
f 795/931/1787 910/1048/1787 791/925/1787
f 795/931/1787 800/939/1787 910/1048/1787
f 906/1044/1788 881/1018/1788 874/1013/1788
f 912/1050/1789 881/1018/1789 906/1044/1789
f 906/1044/1788 874/1013/1788 875/1012/1788
f 902/1040/1778 912/1050/1778 906/1044/1778
f 912/1050/1789 913/1051/1789 881/1018/1789
f 914/1052/1790 913/1051/1790 912/1050/1790
f 914/1052/1790 912/1050/1790 900/1038/1790
f 900/1038/1772 912/1050/1772 902/1040/1772
f 916/1053/1791 915/1054/1791 914/1052/1791
f 915/1054/1792 913/1051/1792 914/1052/1792
f 916/1053/1791 914/1052/1791 898/1036/1791
f 898/1036/1770 914/1052/1770 900/1038/1770
f 916/1053/1793 893/1031/1793 887/1024/1793
f 895/1033/1765 893/1031/1765 916/1053/1765
f 916/1053/1793 887/1024/1793 915/1054/1793
f 895/1033/1768 916/1053/1768 898/1036/1768
f 915/1054/1794 887/1024/1794 883/1021/1794
f 915/1054/1792 917/1055/1792 913/1051/1792
f 915/1054/1794 883/1021/1794 917/1055/1794
f 883/1021/1754 880/1019/1754 917/1055/1754
f 913/1051/1795 917/1055/1795 880/1019/1795
f 913/1051/1795 880/1019/1795 881/1018/1795
f 803/942/1775 904/1043/1775 799/938/1775
f 893/1031/1763 886/1025/1763 887/1024/1763
f 889/1028/1760 843/982/1760 890/1029/1760
f 843/982/1721 846/985/1721 890/1029/1721
f 890/1029/1796 846/985/1796 918/1056/1796
f 890/1029/1796 918/1056/1796 884/1023/1796
f 846/985/1724 849/988/1724 918/1056/1724
f 884/1023/1756 918/1056/1756 878/1016/1756
f 918/1056/1797 877/1017/1797 878/1016/1797
f 918/1056/1797 849/988/1797 877/1017/1797
f 837/976/1718 843/982/1718 889/1028/1718
f 834/973/1712 837/976/1712 889/1028/1712
f 849/988/1726 851/990/1726 877/1017/1726
f 877/1017/1751 851/990/1751 871/1010/1751
f 851/990/1798 852/991/1798 872/1011/1798
f 851/990/1798 872/1011/1798 871/1010/1798
f 852/991/1799 862/1000/1799 872/1011/1799
f 864/1002/1740 872/1011/1740 862/1000/1740
f 852/991/1799 857/997/1799 862/1000/1799
f 860/1057/1800 919/1058/1800 921/1059/1800
f 858/995/1736 919/1060/1736 860/998/1736
f 772/904/1801 860/1057/1801 920/1061/1801
f 860/1057/1800 921/1059/1800 920/1061/1800
f 919/1058/1802 922/1062/1802 921/1059/1802
f 921/1059/1803 922/1062/1803 924/1063/1803
f 920/1061/1804 921/1059/1804 923/1064/1804
f 921/1059/1803 924/1063/1803 923/1064/1803
f 924/1063/1805 925/1065/1805 927/1066/1805
f 922/1062/1806 925/1065/1806 924/1063/1806
f 923/1064/1807 924/1063/1807 926/1067/1807
f 924/1063/1805 927/1066/1805 926/1067/1805
f 927/1066/1808 928/1068/1808 930/1069/1808
f 925/1065/1809 928/1068/1809 927/1066/1809
f 926/1067/1810 927/1066/1810 929/1070/1810
f 927/1066/1808 930/1069/1808 929/1070/1808
f 930/1069/1811 931/1071/1811 933/1072/1811
f 928/1068/1812 931/1071/1812 930/1069/1812
f 929/1070/1813 930/1069/1813 932/1073/1813
f 930/1069/1811 933/1072/1811 932/1073/1811
f 931/1071/1814 934/1074/1814 933/1072/1814
f 933/1072/1815 934/1074/1815 936/1075/1815
f 932/1073/1816 933/1072/1816 935/1076/1816
f 933/1072/1815 936/1075/1815 935/1076/1815
f 936/1075/1817 937/1077/1817 938/1078/1817
f 934/1074/1818 937/1079/1818 936/1075/1818
f 935/1076/1819 936/1075/1819 938/1078/1819
f 938/1078/1820 937/1080/1820 940/1081/1820
f 939/1082/1821 938/1078/1821 940/1081/1821
f 935/1076/1819 938/1078/1819 939/1082/1819
f 940/1081/1822 941/1083/1822 942/1084/1822
f 940/1081/1823 937/1085/1823 941/1083/1823
f 940/1081/1822 942/1084/1822 710/842/1822
f 939/1082/1821 940/1081/1821 710/842/1821
f 941/1083/1824 943/1086/1824 942/1084/1824
f 710/842/1531 942/1084/1531 711/844/1531
f 942/1084/1825 943/1086/1825 944/1087/1825
f 942/1084/1825 944/1087/1825 711/844/1825
f 943/1086/1826 945/1088/1826 944/1087/1826
f 944/1087/1827 945/1088/1827 947/1089/1827
f 711/844/1828 944/1087/1828 946/1090/1828
f 944/1087/1827 947/1089/1827 946/1090/1827
f 945/1088/1829 948/1091/1829 947/1089/1829
f 947/1089/1830 948/1091/1830 950/1092/1830
f 946/1090/1831 947/1089/1831 949/1093/1831
f 947/1089/1830 950/1092/1830 949/1093/1830
f 948/1091/1832 951/1094/1832 950/1092/1832
f 950/1092/1833 951/1094/1833 953/1095/1833
f 949/1093/1834 950/1092/1834 952/1096/1834
f 950/1092/1833 953/1095/1833 952/1096/1833
f 951/1094/1835 956/1097/1835 953/1095/1835
f 952/1096/1836 953/1095/1836 954/1098/1836
f 953/1095/1837 955/1099/1837 954/1098/1837
f 953/1095/1837 956/1097/1837 955/1099/1837
f 951/1094/1835 957/1100/1835 956/1097/1835
f 957/1100/1838 958/1101/1838 956/1097/1838
f 956/1097/1839 958/1101/1839 959/1102/1839
f 956/1097/1839 959/1102/1839 955/1099/1839
f 958/1101/1840 960/1103/1840 959/1102/1840
f 959/1102/1841 960/1103/1841 962/1104/1841
f 955/1099/1842 959/1102/1842 961/1105/1842
f 959/1102/1841 962/1104/1841 961/1105/1841
f 962/1104/1843 960/1103/1843 964/1106/1843
f 962/1104/1844 965/1107/1844 963/1108/1844
f 966/1109/1845 962/1104/1845 963/1108/1845
f 962/1104/1844 820/958/1844 965/1107/1844
f 962/1104/1843 964/1106/1843 820/958/1843
f 966/1109/1845 961/1105/1845 962/1104/1845
f 968/1110/1846 961/1105/1846 966/1109/1846
f 967/1111/1847 966/1109/1847 963/1108/1847
f 969/1112/1848 966/1109/1848 967/1111/1848
f 969/1112/1848 968/1110/1848 966/1109/1848
f 970/1113/1849 968/1110/1849 969/1112/1849
f 972/1114/1850 970/1113/1850 969/1112/1850
f 971/1115/1851 969/1112/1851 967/1111/1851
f 972/1114/1850 969/1112/1850 971/1115/1850
f 973/1116/1852 975/1117/1852 972/1114/1852
f 973/1116/1852 972/1114/1852 974/1118/1852
f 975/1117/1853 970/1113/1853 972/1114/1853
f 974/1118/1854 972/1114/1854 971/1115/1854
f 977/1119/1855 976/1120/1855 975/1117/1855
f 976/1120/1856 978/1121/1856 975/1117/1856
f 977/1119/1855 975/1117/1855 973/1116/1855
f 975/1117/1853 978/1121/1853 970/1113/1853
f 976/1120/1856 738/870/1856 978/1121/1856
f 978/1121/1857 979/1122/1857 980/1123/1857
f 738/870/1858 979/1122/1858 978/1121/1858
f 978/1121/1857 980/1123/1857 970/1113/1857
f 980/1123/1859 981/1124/1859 982/1125/1859
f 979/1122/1860 981/1124/1860 980/1123/1860
f 970/1113/1849 980/1123/1849 968/1110/1849
f 980/1123/1859 982/1125/1859 968/1110/1859
f 954/1098/1861 955/1099/1861 982/1125/1861
f 954/1098/1861 982/1125/1861 981/1124/1861
f 955/1099/1842 961/1105/1842 982/1125/1842
f 968/1110/1846 982/1125/1846 961/1105/1846
f 983/1126/1862 954/1098/1862 981/1124/1862
f 983/1126/1862 981/1124/1862 732/863/1862
f 979/1122/1860 732/863/1860 981/1124/1860
f 984/1127/1863 952/1096/1863 983/1126/1863
f 952/1096/1836 954/1098/1836 983/1126/1836
f 984/1127/1863 983/1126/1863 728/860/1863
f 728/860/1571 983/1126/1571 732/863/1571
f 985/1128/1864 949/1093/1864 984/1127/1864
f 949/1093/1834 952/1096/1834 984/1127/1834
f 985/1128/1864 984/1127/1864 725/857/1864
f 725/857/1561 984/1127/1865 728/860/1562
f 713/845/1866 946/1090/1866 985/1128/1866
f 946/1090/1831 949/1093/1831 985/1128/1831
f 713/845/1866 985/1128/1866 722/854/1866
f 722/854/1551 985/1128/1867 725/857/1552
f 731/864/1572 732/863/1572 979/1122/1572
f 738/870/1858 731/864/1858 979/1122/1858
f 987/1129/1868 976/1120/1868 977/1119/1868
f 986/1130/1869 977/1119/1869 973/1116/1869
f 988/1131/1870 977/1119/1870 986/1130/1871
f 988/1131/1870 987/1129/1870 977/1119/1870
f 990/1132/1872 987/1129/1872 988/1131/1872
f 989/1133/1873 988/1131/1873 986/1130/1873
f 991/1134/1874 988/1131/1874 989/1133/1874
f 991/1134/1874 990/1132/1874 988/1131/1874
f 992/1135/1875 990/1132/1875 991/1134/1875
f 993/1136/1876 992/1135/1876 991/1134/1876
f 993/1136/1876 991/1134/1876 994/1137/1876
f 994/1137/1877 991/1134/1877 989/1133/1877
f 793/1138/1878 993/1136/1878 994/1137/1878
f 793/1139/1879 994/1137/1879 995/1140/1879
f 994/1137/1877 989/1133/1877 995/1140/1877
f 995/1140/1880 989/1133/1880 997/1141/1880
f 793/1142/1881 995/1140/1881 996/1143/1881
f 995/1140/1880 997/1141/1880 996/1143/1880
f 997/1141/1882 986/1130/1882 999/1144/1882
f 989/1133/1873 986/1130/1873 997/1141/1873
f 996/1143/1883 997/1141/1883 998/1145/1883
f 997/1141/1882 999/1144/1882 998/1145/1882
f 999/1144/1884 973/1116/1884 974/1118/1884
f 986/1130/1869 973/1116/1869 999/1144/1869
f 998/1145/1885 999/1144/1885 1000/1146/1885
f 999/1144/1884 974/1118/1884 1000/1146/1886
f 1001/1147/1887 1000/1146/1887 1002/1148/1887
f 998/1145/1885 1000/1146/1885 1001/1147/1885
f 1000/1146/1888 1003/1149/1888 1002/1148/1888
f 1000/1146/1888 974/1118/1888 1003/1149/1888
f 1003/1149/1889 971/1115/1889 1005/1150/1889
f 974/1118/1854 971/1115/1854 1003/1149/1854
f 1002/1148/1890 1003/1149/1890 1004/1151/1890
f 1003/1149/1889 1005/1150/1889 1004/1151/1889
f 1005/1150/1891 967/1111/1891 1007/1152/1891
f 971/1115/1851 967/1111/1851 1005/1150/1851
f 1004/1151/1892 1005/1150/1892 1006/1153/1892
f 1005/1150/1891 1007/1152/1891 1006/1153/1891
f 963/1108/1893 1009/1154/1893 1007/1152/1893
f 967/1111/1847 963/1108/1847 1007/1152/1847
f 1007/1152/1894 1008/1155/1894 1006/1153/1894
f 1007/1152/1894 1009/1154/1894 1008/1155/1894
f 963/1108/1893 965/1107/1893 1009/1154/1893
f 965/1107/1895 1010/1156/1895 1009/1154/1895
f 1009/1154/1896 1010/1156/1896 1011/1157/1896
f 1009/1154/1896 1011/1157/1896 1008/1155/1896
f 1010/1156/1897 1014/1158/1897 1011/1157/1897
f 1008/1155/1898 1011/1157/1898 1012/1159/1898
f 1011/1157/1899 1013/1160/1899 1012/1159/1899
f 1011/1157/1899 1014/1158/1899 1013/1160/1899
f 1010/1156/1897 814/952/1897 1014/1158/1897
f 814/952/1687 811/949/1687 1014/1158/1687
f 1014/1158/1900 811/949/1900 1015/1161/1900
f 1014/1158/1900 1015/1161/1900 1013/1160/1900
f 811/949/1684 808/946/1684 1015/1161/1684
f 1015/1161/1901 808/946/1901 1017/1162/1901
f 1013/1160/1902 1015/1161/1902 1016/1163/1902
f 1015/1161/1901 1017/1162/1901 1016/1163/1901
f 808/946/1681 805/943/1681 1017/1162/1681
f 1017/1162/1903 805/943/1903 1019/1164/1903
f 1016/1163/1904 1017/1162/1904 1018/1165/1904
f 1017/1162/1903 1019/1164/1903 1018/1165/1903
f 805/943/1678 802/940/1678 1019/1164/1678
f 1019/1164/1905 802/940/1905 1021/1166/1905
f 1018/1165/1906 1019/1164/1906 1020/1167/1906
f 1019/1164/1905 1021/1166/1905 1020/1167/1905
f 802/940/1676 797/935/1676 1021/1166/1676
f 793/1168/1907 1021/1166/1907 797/935/1907
f 793/1169/1908 1020/1167/1908 1021/1166/1908
f 793/1170/1909 1022/1171/1909 1020/1167/1909
f 1018/1165/1906 1020/1167/1906 1022/1171/1906
f 1023/1172/1910 1018/1165/1910 1022/1171/1910
f 1023/1172/1910 1022/1171/1910 1024/1173/1910
f 793/1174/1911 1024/1173/1911 1022/1171/1911
f 1025/1175/1912 1023/1172/1912 1024/1173/1912
f 793/1176/1913 1026/1177/1914 1024/1173/1915
f 1025/1175/1912 1024/1173/1912 1026/1177/1912
f 1027/1178/1916 1025/1175/1916 1026/1177/1916
f 1027/1178/1916 1026/1177/1916 1028/1179/1916
f 793/1180/1913 1028/1179/1917 1026/1177/1914
f 1029/1181/1918 1027/1178/1918 1028/1179/1918
f 1029/1181/1918 1028/1179/1918 1030/1182/1918
f 793/1183/1913 1030/1182/1919 1028/1179/1917
f 793/1184/1920 1031/1185/1920 1030/1182/1921
f 1032/1186/1922 1030/1182/1922 1031/1185/1922
f 1032/1186/1922 1029/1181/1922 1030/1182/1922
f 1034/1187/1923 1033/1188/1923 1032/1186/1923
f 1033/1188/1924 1035/1189/1924 1032/1186/1924
f 1034/1187/1923 1032/1186/1923 1031/1185/1923
f 1035/1189/1925 1029/1181/1925 1032/1186/1925
f 1033/1188/1924 1038/1190/1924 1035/1189/1924
f 1036/1191/1926 1037/1192/1926 1035/1189/1926
f 1038/1190/1927 1036/1191/1927 1035/1189/1927
f 1035/1189/1925 1037/1192/1925 1029/1181/1925
f 1039/1193/1928 1002/1148/1928 1038/1190/1928
f 1002/1148/1890 1004/1151/1890 1038/1190/1890
f 1039/1193/1928 1038/1190/1928 1033/1188/1928
f 1038/1190/1927 1004/1151/1927 1036/1191/1927
f 1001/1147/1887 1002/1148/1887 1039/1193/1887
f 1041/1194/1929 1001/1147/1929 1039/1193/1929
f 1040/1195/1930 1039/1193/1930 1033/1188/1930
f 1041/1194/1929 1039/1193/1929 1040/1195/1929
f 1042/1196/1931 1001/1147/1931 1041/1194/1931
f 793/1197/1932 1041/1194/1933 1040/1195/1934
f 793/1198/1932 1042/1196/1935 1041/1194/1933
f 1042/1196/1931 998/1145/1931 1001/1147/1931
f 996/1143/1883 998/1145/1883 1042/1196/1883
f 793/1199/1936 996/1143/1936 1042/1196/1936
f 793/1200/1932 1040/1195/1934 1034/1187/1937
f 1040/1195/1930 1033/1188/1930 1034/1187/1930
f 1036/1191/1926 1043/1201/1926 1037/1192/1926
f 1043/1201/1938 1044/1202/1938 1037/1192/1938
f 1037/1192/1939 1044/1202/1939 1027/1178/1939
f 1037/1192/1939 1027/1178/1939 1029/1181/1939
f 1043/1201/1938 1012/1159/1938 1044/1202/1938
f 1012/1159/1940 1045/1203/1940 1044/1202/1940
f 1044/1202/1941 1045/1203/1941 1025/1175/1941
f 1044/1202/1941 1025/1175/1941 1027/1178/1941
f 1012/1159/1940 1013/1160/1940 1045/1203/1940
f 1013/1160/1902 1016/1163/1902 1045/1203/1902
f 1045/1203/1942 1016/1163/1942 1023/1172/1942
f 1045/1203/1942 1023/1172/1942 1025/1175/1942
f 1006/1153/1943 1008/1155/1943 1043/1201/1943
f 1008/1155/1898 1012/1159/1898 1043/1201/1898
f 1006/1153/1943 1043/1201/1943 1036/1191/1943
f 1004/1151/1892 1006/1153/1892 1036/1191/1892
f 793/1204/1920 1034/1187/1944 1031/1185/1920
f 1016/1163/1904 1018/1165/1904 1023/1172/1904
f 965/1107/1895 817/955/1895 1010/1156/1895
f 817/955/1690 814/952/1690 1010/1156/1690
f 1046/1205/1945 992/1135/1945 993/1136/1945
f 1046/1205/1945 993/1136/1945 1047/1206/1945
f 793/1207/1946 1047/1206/1946 993/1136/1946
f 1048/1208/1947 1046/1205/1947 1047/1206/1947
f 1048/1208/1947 1047/1206/1947 1049/1209/1947
f 793/1210/1948 1049/1209/1948 1047/1206/1948
f 1050/1211/1949 1048/1208/1949 1049/1209/1949
f 1050/1211/1949 1049/1209/1949 1051/1212/1949
f 793/1213/1950 1051/1212/1950 1049/1209/1950
f 1052/1214/1951 1050/1211/1951 1051/1212/1951
f 1052/1214/1951 1051/1212/1951 1053/1215/1951
f 793/1216/1952 1053/1215/1952 1051/1212/1952
f 1054/1217/1953 1052/1214/1953 1053/1215/1953
f 1054/1217/1953 1053/1215/1953 1055/1218/1953
f 793/1219/1954 1055/1218/1955 1053/1215/1956
f 793/1220/1954 1057/1221/1957 1055/1218/1955
f 1056/1222/1958 1054/1217/1958 1055/1218/1958
f 1056/1222/1958 1055/1218/1958 1057/1221/1958
f 793/1223/1954 1058/1224/1959 1057/1221/1957
f 1059/1225/1960 1057/1221/1960 1058/1224/1960
f 1059/1225/1960 1056/1222/1960 1057/1221/1960
f 1060/1226/1961 1059/1225/1961 1058/1224/1961
f 1062/1227/1962 1059/1225/1962 1060/1226/1962
f 1062/1227/1962 1061/1228/1962 1059/1225/1962
f 1061/1228/1963 1056/1222/1963 1059/1225/1963
f 1064/1229/1964 1063/1230/1964 1062/1231/1964
f 1063/1230/1965 1065/1232/1965 1062/1231/1965
f 1064/1229/1964 1062/1231/1964 1060/1233/1964
f 1065/1234/1966 1061/1228/1966 1062/1227/1966
f 1063/1230/1965 785/920/1965 1065/1232/1965
f 1066/1235/1967 1067/1236/1967 1065/1234/1967
f 785/920/1968 1066/1237/1968 1065/1232/1968
f 1065/1234/1966 1067/1236/1966 1061/1228/1966
f 1066/1235/1967 1068/1238/1967 1067/1236/1967
f 1068/1238/1969 1070/1239/1969 1067/1236/1969
f 1067/1236/1970 1069/1240/1970 1061/1228/1970
f 1067/1236/1970 1070/1239/1970 1069/1240/1970
f 1068/1238/1969 1071/1241/1969 1070/1239/1969
f 1071/1241/1971 1072/1242/1971 1070/1239/1971
f 1070/1239/1972 1072/1242/1972 1073/1243/1972
f 1070/1239/1972 1073/1243/1972 1069/1240/1972
f 1072/1242/1973 1074/1244/1973 1073/1243/1973
f 1073/1243/1974 1074/1244/1974 1052/1214/1974
f 1069/1240/1975 1073/1243/1975 1054/1217/1975
f 1073/1243/1974 1052/1214/1974 1054/1217/1974
f 1072/1242/1973 1075/1245/1973 1074/1244/1973
f 1075/1245/1976 1076/1246/1976 1074/1244/1976
f 1074/1244/1977 1076/1246/1977 1050/1211/1977
f 1074/1244/1977 1050/1211/1977 1052/1214/1977
f 1075/1245/1976 1077/1247/1976 1076/1246/1976
f 1077/1247/1978 1078/1248/1978 1076/1246/1978
f 1076/1246/1979 1048/1208/1979 1050/1211/1979
f 1076/1246/1979 1078/1248/1979 1048/1208/1979
f 1077/1247/1978 1079/1249/1978 1078/1248/1978
f 1079/1249/1980 1080/1250/1980 1078/1248/1980
f 1078/1248/1981 1080/1250/1981 1046/1205/1981
f 1078/1248/1981 1046/1205/1981 1048/1208/1981
f 1079/1249/1980 1082/1251/1980 1080/1250/1980
f 1080/1250/1982 992/1135/1982 1046/1205/1982
f 1080/1250/1982 1081/1252/1982 992/1135/1982
f 1082/1251/1983 1081/1252/1983 1080/1250/1983
f 1083/1253/1984 1082/1251/1984 1079/1249/1984
f 1083/1253/1984 744/877/1984 1082/1251/1984
f 744/877/1598 740/873/1598 1082/1251/1598
f 1082/1251/1983 740/873/1983 1081/1252/1983
f 1084/1254/1985 1083/1253/1985 1079/1249/1985
f 1086/1255/1986 1083/1253/1986 1084/1254/1986
f 1086/1255/1986 1085/1256/1986 1083/1253/1986
f 1085/1256/1987 744/877/1988 1083/1253/1989
f 767/899/1990 1086/1255/1990 1084/1254/1990
f 761/894/1991 1086/1255/1991 767/899/1991
f 761/894/1991 758/891/1991 1086/1255/1991
f 758/891/1992 1085/1256/1993 1086/1255/1994
f 758/891/1992 755/888/1995 1085/1256/1993
f 755/888/1996 743/876/1997 1085/1256/1998
f 1085/1256/1987 743/876/1999 744/877/1988
f 767/899/1990 1084/1254/1990 1087/1257/1990
f 1087/1257/2000 1084/1254/2000 1077/1247/2000
f 1084/1254/1985 1079/1249/1985 1077/1247/1985
f 766/900/2001 767/899/2001 1087/1257/2001
f 766/900/2001 1087/1257/2001 1088/1258/2001
f 1088/1258/2002 1087/1257/2002 1075/1245/2002
f 1087/1257/2000 1077/1247/2000 1075/1245/2000
f 770/903/2003 766/900/2003 1088/1258/2003
f 770/903/2003 1088/1258/2003 1071/1241/2003
f 1071/1241/1971 1088/1258/1971 1072/1242/1971
f 1088/1258/2002 1075/1245/2002 1072/1242/2002
f 1081/1252/2004 740/873/2004 741/874/2004
f 992/1135/1875 1081/1252/1875 990/1132/1875
f 1081/1252/2004 741/874/2004 990/1132/2004
f 773/906/2005 770/903/2005 1071/1241/2005
f 773/906/2005 1071/1241/2005 1068/1238/2005
f 1061/1228/1963 1069/1240/1963 1056/1222/1963
f 1069/1240/1975 1054/1217/1975 1056/1222/1975
f 775/910/2006 773/906/2006 1068/1238/2006
f 775/910/2006 1068/1238/2006 1066/1235/2006
f 778/914/1653 775/912/1653 1066/1237/1653
f 785/920/1968 778/914/1968 1066/1237/1968
f 1090/1259/2007 1063/1230/2007 1064/1229/2007
f 1089/1260/2008 1064/1229/2008 1060/1233/2008
f 1091/1261/2009 1064/1229/2009 1089/1260/2009
f 1091/1261/2009 1090/1259/2009 1064/1229/2009
f 1092/1262/2010 1090/1259/2010 1091/1261/2010
f 793/1263/2011 1091/1261/2012 1089/1260/2013
f 793/1264/2011 1092/1262/2014 1091/1261/2012
f 1092/1262/2010 788/924/2010 1090/1259/2010
f 790/926/1665 788/924/1665 1092/1262/1665
f 793/1265/2011 790/926/2015 1092/1262/2014
f 1090/1259/2007 784/919/2007 1063/1230/2007
f 788/924/1663 784/919/1663 1090/1259/1663
f 793/1266/2016 1089/1260/2017 1093/1267/2016
f 1089/1260/2008 1060/1233/2008 1093/1267/2008
f 1060/1226/1961 1058/1224/1961 1093/1268/1961
f 793/1269/2016 1093/1268/2016 1058/1224/2018
f 784/919/1658 785/920/1658 1063/1230/1658
f 990/1132/1872 741/874/1872 987/1129/1872
f 987/1129/1868 737/869/1868 976/1120/1868
f 741/874/1592 737/869/1592 987/1129/1592
f 737/869/1585 738/870/1585 976/1120/1585
f 820/958/1693 817/955/1693 965/1107/1693
f 960/1103/2019 1094/1270/2019 964/1106/2019
f 964/1106/2020 1094/1270/2020 824/963/2020
f 820/958/1694 964/1106/1694 821/959/1694
f 964/1106/2020 824/963/2020 821/959/2020
f 960/1103/2019 1097/1271/2019 1094/1270/2019
f 1094/1270/2021 1095/1272/2021 1096/1273/2021
f 1097/1271/2022 1095/1272/2022 1094/1270/2022
f 1094/1270/2021 1096/1273/2021 824/963/2021
f 958/1101/1840 1097/1271/1840 960/1103/1840
f 1099/1274/2023 1097/1271/2023 958/1101/2023
f 1097/1271/2022 1098/1275/2022 1095/1272/2022
f 1099/1274/2023 1098/1275/2023 1097/1271/2023
f 957/1100/1838 1099/1274/1838 958/1101/1838
f 1101/1276/2024 1099/1274/2024 957/1100/2024
f 1101/1276/2024 1100/1277/2024 1099/1274/2024
f 1100/1277/2025 1098/1275/2025 1099/1274/2025
f 1102/1278/2026 1103/1279/2026 1101/1276/2026
f 1102/1278/2026 1101/1276/2026 1104/1280/2026
f 1103/1279/2027 1100/1277/2027 1101/1276/2027
f 1104/1280/2028 1101/1276/2028 957/1100/2028
f 948/1091/1832 1104/1280/1832 951/1094/1832
f 1105/1281/2029 1104/1280/2030 948/1091/2030
f 1105/1281/2029 1102/1278/2029 1104/1280/2030
f 1104/1280/2028 957/1100/2028 951/1094/2028
f 945/1088/1829 1105/1281/1829 948/1091/1829
f 1107/1282/2031 1105/1281/2031 945/1088/2031
f 1107/1282/2031 1106/1283/2031 1105/1281/2031
f 1106/1283/2032 1102/1278/2032 1105/1281/2032
f 943/1086/1826 1107/1282/1826 945/1088/1826
f 1109/1284/2033 1107/1282/2033 943/1086/2033
f 1109/1284/2033 1108/1285/2033 1107/1282/2033
f 1108/1285/2034 1106/1283/2034 1107/1282/2034
f 941/1083/1824 1109/1284/1824 943/1086/1824
f 941/1083/2035 937/1286/2035 1109/1284/2035
f 1109/1284/2036 937/1287/2036 1108/1285/2036
f 1108/1285/2037 937/1288/2037 1110/1289/2037
f 1108/1285/2034 1110/1289/2034 1106/1283/2034
f 1110/1289/2038 937/1290/2039 1111/1291/2040
f 1110/1289/2041 1111/1291/2041 1112/1292/2041
f 1110/1289/2041 1112/1292/2041 1106/1283/2041
f 1111/1291/2042 1113/1293/2042 1112/1292/2042
f 1112/1292/2043 1113/1293/2043 1103/1279/2043
f 1106/1283/2032 1112/1292/2032 1102/1278/2032
f 1112/1292/2043 1103/1279/2043 1102/1278/2043
f 1111/1291/2042 1114/1294/2042 1113/1293/2042
f 1114/1294/2044 1116/1295/2044 1113/1293/2044
f 1113/1293/2045 1115/1296/2045 1103/1279/2045
f 1113/1293/2045 1116/1295/2045 1115/1296/2045
f 1114/1294/2044 1117/1297/2044 1116/1295/2044
f 1117/1297/2046 1118/1298/2046 1116/1295/2046
f 1116/1295/2047 1118/1298/2047 1119/1299/2047
f 1116/1295/2047 1119/1299/2047 1115/1296/2047
f 1119/1299/2048 1118/1298/2048 1121/1300/2048
f 1122/1301/2049 1119/1299/2049 1120/1302/2049
f 1119/1299/2048 1121/1300/2048 1120/1302/2048
f 1115/1296/2050 1119/1299/2050 1122/1301/2050
f 1115/1296/2050 1122/1301/2050 1100/1277/2050
f 1098/1275/2051 1122/1301/2051 1123/1303/2051
f 1122/1301/2049 1120/1302/2049 1123/1303/2049
f 1100/1277/2025 1122/1301/2025 1098/1275/2025
f 1123/1303/2052 1120/1302/2052 1125/1304/2052
f 1095/1272/2053 1123/1303/2053 1124/1305/2053
f 1098/1275/2051 1123/1303/2051 1095/1272/2051
f 1123/1303/2052 1125/1304/2052 1124/1305/2052
f 1125/1304/2054 1126/1306/2054 1128/1307/2054
f 1120/1302/2055 1126/1306/2055 1125/1304/2055
f 1124/1305/2056 1125/1304/2056 1127/1308/2056
f 1125/1304/2054 1128/1307/2054 1127/1308/2054
f 1127/1308/2057 1128/1307/2057 1129/1309/2057
f 1128/1307/2058 1130/1310/2058 1129/1309/2058
f 1128/1307/2058 1131/1311/2058 1130/1310/2058
f 1126/1306/2059 1131/1311/2059 1128/1307/2059
f 1126/1306/2059 1132/1312/2059 1131/1311/2059
f 1132/1312/2060 937/1313/2061 1131/1311/2062
f 1131/1311/2062 937/1314/2061 1130/1310/2063
f 1121/1300/2064 1132/1312/2064 1126/1306/2064
f 1121/1300/2064 1133/1315/2064 1132/1312/2064
f 1133/1315/2065 937/1316/2061 1132/1312/2060
f 1118/1298/2066 1133/1315/2066 1121/1300/2066
f 1118/1298/2066 1134/1317/2066 1133/1315/2066
f 1134/1317/2067 937/1318/2067 1133/1315/2068
f 1117/1297/2046 1134/1317/2046 1118/1298/2046
f 1117/1297/2069 937/1319/2067 1134/1317/2067
f 1130/1310/2070 937/1320/2070 1135/1321/2070
f 1129/1309/2071 1130/1310/2071 1135/1321/2071
f 1135/1321/2072 937/1322/2072 1137/1323/2072
f 1136/1324/2073 1135/1321/2073 1137/1323/2073
f 1129/1309/2071 1135/1321/2071 1136/1324/2071
f 1137/1323/2074 937/1325/2074 1139/1326/2074
f 1138/1327/2075 1137/1323/2075 1139/1326/2075
f 1136/1324/2073 1137/1323/2073 1138/1327/2073
f 1139/1326/2076 937/1328/2076 839/977/2076
f 836/974/1714 1139/1326/1714 839/977/1714
f 1138/1327/2075 1139/1326/2075 836/974/2075
f 833/971/1711 1138/1327/1711 836/974/1711
f 1140/1329/2077 1138/1327/2077 833/971/2077
f 1140/1329/2077 1136/1324/2077 1138/1327/2077
f 1142/1330/2078 1141/1331/2078 1140/1329/2078
f 1141/1331/2079 1136/1324/2079 1140/1329/2079
f 1142/1330/2078 1140/1329/2078 830/968/2078
f 830/968/1707 1140/1329/1707 833/971/1707
f 1143/1332/2080 1141/1331/2080 1142/1330/2080
f 827/965/1705 1142/1330/1705 830/968/1705
f 1144/1333/2081 1142/1330/2081 827/965/2081
f 1144/1333/2081 1143/1332/2081 1142/1330/2081
f 1096/1273/2082 1143/1332/2082 1144/1333/2082
f 823/961/2083 1144/1333/2083 827/965/2083
f 824/963/2084 1144/1333/2084 823/961/2084
f 824/963/2085 1096/1273/2085 1144/1333/2085
f 1143/1332/2080 1127/1308/2080 1141/1331/2080
f 1124/1305/2056 1127/1308/2056 1143/1332/2056
f 1096/1273/2082 1124/1305/2082 1143/1332/2082
f 1141/1331/2079 1129/1309/2079 1136/1324/2079
f 1127/1308/2057 1129/1309/2057 1141/1331/2057
f 1120/1302/2055 1121/1300/2055 1126/1306/2055
f 1095/1272/2053 1124/1305/2053 1096/1273/2053
f 1114/1294/2086 937/1334/2039 1117/1297/2087
f 1103/1279/2027 1115/1296/2027 1100/1277/2027
f 1111/1291/2040 937/1335/2039 1114/1294/2086
f 711/844/1828 946/1090/1828 713/845/1828
f 714/841/1530 939/1082/1530 710/842/1530
f 1145/1336/2088 939/1082/2088 714/841/2088
f 1145/1336/2088 935/1076/2088 939/1082/2088
f 1146/1337/2089 932/1073/2089 1145/1336/2089
f 932/1073/1816 935/1076/1816 1145/1336/1816
f 1146/1337/2089 1145/1336/2089 716/849/2089
f 716/849/1535 1145/1336/1535 714/841/1535
f 929/1070/1813 932/1073/1813 1146/1337/1813
f 1147/1338/2090 1146/1337/2090 716/849/2090
f 1148/1339/2091 1146/1337/2091 1147/1338/2091
f 1148/1339/2091 929/1070/2091 1146/1337/2091
f 926/1067/1810 929/1070/1810 1148/1339/1810
f 1149/1340/2092 1148/1339/2092 1147/1338/2092
f 1150/1341/2093 1148/1339/2093 1149/1340/2093
f 1150/1341/2093 926/1067/2093 1148/1339/2093
f 923/1064/1807 926/1067/1807 1150/1341/1807
f 764/897/2094 1150/1341/2094 1149/1340/2094
f 1151/1342/2095 1150/1341/2095 764/897/2095
f 1151/1342/2095 923/1064/2095 1150/1341/2095
f 769/901/2096 920/1061/2096 1151/1342/2096
f 920/1061/1804 923/1064/1804 1151/1342/1804
f 769/901/2096 1151/1342/2096 763/895/2096
f 763/895/1643 1151/1342/1643 764/897/1643
f 760/892/2097 1149/1340/2097 1152/1343/2097
f 764/897/2094 1149/1340/2094 760/892/2094
f 1149/1340/2092 1147/1338/2092 1152/1343/2092
f 1152/1343/2098 1147/1338/2099 717/848/2100
f 757/889/2101 1152/1343/2102 720/853/2103
f 760/892/2097 1152/1343/2097 757/889/2097
f 1152/1343/2098 717/848/2100 720/853/2104
f 1147/1338/2090 716/849/2090 717/848/2090
f 839/977/2105 937/1344/2105 1153/1345/2105
f 1153/1345/2106 937/1346/2106 1154/1347/2106
f 1154/1347/2107 937/1348/2107 1155/1349/2107
f 1155/1349/2108 937/1350/2108 1156/1351/2108
f 1156/1351/2109 937/1352/2110 1157/1353/2111
f 1157/1353/2111 937/1354/2110 1158/1355/2112
f 1158/1355/2112 937/1356/2110 1159/1357/2113
f 1159/1357/2114 937/1358/2115 1160/1359/2115
f 1160/1360/2115 937/1361/2115 1161/1362/2116
f 1161/1362/2117 937/1363/2118 1162/1364/2119
f 1162/1364/2119 937/1365/2118 1163/1366/2120
f 1163/1366/2120 937/1367/2118 1164/1368/2121
f 1164/1368/2122 937/1369/2122 934/1074/2122
f 1165/1370/2123 1163/1366/2123 1164/1368/2123
f 1165/1370/2123 1164/1368/2123 931/1071/2123
f 931/1071/1814 1164/1368/1814 934/1074/1814
f 1166/1371/2124 1163/1366/2124 1165/1370/2124
f 928/1068/1812 1165/1370/1812 931/1071/1812
f 1167/1372/2125 1165/1370/2125 928/1068/2125
f 1167/1372/2125 1166/1371/2125 1165/1370/2125
f 1168/1373/2126 1166/1371/2126 1167/1372/2126
f 925/1065/1809 1167/1372/1809 928/1068/1809
f 1169/1374/2127 1167/1372/2127 925/1065/2127
f 1169/1374/2127 1168/1373/2127 1167/1372/2127
f 1170/1375/2128 1168/1373/2128 1169/1374/2128
f 922/1062/1806 1169/1374/1806 925/1065/1806
f 1171/1376/2129 1169/1374/2129 922/1062/2129
f 1171/1376/2129 1170/1375/2129 1169/1374/2129
f 1172/1377/2130 1171/1378/2130 919/1060/2130
f 1173/1379/2131 1171/1378/2131 1172/1377/2131
f 1173/1379/2131 1170/1380/2131 1171/1378/2131
f 919/1058/1802 1171/1376/1802 922/1062/1802
f 1174/1381/2132 1173/1379/2132 1172/1377/2132
f 1176/1382/2133 1173/1379/2133 1174/1381/2133
f 1176/1382/2133 1175/1383/2133 1173/1379/2133
f 1175/1383/2134 1170/1380/2134 1173/1379/2134
f 1177/1384/2135 1176/1382/2135 1174/1381/2135
f 1179/1385/2136 1176/1382/2136 1177/1384/2136
f 1179/1385/2136 1178/1386/2136 1176/1382/2136
f 1178/1386/2137 1175/1383/2137 1176/1382/2137
f 1156/1351/2138 1157/1353/2138 1179/1385/2138
f 1156/1351/2138 1179/1385/2138 1180/1387/2138
f 1157/1353/2139 1178/1386/2139 1179/1385/2139
f 1180/1387/2140 1179/1385/2140 1177/1384/2140
f 1181/1388/2141 1180/1387/2141 1182/1389/2142
f 1155/1349/2143 1180/1387/2143 1181/1388/2143
f 1155/1349/2143 1156/1351/2143 1180/1387/2143
f 1180/1387/2140 1177/1384/2140 1182/1389/2140
f 1181/1388/2141 1182/1389/2142 1185/1390/2142
f 1182/1389/2144 1177/1384/2145 1184/1391/2144
f 1185/1390/2146 1182/1389/2146 1183/1392/2146
f 1182/1389/2144 1184/1391/2144 1183/1392/2144
f 1186/1393/2147 1181/1388/2147 1185/1390/2147
f 1186/1393/2147 1185/1390/2147 842/980/2147
f 842/980/1719 1185/1390/1719 845/983/1719
f 1185/1390/2146 1183/1392/2146 845/983/2146
f 1153/1345/2148 1154/1347/2148 1186/1393/2148
f 1154/1347/2149 1181/1388/2149 1186/1393/2149
f 1153/1345/2148 1186/1393/2148 840/978/2148
f 840/978/1716 1186/1393/1716 842/980/1716
f 1177/1384/2135 1174/1381/2135 1184/1391/2135
f 1183/1392/2150 1184/1391/2150 854/992/2150
f 1184/1391/2151 1174/1381/2151 856/994/2151
f 1184/1391/2151 856/994/2151 854/992/2151
f 845/983/1722 1183/1392/1722 848/986/1722
f 1183/1392/2150 854/992/2150 848/986/2150
f 1154/1347/2149 1155/1349/2149 1181/1388/2149
f 1157/1353/2139 1158/1355/2139 1178/1386/2139
f 1158/1355/2152 1187/1394/2152 1178/1386/2152
f 1178/1386/2137 1187/1394/2137 1175/1383/2137
f 1158/1355/2152 1159/1357/2152 1187/1394/2152
f 1159/1357/2153 1188/1395/2153 1187/1394/2153
f 1187/1394/2154 1188/1395/2154 1189/1396/2154
f 1187/1394/2154 1189/1396/2154 1175/1383/2154
f 1189/1397/2155 1188/1398/2155 1190/1399/2155
f 1170/1375/2128 1189/1397/2128 1168/1373/2128
f 1189/1397/2155 1190/1399/2155 1168/1373/2155
f 1175/1383/2134 1189/1396/2134 1170/1380/2134
f 1190/1399/2156 1161/1362/2156 1162/1364/2156
f 1188/1398/2157 1161/1362/2157 1190/1399/2157
f 1168/1373/2126 1190/1399/2126 1166/1371/2126
f 1190/1399/2156 1162/1364/2156 1166/1371/2156
f 1188/1398/2157 1160/1360/2157 1161/1362/2157
f 1159/1357/2153 1160/1359/2153 1188/1395/2153
f 1174/1381/2132 1172/1377/2132 856/994/2132
f 856/994/1733 1172/1377/1733 858/995/1733
f 1172/1377/2130 919/1060/2130 858/995/2130
f 1166/1371/2124 1162/1364/2124 1163/1366/2124
f 839/977/1713 1153/1345/1713 840/978/1713
f 772/904/1801 920/1061/1801 769/901/1801
f 757/889/2101 720/853/2103 754/886/2158
f 755/888/1996 746/879/2159 743/876/1997
f 754/886/2160 720/853/2161 719/851/2162
f 754/886/2160 719/851/2162 751/883/2163
f 751/883/1620 719/851/2164 723/856/1621
f 726/858/1567 729/862/1569 749/882/2165
f 734/867/1580 749/882/2166 729/862/1581
f 712/847/1544 713/845/1544 722/854/1544
o 球.003
v 0.715880 1.793375 -0.820314
v 0.713344 1.755417 -0.788040
v 0.711972 1.705823 -0.770574
v 0.711796 1.678982 -0.768326
v 0.711972 1.652142 -0.770574
v 0.713344 1.602547 -0.788040
v 0.715087 1.813918 -0.863245
v 0.709416 1.806089 -0.842036
v 0.704190 1.793375 -0.822489
v 0.699608 1.776265 -0.805355
v 0.695849 1.755417 -0.791295
v 0.693055 1.731631 -0.780847
v 0.691335 1.705823 -0.774413
v 0.690754 1.678982 -0.772241
v 0.691335 1.652142 -0.774413
v 0.693055 1.626333 -0.780847
v 0.695849 1.602547 -0.791295
v 0.699608 1.581699 -0.805355
v 0.704190 1.564589 -0.822489
v 0.709416 1.551876 -0.842036
v 0.715087 1.544047 -0.863245
v 0.711209 1.813918 -0.864856
v 0.701808 1.806089 -0.845196
v 0.693145 1.793375 -0.827077
v 0.685551 1.776265 -0.811196
v 0.679319 1.755417 -0.798162
v 0.674688 1.731631 -0.788478
v 0.671836 1.705823 -0.782514
v 0.670874 1.678982 -0.780500
v 0.671836 1.652142 -0.782514
v 0.674688 1.626333 -0.788478
v 0.679319 1.602547 -0.798162
v 0.685551 1.581699 -0.811196
v 0.693145 1.564589 -0.827077
v 0.701808 1.551876 -0.845196
v 0.711209 1.544047 -0.864856
v 0.707707 1.813918 -0.867253
v 0.694937 1.806089 -0.849898
v 0.683169 1.793375 -0.833903
v 0.672855 1.776265 -0.819884
v 0.664391 1.755417 -0.808379
v 0.658100 1.731631 -0.799829
v 0.654227 1.705823 -0.794565
v 0.652920 1.678982 -0.792787
v 0.654227 1.652142 -0.794565
v 0.658100 1.626333 -0.799829
v 0.664391 1.602547 -0.808379
v 0.672855 1.581699 -0.819884
v 0.683169 1.564589 -0.833903
v 0.694937 1.551876 -0.849898
v 0.707707 1.544047 -0.867253
v 0.704713 1.813918 -0.870344
v 0.689068 1.806089 -0.855961
v 0.674648 1.793375 -0.842705
v 0.662009 1.776265 -0.831086
v 0.651636 1.755417 -0.821551
v 0.643929 1.731631 -0.814466
v 0.639182 1.705823 -0.810102
v 0.637580 1.678982 -0.808629
v 0.639182 1.652142 -0.810102
v 0.643929 1.626333 -0.814466
v 0.651636 1.602547 -0.821551
v 0.662009 1.581699 -0.831086
v 0.674648 1.564589 -0.842705
v 0.689068 1.551876 -0.855961
v 0.704713 1.544047 -0.870344
v 0.702346 1.813918 -0.874010
v 0.684424 1.806089 -0.863151
v 0.667907 1.793375 -0.853144
v 0.653429 1.776265 -0.844372
v 0.641548 1.755417 -0.837173
v 0.632719 1.731631 -0.831824
v 0.627282 1.705823 -0.828531
v 0.625446 1.678982 -0.827418
v 0.627282 1.652142 -0.828531
v 0.632719 1.626333 -0.831824
v 0.641548 1.602547 -0.837173
v 0.653429 1.581699 -0.844372
v 0.667907 1.564589 -0.853144
v 0.684424 1.551876 -0.863151
v 0.702346 1.544047 -0.874010
v 0.720985 1.816561 -0.885303
v 0.700695 1.813918 -0.878110
v 0.681186 1.806089 -0.871192
v 0.663205 1.793375 -0.864818
v 0.647445 1.776265 -0.859231
v 0.634511 1.755417 -0.854645
v 0.624901 1.731631 -0.851238
v 0.618983 1.705823 -0.849140
v 0.616985 1.678982 -0.848431
v 0.618983 1.652142 -0.849140
v 0.624901 1.626333 -0.851238
v 0.634511 1.602547 -0.854645
v 0.647445 1.581699 -0.859231
v 0.663205 1.564589 -0.864818
v 0.681186 1.551876 -0.871192
v 0.700695 1.544047 -0.878110
v 0.699824 1.813918 -0.882485
v 0.679477 1.806089 -0.879776
v 0.660724 1.793375 -0.877279
v 0.644288 1.776265 -0.875091
v 0.630799 1.755417 -0.873295
v 0.620775 1.731631 -0.871960
v 0.614603 1.705823 -0.871138
v 0.612519 1.678982 -0.870861
v 0.614603 1.652142 -0.871138
v 0.620775 1.626333 -0.871960
v 0.630799 1.602547 -0.873295
v 0.644288 1.581699 -0.875091
v 0.660724 1.564589 -0.877279
v 0.679477 1.551876 -0.879776
v 0.699824 1.544047 -0.882485
v 0.699766 1.813918 -0.886970
v 0.679363 1.806089 -0.888572
v 0.660560 1.793375 -0.890049
v 0.644078 1.776265 -0.891344
v 0.630552 1.755417 -0.892407
v 0.620501 1.731631 -0.893196
v 0.614312 1.705823 -0.893682
v 0.612222 1.678982 -0.893847
v 0.614312 1.652142 -0.893682
v 0.620501 1.626333 -0.893196
v 0.630552 1.602547 -0.892407
v 0.644078 1.581699 -0.891344
v 0.660560 1.564589 -0.890049
v 0.679363 1.551876 -0.888572
v 0.699766 1.544047 -0.886970
v 0.700524 1.813918 -0.891390
v 0.680849 1.806089 -0.897243
v 0.662716 1.793375 -0.902636
v 0.646823 1.776265 -0.907364
v 0.633780 1.755417 -0.911245
v 0.624088 1.731631 -0.914128
v 0.618119 1.705823 -0.915904
v 0.616104 1.678982 -0.916503
v 0.618119 1.652142 -0.915904
v 0.624088 1.626333 -0.914128
v 0.633780 1.602547 -0.911245
v 0.646823 1.581699 -0.907364
v 0.662716 1.564589 -0.902636
v 0.680849 1.551876 -0.897243
v 0.700524 1.544047 -0.891390
v 0.702067 1.813918 -0.895576
v 0.683877 1.806089 -0.905454
v 0.667113 1.793375 -0.914557
v 0.652418 1.776265 -0.922538
v 0.640359 1.755417 -0.929086
v 0.631399 1.731631 -0.933952
v 0.625880 1.705823 -0.936949
v 0.624018 1.678982 -0.937960
v 0.625880 1.652142 -0.936949
v 0.631399 1.626333 -0.933952
v 0.640359 1.602547 -0.929086
v 0.652418 1.581699 -0.922538
v 0.667113 1.564589 -0.914557
v 0.683877 1.551876 -0.905454
v 0.702067 1.544047 -0.895576
v 0.704338 1.813918 -0.899366
v 0.688331 1.806089 -0.912891
v 0.673580 1.793375 -0.925355
v 0.660649 1.776265 -0.936279
v 0.650037 1.755417 -0.945245
v 0.642152 1.731631 -0.951907
v 0.637296 1.705823 -0.956010
v 0.635658 1.678982 -0.957394
v 0.637296 1.652142 -0.956010
v 0.642152 1.626333 -0.951907
v 0.650037 1.602547 -0.945245
v 0.660649 1.581699 -0.936279
v 0.673580 1.564589 -0.925355
v 0.688331 1.551876 -0.912891
v 0.704338 1.544047 -0.899366
v 0.707249 1.813918 -0.902618
v 0.694041 1.806089 -0.919268
v 0.681867 1.793375 -0.934613
v 0.671198 1.776265 -0.948062
v 0.662441 1.755417 -0.959100
v 0.655935 1.731631 -0.967302
v 0.651929 1.705823 -0.972353
v 0.650575 1.678982 -0.974058
v 0.651929 1.652142 -0.972353
v 0.655935 1.626333 -0.967302
v 0.662441 1.602547 -0.959100
v 0.671198 1.581699 -0.948062
v 0.681867 1.564589 -0.934613
v 0.694041 1.551876 -0.919268
v 0.707249 1.544047 -0.902618
v 0.710688 1.813918 -0.905203
v 0.700785 1.806089 -0.924340
v 0.691659 1.793375 -0.941975
v 0.683660 1.776265 -0.957433
v 0.677096 1.755417 -0.970119
v 0.672218 1.731631 -0.979546
v 0.669214 1.705823 -0.985351
v 0.668200 1.678982 -0.987311
v 0.669214 1.652142 -0.985351
v 0.672218 1.626333 -0.979546
v 0.677096 1.602547 -0.970119
v 0.683660 1.581699 -0.957433
v 0.691659 1.564589 -0.941975
v 0.700785 1.551876 -0.924340
v 0.710688 1.544047 -0.905203
v 0.714521 1.813918 -0.907024
v 0.708306 1.806089 -0.927910
v 0.702578 1.793375 -0.947160
v 0.697558 1.776265 -0.964032
v 0.693436 1.755417 -0.977879
v 0.690375 1.731631 -0.988169
v 0.688489 1.705823 -0.994505
v 0.687853 1.678982 -0.996643
v 0.688489 1.652142 -0.994505
v 0.690375 1.626333 -0.988169
v 0.693436 1.602547 -0.977879
v 0.697558 1.581699 -0.964032
v 0.702578 1.564589 -0.947160
v 0.708306 1.551876 -0.927910
v 0.714521 1.544047 -0.907024
v 0.718604 1.813918 -0.908010
v 0.716314 1.806089 -0.929845
v 0.714204 1.793375 -0.949968
v 0.712354 1.776265 -0.967606
v 0.710836 1.755417 -0.982082
v 0.709708 1.731631 -0.992838
v 0.709013 1.705823 -0.999461
v 0.708779 1.678982 -1.001698
v 0.709013 1.652142 -0.999461
v 0.709708 1.626333 -0.992838
v 0.710836 1.602547 -0.982082
v 0.712354 1.581699 -0.967606
v 0.714204 1.564589 -0.949968
v 0.716314 1.551876 -0.929845
v 0.718604 1.544047 -0.908010
v 0.722778 1.813918 -0.908123
v 0.724501 1.806089 -0.930067
v 0.726090 1.793375 -0.950290
v 0.727482 1.776265 -0.968017
v 0.728625 1.755417 -0.982564
v 0.729474 1.731631 -0.993374
v 0.729997 1.705823 -1.000031
v 0.730174 1.678982 -1.002278
v 0.729997 1.652142 -1.000031
v 0.729474 1.626333 -0.993374
v 0.728625 1.602547 -0.982564
v 0.727482 1.581699 -0.968017
v 0.726090 1.564589 -0.950290
v 0.724501 1.551876 -0.930067
v 0.722778 1.544047 -0.908123
v 0.726883 1.813918 -0.907359
v 0.732554 1.806089 -0.928569
v 0.737781 1.793375 -0.948116
v 0.742361 1.776265 -0.965249
v 0.746121 1.755417 -0.979310
v 0.748915 1.731631 -0.989758
v 0.750635 1.705823 -0.996191
v 0.751216 1.678982 -0.998364
v 0.750635 1.652142 -0.996191
v 0.748915 1.626333 -0.989758
v 0.746121 1.602547 -0.979310
v 0.742361 1.581699 -0.965249
v 0.737781 1.564589 -0.948116
v 0.732554 1.551876 -0.928570
v 0.726883 1.544047 -0.907360
v 0.730761 1.813918 -0.905748
v 0.740162 1.806089 -0.925408
v 0.748825 1.793375 -0.943527
v 0.756419 1.776265 -0.959408
v 0.762651 1.755417 -0.972442
v 0.767282 1.731631 -0.982127
v 0.770134 1.705823 -0.988091
v 0.771096 1.678982 -0.990104
v 0.770134 1.652142 -0.988091
v 0.767282 1.626333 -0.982127
v 0.762651 1.602547 -0.972442
v 0.756419 1.581699 -0.959408
v 0.748825 1.564589 -0.943527
v 0.740162 1.551876 -0.925408
v 0.730761 1.544047 -0.905748
v 0.734264 1.813918 -0.903351
v 0.747033 1.806089 -0.920707
v 0.758800 1.793375 -0.936701
v 0.769115 1.776265 -0.950720
v 0.777580 1.755417 -0.962226
v 0.783870 1.731631 -0.970775
v 0.787743 1.705823 -0.976040
v 0.789051 1.678982 -0.977817
v 0.787743 1.652142 -0.976040
v 0.783870 1.626333 -0.970775
v 0.777580 1.602547 -0.962226
v 0.769115 1.581699 -0.950720
v 0.758800 1.564589 -0.936701
v 0.747033 1.551876 -0.920707
v 0.734264 1.544047 -0.903351
v 0.737256 1.813918 -0.900260
v 0.752903 1.806089 -0.914644
v 0.767322 1.793375 -0.927900
v 0.779961 1.776265 -0.939519
v 0.790333 1.755417 -0.949054
v 0.798041 1.731631 -0.956139
v 0.802787 1.705823 -0.960502
v 0.804390 1.678982 -0.961975
v 0.802787 1.652142 -0.960502
v 0.798041 1.626333 -0.956139
v 0.790333 1.602547 -0.949054
v 0.779961 1.581699 -0.939519
v 0.767322 1.564589 -0.927900
v 0.752903 1.551876 -0.914644
v 0.737256 1.544047 -0.900260
v 0.720985 1.541403 -0.885303
v 0.739623 1.813918 -0.896595
v 0.757546 1.806089 -0.907453
v 0.774063 1.793375 -0.917462
v 0.788541 1.776265 -0.926233
v 0.800423 1.755417 -0.933431
v 0.809251 1.731631 -0.938780
v 0.814688 1.705823 -0.942075
v 0.816523 1.678982 -0.943186
v 0.814688 1.652142 -0.942075
v 0.809251 1.626333 -0.938780
v 0.800423 1.602547 -0.933431
v 0.788541 1.581699 -0.926233
v 0.774063 1.564589 -0.917462
v 0.757546 1.551876 -0.907453
v 0.739623 1.544047 -0.896595
v 0.741275 1.813918 -0.892496
v 0.760784 1.806089 -0.899412
v 0.778765 1.793375 -0.905787
v 0.794525 1.776265 -0.911375
v 0.807458 1.755417 -0.915960
v 0.817070 1.731631 -0.919366
v 0.822987 1.705823 -0.921466
v 0.824986 1.678982 -0.922173
v 0.822987 1.652142 -0.921466
v 0.817070 1.626333 -0.919366
v 0.807458 1.602547 -0.915960
v 0.794525 1.581699 -0.911375
v 0.778765 1.564589 -0.905787
v 0.760784 1.551876 -0.899412
v 0.741275 1.544047 -0.892496
v 0.742146 1.813918 -0.888120
v 0.762493 1.806089 -0.890829
v 0.781245 1.793375 -0.893325
v 0.797682 1.776265 -0.895514
v 0.811171 1.755417 -0.897310
v 0.821195 1.731631 -0.898644
v 0.827367 1.705823 -0.899466
v 0.829451 1.678982 -0.899744
v 0.827367 1.652142 -0.899466
v 0.821195 1.626333 -0.898644
v 0.811171 1.602547 -0.897310
v 0.797682 1.581699 -0.895514
v 0.781245 1.564589 -0.893325
v 0.762493 1.551876 -0.890829
v 0.742146 1.544047 -0.888120
v 0.742204 1.813918 -0.883636
v 0.762607 1.806089 -0.882033
v 0.781411 1.793375 -0.880556
v 0.797892 1.776265 -0.879261
v 0.811418 1.755417 -0.878199
v 0.821469 1.731631 -0.877409
v 0.827658 1.705823 -0.876923
v 0.829749 1.678982 -0.876759
v 0.827658 1.652142 -0.876923
v 0.821469 1.626333 -0.877409
v 0.811418 1.602547 -0.878199
v 0.797892 1.581699 -0.879261
v 0.781411 1.564589 -0.880556
v 0.762607 1.551876 -0.882033
v 0.742204 1.544047 -0.883636
v 0.741446 1.813918 -0.879216
v 0.761121 1.806089 -0.873363
v 0.779253 1.793375 -0.867968
v 0.795147 1.776265 -0.863240
v 0.808190 1.755417 -0.859360
v 0.817882 1.731631 -0.856477
v 0.823850 1.705823 -0.854701
v 0.825866 1.678982 -0.854101
v 0.823850 1.652142 -0.854701
v 0.817882 1.626333 -0.856477
v 0.808190 1.602547 -0.859360
v 0.795147 1.581699 -0.863240
v 0.779253 1.564589 -0.867968
v 0.761121 1.551876 -0.873363
v 0.741446 1.544047 -0.879216
v 0.739902 1.813918 -0.875030
v 0.758093 1.806089 -0.865151
v 0.774857 1.793375 -0.856047
v 0.789551 1.776265 -0.848068
v 0.801611 1.755417 -0.841518
v 0.810572 1.731631 -0.836652
v 0.816089 1.705823 -0.833656
v 0.817953 1.678982 -0.832644
v 0.816089 1.652142 -0.833656
v 0.810572 1.626333 -0.836652
v 0.801611 1.602547 -0.841518
v 0.789551 1.581699 -0.848068
v 0.774857 1.564589 -0.856047
v 0.758093 1.551876 -0.865151
v 0.739902 1.544047 -0.875030
v 0.737632 1.813918 -0.871238
v 0.753639 1.806089 -0.857714
v 0.768391 1.793375 -0.845250
v 0.781321 1.776265 -0.834325
v 0.791932 1.755417 -0.825359
v 0.799818 1.731631 -0.818697
v 0.804674 1.705823 -0.814595
v 0.806313 1.678982 -0.813210
v 0.804674 1.652142 -0.814595
v 0.799818 1.626333 -0.818697
v 0.791932 1.602547 -0.825359
v 0.781321 1.581699 -0.834325
v 0.768391 1.564589 -0.845250
v 0.753639 1.551876 -0.857714
v 0.737632 1.544047 -0.871238
v 0.734721 1.813918 -0.867987
v 0.747930 1.806089 -0.851337
v 0.760102 1.793375 -0.835992
v 0.770772 1.776265 -0.822542
v 0.779528 1.755417 -0.811504
v 0.786035 1.731631 -0.803302
v 0.790042 1.705823 -0.798251
v 0.791394 1.678982 -0.796546
v 0.790042 1.652142 -0.798251
v 0.786035 1.626333 -0.803302
v 0.779528 1.602547 -0.811504
v 0.770772 1.581699 -0.822542
v 0.760102 1.564589 -0.835992
v 0.747930 1.551876 -0.851337
v 0.734721 1.544047 -0.867987
v 0.731283 1.813918 -0.865401
v 0.741185 1.806089 -0.846265
v 0.750311 1.793375 -0.828629
v 0.758310 1.776265 -0.813171
v 0.764874 1.755417 -0.800485
v 0.769752 1.731631 -0.791058
v 0.772756 1.705823 -0.785254
v 0.773770 1.678982 -0.783294
v 0.772756 1.652142 -0.785254
v 0.769752 1.626333 -0.791058
v 0.764874 1.602547 -0.800485
v 0.758310 1.581699 -0.813171
v 0.750311 1.564589 -0.828629
v 0.741185 1.551876 -0.846265
v 0.731283 1.544047 -0.865401
v 0.727449 1.813918 -0.863581
v 0.733664 1.806089 -0.842694
v 0.739392 1.793375 -0.823444
v 0.744413 1.776265 -0.806572
v 0.748533 1.755417 -0.792725
v 0.751595 1.731631 -0.782437
v 0.753481 1.705823 -0.776100
v 0.754117 1.678982 -0.773961
v 0.753481 1.652142 -0.776100
v 0.751595 1.626333 -0.782437
v 0.748533 1.602547 -0.792725
v 0.744413 1.581699 -0.806572
v 0.739392 1.564589 -0.823444
v 0.733664 1.551876 -0.842694
v 0.727449 1.544047 -0.863581
v 0.723367 1.813918 -0.862594
v 0.725656 1.806089 -0.840760
v 0.727767 1.793375 -0.820637
v 0.729616 1.776265 -0.802998
v 0.731134 1.755417 -0.788524
v 0.732262 1.731631 -0.777767
v 0.732956 1.705823 -0.771144
v 0.733191 1.678982 -0.768907
v 0.732956 1.652142 -0.771144
v 0.732262 1.626333 -0.777767
v 0.731134 1.602547 -0.788524
v 0.729616 1.581699 -0.802998
v 0.727767 1.564589 -0.820637
v 0.725656 1.551876 -0.840760
v 0.723367 1.544047 -0.862594
v 0.719192 1.813918 -0.862481
v 0.717468 1.806089 -0.840538
v 0.714487 1.776265 -0.802588
v 0.712495 1.731631 -0.777231
v 0.712495 1.626333 -0.777231
v 0.714487 1.581699 -0.802588
v 0.715880 1.564589 -0.820314
v 0.717468 1.551876 -0.840538
v 0.719192 1.544047 -0.862481
vn -0.1501 -0.5713 0.8069
vn -0.1501 0.5713 0.8069
vn -0.1272 -0.7186 0.6836
vn -0.1272 -0.7186 0.6837
vn -0.1272 -0.7187 0.6836
vn -0.1666 0.4129 0.8954
vn -0.0975 -0.8460 0.5242
vn -0.1771 0.2492 0.9521
vn -0.0616 -0.9416 0.3311
vn -0.1823 0.0832 0.9797
vn -0.1823 0.0833 0.9797
vn -0.0211 0.9933 0.1134
vn -0.0211 -0.9933 0.1134
vn -0.1823 -0.0832 0.9797
vn -0.1822 -0.0832 0.9797
vn -0.0616 0.9416 0.3311
vn -0.1771 -0.2492 0.9521
vn -0.0975 0.8460 0.5242
vn -0.1666 -0.4129 0.8954
vn -0.1272 0.7186 0.6836
vn -0.1272 0.7186 0.6837
vn -0.3498 -0.4109 0.8419
vn -0.3497 -0.4109 0.8419
vn -0.2676 0.7166 0.6441
vn -0.3155 -0.5690 0.7594
vn -0.3155 -0.5691 0.7594
vn -0.3155 0.5691 0.7594
vn -0.3155 0.5690 0.7594
vn -0.2676 -0.7166 0.6441
vn -0.3498 0.4109 0.8419
vn -0.2054 -0.8446 0.4944
vn -0.3717 0.2478 0.8947
vn -0.1299 -0.9410 0.3126
vn -0.3823 0.0828 0.9203
vn -0.0445 0.9932 0.1071
vn -0.0445 -0.9932 0.1071
vn -0.3824 -0.0828 0.9203
vn -0.3823 -0.0828 0.9203
vn -0.1299 0.9410 0.3126
vn -0.3717 -0.2478 0.8947
vn -0.2054 0.8446 0.4944
vn -0.2054 0.8446 0.4945
vn -0.1930 -0.9398 0.2820
vn -0.1930 -0.9398 0.2819
vn -0.5629 0.0819 0.8225
vn -0.0662 0.9931 0.0967
vn -0.0662 -0.9931 0.0968
vn -0.5629 -0.0819 0.8225
vn -0.1930 0.9398 0.2820
vn -0.5475 -0.2453 0.8000
vn -0.5475 -0.2454 0.8000
vn -0.5475 -0.2453 0.8001
vn -0.3046 0.8420 0.4452
vn -0.5158 -0.4073 0.7537
vn -0.3960 0.7129 0.5787
vn -0.4660 -0.5650 0.6809
vn -0.4660 0.5650 0.6809
vn -0.3960 -0.7129 0.5787
vn -0.5158 0.4073 0.7537
vn -0.3046 -0.8420 0.4452
vn -0.5475 0.2454 0.8000
vn -0.5072 0.7082 0.4911
vn -0.5953 -0.5598 0.5764
vn -0.5953 0.5598 0.5764
vn -0.5072 -0.7082 0.4911
vn -0.6576 0.4028 0.6367
vn -0.3913 -0.8387 0.3788
vn -0.3912 -0.8387 0.3788
vn -0.3913 -0.8387 0.3787
vn -0.6970 0.2423 0.6749
vn -0.2484 -0.9383 0.2405
vn -0.2484 -0.9383 0.2406
vn -0.7161 0.0808 0.6934
vn -0.7161 0.0808 0.6933
vn -0.0853 0.9929 0.0826
vn -0.0853 -0.9929 0.0826
vn -0.7161 -0.0808 0.6934
vn -0.7160 -0.0808 0.6934
vn -0.2484 0.9383 0.2406
vn -0.2484 0.9383 0.2405
vn -0.6970 -0.2423 0.6749
vn -0.3913 0.8387 0.3788
vn -0.6576 -0.4027 0.6367
vn -0.6576 -0.4028 0.6367
vn -0.8374 0.0797 0.5408
vn -0.1012 0.9927 0.0654
vn -0.1012 -0.9927 0.0654
vn -0.8374 -0.0797 0.5408
vn -0.2941 0.9367 0.1899
vn -0.8157 -0.2391 0.5268
vn -0.8157 -0.2390 0.5268
vn -0.4621 0.8351 0.2984
vn -0.4621 0.8352 0.2983
vn -0.7707 -0.3980 0.4977
vn -0.5973 0.7032 0.3857
vn -0.6992 -0.5544 0.4515
vn -0.6992 0.5544 0.4515
vn -0.5973 -0.7032 0.3857
vn -0.7707 0.3980 0.4977
vn -0.4620 -0.8352 0.2984
vn -0.4620 -0.8351 0.2985
vn -0.8157 0.2391 0.5268
vn -0.8157 0.2391 0.5267
vn -0.2941 -0.9367 0.1899
vn -0.2941 -0.9367 0.1900
vn -0.7750 -0.5495 0.3121
vn -0.7750 0.5495 0.3121
vn -0.6637 -0.6986 0.2673
vn -0.8527 0.3937 0.3434
vn -0.5147 -0.8319 0.2073
vn -0.9014 0.2362 0.3630
vn -0.3284 -0.9352 0.1323
vn -0.9247 0.0787 0.3724
vn -0.1131 0.9925 0.0455
vn -0.1132 -0.9925 0.0456
vn -0.9247 -0.0787 0.3724
vn -0.3284 0.9352 0.1323
vn -0.9014 -0.2362 0.3630
vn -0.5148 0.8319 0.2073
vn -0.5147 0.8319 0.2073
vn -0.8527 -0.3937 0.3434
vn -0.6637 0.6986 0.2673
vn -0.1208 -0.9924 0.0240
vn -0.9778 -0.0779 0.1947
vn -0.3501 0.9341 0.0697
vn -0.9535 -0.2341 0.1898
vn -0.5478 0.8294 0.1091
vn -0.9029 -0.3905 0.1797
vn -0.9029 -0.3905 0.1798
vn -0.7050 0.6952 0.1404
vn -0.8218 -0.5458 0.1636
vn -0.8218 0.5458 0.1636
vn -0.7050 -0.6952 0.1404
vn -0.9029 0.3905 0.1798
vn -0.5478 -0.8295 0.1091
vn -0.9535 0.2341 0.1898
vn -0.3501 -0.9341 0.0697
vn -0.9778 0.0779 0.1947
vn -0.1207 0.9924 0.0241
vn -0.7205 -0.6934 0.0093
vn -0.9212 0.3889 0.0119
vn -0.5605 -0.8281 0.0072
vn -0.9724 0.2330 0.0126
vn -0.3586 -0.9335 0.0046
vn -0.3586 -0.9335 0.0047
vn -0.9969 0.0775 0.0129
vn -0.1237 0.9923 0.0015
vn -0.1238 -0.9923 0.0017
vn -0.9969 -0.0775 0.0129
vn -0.3586 0.9335 0.0047
vn -0.3586 0.9335 0.0046
vn -0.9724 -0.2330 0.0126
vn -0.9724 -0.2330 0.0125
vn -0.5605 0.8281 0.0072
vn -0.9212 -0.3889 0.0119
vn -0.9212 -0.3888 0.0119
vn -0.7205 0.6934 0.0093
vn -0.8391 -0.5439 0.0108
vn -0.8391 0.5439 0.0108
vn -0.3534 0.9335 -0.0606
vn -0.9585 -0.2330 -0.1642
vn -0.5525 0.8281 -0.0947
vn -0.5525 0.8281 -0.0946
vn -0.9081 -0.3889 -0.1556
vn -0.9081 -0.3888 -0.1556
vn -0.7102 0.6934 -0.1217
vn -0.8271 -0.5439 -0.1417
vn -0.8271 0.5439 -0.1417
vn -0.7102 -0.6934 -0.1217
vn -0.9081 0.3889 -0.1556
vn -0.5525 -0.8281 -0.0946
vn -0.5525 -0.8281 -0.0947
vn -0.9585 0.2330 -0.1642
vn -0.9585 0.2330 -0.1643
vn -0.3534 -0.9335 -0.0606
vn -0.9827 0.0775 -0.1684
vn -0.1220 0.9923 -0.0208
vn -0.1220 -0.9923 -0.0210
vn -0.9827 -0.0775 -0.1684
vn -0.8637 0.3905 -0.3185
vn -0.5241 -0.8295 -0.1933
vn -0.9122 0.2341 -0.3364
vn -0.3349 -0.9341 -0.1235
vn -0.3350 -0.9341 -0.1235
vn -0.9354 0.0779 -0.3450
vn -0.1155 0.9924 -0.0426
vn -0.1156 -0.9924 -0.0426
vn -0.9354 -0.0779 -0.3450
vn -0.9354 -0.0779 -0.3449
vn -0.3349 0.9341 -0.1235
vn -0.3350 0.9341 -0.1235
vn -0.9122 -0.2341 -0.3364
vn -0.5241 0.8294 -0.1933
vn -0.8637 -0.3905 -0.3185
vn -0.6744 0.6952 -0.2487
vn -0.7862 -0.5458 -0.2899
vn -0.7862 0.5458 -0.2899
vn -0.6744 -0.6952 -0.2487
vn -0.8336 -0.2362 -0.4993
vn -0.4761 0.8319 -0.2851
vn -0.7886 -0.3937 -0.4723
vn -0.6138 0.6986 -0.3676
vn -0.7168 -0.5495 -0.4293
vn -0.7168 0.5495 -0.4293
vn -0.6138 -0.6986 -0.3676
vn -0.7886 0.3937 -0.4723
vn -0.4760 -0.8319 -0.2851
vn -0.8336 0.2362 -0.4993
vn -0.3037 -0.9352 -0.1819
vn -0.8552 0.0786 -0.5122
vn -0.1046 0.9925 -0.0626
vn -0.1047 -0.9925 -0.0627
vn -0.8552 -0.0786 -0.5122
vn -0.3037 0.9352 -0.1819
vn -0.4098 -0.8352 -0.3669
vn -0.7234 0.2391 -0.6477
vn -0.2608 -0.9367 -0.2335
vn -0.7427 0.0797 -0.6649
vn -0.0897 0.9927 -0.0804
vn -0.0898 -0.9927 -0.0804
vn -0.7427 -0.0797 -0.6649
vn -0.7427 -0.0796 -0.6649
vn -0.2608 0.9367 -0.2335
vn -0.7234 -0.2391 -0.6477
vn -0.4098 0.8351 -0.3669
vn -0.6835 -0.3980 -0.6119
vn -0.5297 0.7032 -0.4743
vn -0.6201 -0.5544 -0.5551
vn -0.6201 -0.5544 -0.5552
vn -0.6201 0.5544 -0.5551
vn -0.5297 -0.7032 -0.4743
vn -0.5298 -0.7032 -0.4742
vn -0.6835 0.3980 -0.6119
vn -0.3273 0.8387 -0.4353
vn -0.5501 -0.4028 -0.7316
vn -0.5501 -0.4027 -0.7316
vn -0.4243 0.7082 -0.5643
vn -0.4980 -0.5598 -0.6623
vn -0.4980 0.5598 -0.6623
vn -0.4243 -0.7082 -0.5643
vn -0.5501 0.4028 -0.7316
vn -0.5501 0.4028 -0.7315
vn -0.3273 -0.8387 -0.4353
vn -0.3273 -0.8387 -0.4352
vn -0.5831 0.2423 -0.7754
vn -0.2078 -0.9383 -0.2764
vn -0.5990 0.0808 -0.7966
vn -0.5990 0.0808 -0.7967
vn -0.0714 0.9929 -0.0949
vn -0.0714 -0.9929 -0.0949
vn -0.5990 -0.0808 -0.7966
vn -0.5991 -0.0808 -0.7966
vn -0.2078 0.9383 -0.2763
vn -0.2078 0.9383 -0.2764
vn -0.5831 -0.2423 -0.7754
vn -0.4159 0.2454 -0.8757
vn -0.1466 -0.9398 -0.3087
vn -0.1466 -0.9398 -0.3086
vn -0.4275 0.0819 -0.9003
vn -0.4276 0.0819 -0.9003
vn -0.0503 0.9931 -0.1059
vn -0.0503 -0.9931 -0.1059
vn -0.4275 -0.0819 -0.9003
vn -0.1466 0.9398 -0.3087
vn -0.1466 0.9398 -0.3086
vn -0.4159 -0.2454 -0.8757
vn -0.2314 0.8420 -0.4873
vn -0.3918 -0.4073 -0.8250
vn -0.3008 0.7129 -0.6335
vn -0.3539 -0.5650 -0.7453
vn -0.3539 -0.5650 -0.7454
vn -0.3539 0.5650 -0.7453
vn -0.3540 0.5650 -0.7453
vn -0.3008 -0.7129 -0.6335
vn -0.3918 0.4073 -0.8250
vn -0.2314 -0.8420 -0.4873
vn -0.2140 -0.4109 -0.8862
vn -0.1638 0.7166 -0.6780
vn -0.1931 -0.5691 -0.7993
vn -0.1931 0.5691 -0.7993
vn -0.1930 0.5690 -0.7993
vn -0.1638 -0.7166 -0.6780
vn -0.1637 -0.7166 -0.6780
vn -0.2140 0.4109 -0.8862
vn -0.1257 -0.8446 -0.5204
vn -0.2274 0.2478 -0.9417
vn -0.2274 0.2478 -0.9418
vn -0.0795 -0.9410 -0.3290
vn -0.2340 0.0828 -0.9687
vn -0.2339 0.0828 -0.9687
vn -0.0272 0.9933 -0.1127
vn -0.0273 -0.9932 -0.1128
vn -0.2340 -0.0828 -0.9687
vn -0.2339 -0.0828 -0.9687
vn -0.2339 -0.0827 -0.9687
vn -0.0795 0.9410 -0.3290
vn -0.2274 -0.2478 -0.9417
vn -0.2275 -0.2478 -0.9417
vn -0.1257 0.8446 -0.5204
vn -0.1257 0.8446 -0.5205
vn -0.0091 -0.9416 -0.3366
vn -0.0270 0.0832 -0.9962
vn -0.0271 0.0832 -0.9962
vn -0.0031 0.9933 -0.1153
vn -0.0031 -0.9933 -0.1153
vn -0.0270 -0.0832 -0.9962
vn -0.0271 -0.0833 -0.9962
vn -0.0091 0.9416 -0.3367
vn -0.0091 0.9416 -0.3366
vn -0.0263 -0.2492 -0.9681
vn -0.0262 -0.2491 -0.9681
vn -0.0144 0.8460 -0.5330
vn -0.0247 -0.4129 -0.9104
vn -0.0189 0.7186 -0.6951
vn -0.0188 0.7186 -0.6951
vn -0.0223 -0.5713 -0.8205
vn -0.0223 -0.5713 -0.8204
vn -0.0223 0.5713 -0.8205
vn -0.0222 0.5713 -0.8205
vn -0.0189 -0.7186 -0.6951
vn -0.0188 -0.7186 -0.6951
vn -0.0247 0.4129 -0.9104
vn -0.0247 0.4129 -0.9105
vn -0.0144 -0.8460 -0.5330
vn -0.0263 0.2492 -0.9681
vn 0.1501 -0.5713 -0.8069
vn 0.1501 0.5713 -0.8069
vn 0.1272 -0.7186 -0.6837
vn 0.1271 -0.7186 -0.6837
vn 0.1665 0.4129 -0.8954
vn 0.0975 -0.8460 -0.5242
vn 0.1771 0.2492 -0.9521
vn 0.1772 0.2492 -0.9521
vn 0.0616 -0.9416 -0.3311
vn 0.1823 0.0832 -0.9797
vn 0.1822 0.0832 -0.9797
vn 0.0211 0.9933 -0.1134
vn 0.0211 -0.9933 -0.1134
vn 0.1823 -0.0833 -0.9797
vn 0.1823 -0.0832 -0.9797
vn 0.0616 0.9416 -0.3311
vn 0.1771 -0.2492 -0.9521
vn 0.1771 -0.2491 -0.9521
vn 0.0975 0.8460 -0.5242
vn 0.1665 -0.4129 -0.8954
vn 0.1272 0.7186 -0.6837
vn 0.0445 0.9933 -0.1071
vn 0.0445 -0.9932 -0.1071
vn 0.3823 -0.0828 -0.9203
vn 0.3823 -0.0827 -0.9203
vn 0.1299 0.9410 -0.3126
vn 0.3717 -0.2478 -0.8947
vn 0.2054 0.8446 -0.4944
vn 0.3498 -0.4109 -0.8419
vn 0.2676 0.7166 -0.6441
vn 0.3155 -0.5691 -0.7594
vn 0.3155 0.5691 -0.7594
vn 0.3155 0.5690 -0.7594
vn 0.2676 -0.7166 -0.6441
vn 0.3498 0.4109 -0.8419
vn 0.2054 -0.8446 -0.4944
vn 0.3717 0.2478 -0.8947
vn 0.1299 -0.9410 -0.3126
vn 0.3823 0.0828 -0.9203
vn 0.3824 0.0828 -0.9203
vn 0.4660 0.5650 -0.6809
vn 0.3960 -0.7129 -0.5787
vn 0.5158 0.4073 -0.7537
vn 0.3046 -0.8420 -0.4452
vn 0.5475 0.2454 -0.8000
vn 0.1929 -0.9398 -0.2820
vn 0.5629 0.0819 -0.8225
vn 0.0662 0.9931 -0.0967
vn 0.0662 -0.9931 -0.0967
vn 0.5629 -0.0819 -0.8225
vn 0.1929 0.9398 -0.2820
vn 0.5475 -0.2454 -0.8000
vn 0.3046 0.8420 -0.4452
vn 0.3047 0.8420 -0.4452
vn 0.5158 -0.4073 -0.7537
vn 0.3960 0.7129 -0.5787
vn 0.4660 -0.5650 -0.6809
vn 0.7161 -0.0808 -0.6933
vn 0.2484 0.9383 -0.2405
vn 0.6970 -0.2423 -0.6749
vn 0.3912 0.8387 -0.3788
vn 0.6576 -0.4027 -0.6367
vn 0.5072 0.7082 -0.4911
vn 0.5953 -0.5598 -0.5764
vn 0.5953 0.5598 -0.5764
vn 0.5072 -0.7082 -0.4911
vn 0.6576 0.4027 -0.6367
vn 0.3912 -0.8387 -0.3788
vn 0.6970 0.2423 -0.6749
vn 0.2484 -0.9383 -0.2405
vn 0.7161 0.0808 -0.6933
vn 0.0853 0.9929 -0.0826
vn 0.0854 -0.9929 -0.0826
vn 0.5973 -0.7032 -0.3858
vn 0.5973 -0.7032 -0.3857
vn 0.7707 0.3980 -0.4977
vn 0.4620 -0.8352 -0.2984
vn 0.8157 0.2391 -0.5268
vn 0.2941 -0.9367 -0.1899
vn 0.8374 0.0797 -0.5408
vn 0.1012 0.9927 -0.0653
vn 0.1012 -0.9927 -0.0654
vn 0.8374 -0.0797 -0.5408
vn 0.2941 0.9367 -0.1899
vn 0.8157 -0.2391 -0.5268
vn 0.4621 0.8351 -0.2984
vn 0.4620 0.8351 -0.2984
vn 0.7707 -0.3980 -0.4977
vn 0.5973 0.7032 -0.3858
vn 0.5973 0.7032 -0.3857
vn 0.6991 -0.5544 -0.4515
vn 0.6991 0.5544 -0.4515
vn 0.3284 0.9352 -0.1323
vn 0.9014 -0.2362 -0.3630
vn 0.5148 0.8319 -0.2073
vn 0.8527 -0.3937 -0.3434
vn 0.6637 0.6986 -0.2673
vn 0.7750 -0.5495 -0.3121
vn 0.7750 0.5495 -0.3121
vn 0.6637 -0.6986 -0.2673
vn 0.6637 -0.6986 -0.2672
vn 0.8527 0.3937 -0.3434
vn 0.5147 -0.8319 -0.2073
vn 0.9014 0.2362 -0.3630
vn 0.3284 -0.9352 -0.1323
vn 0.9247 0.0787 -0.3724
vn 0.1131 0.9925 -0.0455
vn 0.1132 -0.9925 -0.0456
vn 0.9247 -0.0787 -0.3724
vn 0.9029 0.3906 -0.1797
vn 0.5478 -0.8295 -0.1091
vn 0.9535 0.2341 -0.1898
vn 0.3501 -0.9341 -0.0697
vn 0.9778 0.0779 -0.1946
vn 0.1207 0.9924 -0.0241
vn 0.1208 -0.9924 -0.0241
vn 0.9778 -0.0779 -0.1946
vn 0.3501 0.9341 -0.0697
vn 0.9535 -0.2341 -0.1898
vn 0.5478 0.8294 -0.1091
vn 0.9029 -0.3906 -0.1797
vn 0.9029 -0.3905 -0.1797
vn 0.7050 0.6952 -0.1404
vn 0.7050 0.6952 -0.1403
vn 0.8218 -0.5458 -0.1636
vn 0.8218 0.5458 -0.1636
vn 0.7050 -0.6952 -0.1403
vn 0.7050 -0.6952 -0.1404
vn 0.9724 -0.2329 -0.0126
vn 0.9724 -0.2330 -0.0126
vn 0.5605 0.8281 -0.0073
vn 0.9212 -0.3889 -0.0119
vn 0.7205 0.6934 -0.0093
vn 0.8391 -0.5439 -0.0108
vn 0.8391 0.5439 -0.0108
vn 0.7205 -0.6934 -0.0093
vn 0.9212 0.3889 -0.0119
vn 0.5605 -0.8281 -0.0072
vn 0.5605 -0.8281 -0.0073
vn 0.5605 -0.8282 -0.0072
vn 0.9724 0.2330 -0.0126
vn 0.3586 -0.9335 -0.0046
vn 0.3586 -0.9335 -0.0047
vn 0.9969 0.0776 -0.0129
vn 0.9969 0.0775 -0.0129
vn 0.1237 0.9923 -0.0015
vn 0.1238 -0.9923 -0.0016
vn 0.9969 -0.0776 -0.0129
vn 0.3586 0.9335 -0.0047
vn 0.3586 0.9335 -0.0046
vn 0.5525 -0.8281 0.0947
vn 0.5525 -0.8281 0.0946
vn 0.9585 0.2330 0.1643
vn 0.3534 -0.9335 0.0606
vn 0.9827 0.0776 0.1684
vn 0.9827 0.0775 0.1684
vn 0.1220 0.9923 0.0208
vn 0.1220 -0.9923 0.0209
vn 0.9827 -0.0776 0.1684
vn 0.3534 0.9335 0.0606
vn 0.9585 -0.2329 0.1643
vn 0.5525 0.8281 0.0947
vn 0.9081 -0.3889 0.1556
vn 0.7102 0.6934 0.1217
vn 0.8271 -0.5439 0.1417
vn 0.8271 0.5439 0.1417
vn 0.7102 -0.6934 0.1217
vn 0.9081 0.3889 0.1556
vn 0.8637 -0.3906 0.3185
vn 0.8637 -0.3905 0.3185
vn 0.6744 0.6952 0.2487
vn 0.7862 -0.5458 0.2899
vn 0.7862 0.5458 0.2899
vn 0.6744 -0.6952 0.2487
vn 0.8637 0.3906 0.3185
vn 0.5241 -0.8295 0.1933
vn 0.9122 0.2341 0.3364
vn 0.3350 -0.9341 0.1235
vn 0.3349 -0.9341 0.1235
vn 0.9354 0.0779 0.3449
vn 0.9354 0.0780 0.3449
vn 0.1155 0.9924 0.0426
vn 0.1156 -0.9924 0.0426
vn 0.9354 -0.0779 0.3449
vn 0.9354 -0.0779 0.3450
vn 0.3350 0.9341 0.1235
vn 0.9122 -0.2341 0.3364
vn 0.5241 0.8294 0.1933
vn 0.3037 -0.9352 0.1819
vn 0.8552 0.0787 0.5122
vn 0.1046 0.9925 0.0626
vn 0.1047 -0.9925 0.0627
vn 0.8552 -0.0787 0.5122
vn 0.3037 0.9352 0.1819
vn 0.8336 -0.2362 0.4993
vn 0.4761 0.8319 0.2851
vn 0.7886 -0.3937 0.4723
vn 0.6138 0.6986 0.3676
vn 0.7168 -0.5495 0.4293
vn 0.7168 0.5495 0.4293
vn 0.6138 -0.6986 0.3676
vn 0.7886 0.3937 0.4723
vn 0.4760 -0.8319 0.2851
vn 0.4761 -0.8319 0.2851
vn 0.8336 0.2362 0.4993
vn 0.5297 0.7032 0.4743
vn 0.6201 -0.5544 0.5551
vn 0.6201 0.5544 0.5551
vn 0.5297 -0.7032 0.4743
vn 0.6835 0.3980 0.6119
vn 0.4098 -0.8352 0.3669
vn 0.7234 0.2391 0.6477
vn 0.7235 0.2391 0.6477
vn 0.2608 -0.9367 0.2335
vn 0.7427 0.0797 0.6649
vn 0.0897 0.9927 0.0804
vn 0.0898 -0.9927 0.0804
vn 0.7427 -0.0797 0.6649
vn 0.2608 0.9367 0.2335
vn 0.7234 -0.2391 0.6477
vn 0.7234 -0.2390 0.6477
vn 0.4098 0.8351 0.3669
vn 0.6835 -0.3980 0.6119
vn 0.5990 0.0808 0.7966
vn 0.0714 0.9929 0.0949
vn 0.0714 -0.9929 0.0949
vn 0.5990 -0.0808 0.7966
vn 0.5990 -0.0808 0.7967
vn 0.2078 0.9383 0.2763
vn 0.5831 -0.2423 0.7754
vn 0.3273 0.8387 0.4353
vn 0.5501 -0.4027 0.7316
vn 0.4243 0.7082 0.5643
vn 0.4980 -0.5598 0.6623
vn 0.4980 0.5598 0.6623
vn 0.4243 -0.7082 0.5643
vn 0.5501 0.4027 0.7316
vn 0.3273 -0.8387 0.4352
vn 0.5831 0.2423 0.7754
vn 0.5831 0.2423 0.7755
vn 0.2078 -0.9383 0.2763
vn 0.2078 -0.9383 0.2764
vn 0.3539 -0.5650 0.7453
vn 0.3539 0.5650 0.7453
vn 0.3008 -0.7129 0.6335
vn 0.3918 0.4073 0.8250
vn 0.3917 0.4073 0.8250
vn 0.2314 -0.8420 0.4873
vn 0.4159 0.2454 0.8757
vn 0.4158 0.2454 0.8757
vn 0.1466 -0.9398 0.3087
vn 0.1465 -0.9398 0.3087
vn 0.1465 -0.9398 0.3086
vn 0.4275 0.0819 0.9003
vn 0.0503 0.9931 0.1059
vn 0.0503 -0.9931 0.1059
vn 0.4275 -0.0819 0.9003
vn 0.1466 0.9398 0.3087
vn 0.1465 0.9398 0.3087
vn 0.4158 -0.2454 0.8757
vn 0.4158 -0.2453 0.8757
vn 0.2314 0.8420 0.4873
vn 0.3918 -0.4073 0.8250
vn 0.3008 0.7129 0.6335
vn 0.0272 0.9933 0.1127
vn 0.0273 -0.9932 0.1128
vn 0.2340 -0.0828 0.9687
vn 0.0795 0.9410 0.3291
vn 0.2274 -0.2478 0.9417
vn 0.1257 0.8446 0.5204
vn 0.2140 -0.4109 0.8862
vn 0.1637 0.7166 0.6780
vn 0.1638 0.7166 0.6780
vn 0.1930 -0.5690 0.7993
vn 0.1931 -0.5691 0.7993
vn 0.1930 0.5690 0.7993
vn 0.1637 -0.7166 0.6780
vn 0.2140 0.4109 0.8862
vn 0.1257 -0.8446 0.5204
vn 0.2274 0.2478 0.9417
vn 0.0795 -0.9410 0.3291
vn 0.0795 -0.9410 0.3290
vn 0.2340 0.0828 0.9687
vn 0.0223 0.5713 0.8205
vn 0.0189 -0.7186 0.6951
vn 0.0189 -0.7187 0.6951
vn 0.0247 0.4129 0.9104
vn 0.0247 0.4129 0.9105
vn 0.0145 -0.8460 0.5330
vn 0.0263 0.2492 0.9681
vn 0.0091 -0.9416 0.3367
vn 0.0271 0.0832 0.9962
vn 0.0270 0.0832 0.9962
vn 0.0271 0.0833 0.9962
vn 0.0031 0.9933 0.1153
vn 0.0031 -0.9933 0.1153
vn 0.0271 -0.0832 0.9962
vn 0.0270 -0.0832 0.9962
vn 0.0091 0.9416 0.3367
vn 0.0091 0.9416 0.3366
vn 0.0263 -0.2492 0.9681
vn 0.0145 0.8460 0.5330
vn 0.0247 -0.4129 0.9104
vn 0.0189 0.7186 0.6951
vn 0.0223 -0.5713 0.8205
vn -0.1822 0.0832 0.9797
vn -0.1823 -0.0833 0.9797
vn -0.1272 0.7187 0.6836
vn -0.3155 0.5691 0.7593
vn -0.3497 0.4109 0.8419
vn -0.3824 0.0828 0.9203
vn -0.4660 0.5650 0.6810
vn -0.5475 0.2453 0.8001
vn -0.6576 0.4027 0.6367
vn -0.7160 0.0808 0.6934
vn -0.7161 -0.0808 0.6933
vn -0.6970 -0.2422 0.6749
vn -0.4620 0.8351 0.2984
vn -0.6992 0.5543 0.4515
vn -0.4620 -0.8352 0.2983
vn -0.9029 0.3905 0.1797
vn -0.9212 0.3888 0.0119
vn -0.9724 0.2330 0.0125
vn -0.9585 -0.2330 -0.1643
vn -0.9081 0.3888 -0.1556
vn -0.9354 0.0779 -0.3449
vn -0.4098 -0.8352 -0.3668
vn -0.7427 0.0796 -0.6649
vn -0.7234 -0.2390 -0.6477
vn -0.5298 0.7032 -0.4742
vn -0.6201 0.5543 -0.5552
vn -0.5501 0.4027 -0.7316
vn -0.5991 0.0808 -0.7966
vn -0.5990 -0.0808 -0.7967
vn -0.3540 -0.5650 -0.7453
vn -0.3539 0.5650 -0.7454
vn -0.1637 0.7166 -0.6780
vn -0.2339 0.0827 -0.9687
vn -0.2274 -0.2478 -0.9418
vn -0.0271 0.0833 -0.9962
vn -0.0222 -0.5713 -0.8205
vn -0.0223 0.5713 -0.8204
vn -0.0262 0.2491 -0.9681
vn 0.1771 0.2491 -0.9521
vn 0.1823 0.0833 -0.9797
vn 0.1822 -0.0832 -0.9797
vn 0.1772 -0.2492 -0.9521
vn 0.1271 0.7186 -0.6837
vn 0.3824 -0.0828 -0.9203
vn 0.2055 0.8446 -0.4944
vn 0.3155 -0.5690 -0.7594
vn 0.3823 0.0827 -0.9203
vn 0.3912 0.8387 -0.3789
vn 0.4621 0.8352 -0.2984
vn 0.9029 0.3905 -0.1797
vn 0.9778 -0.0779 -0.1947
vn 0.5605 0.8281 -0.0072
vn 0.8391 -0.5439 -0.0109
vn 0.9969 -0.0775 -0.0129
vn 0.9827 -0.0775 0.1684
vn 0.8637 0.3905 0.3185
vn 0.9354 0.0779 0.3450
vn 0.9354 -0.0780 0.3449
vn 0.6201 0.5544 0.5552
vn 0.4098 -0.8352 0.3668
vn 0.7235 -0.2391 0.6477
vn 0.5990 0.0808 0.7967
vn 0.2078 0.9383 0.2764
vn 0.5831 -0.2422 0.7755
vn 0.3273 0.8387 0.4352
vn 0.3273 -0.8387 0.4353
vn 0.4158 0.2453 0.8757
vn 0.4159 -0.2454 0.8757
vn 0.2339 -0.0828 0.9687
vn 0.1931 0.5691 0.7993
vn 0.1638 -0.7166 0.6780
vn 0.0271 -0.0833 0.9962
vn 0.0189 0.7187 0.6951
vt 0.041632 0.056597
vt 0.039199 0.055880
vt 0.041210 0.055333
vt 0.025312 0.056596
vt 0.027745 0.055879
vt 0.027408 0.057268
vt 0.043834 0.055659
vt 0.043357 0.054560
vt 0.029685 0.056249
vt 0.029453 0.057724
vt 0.046260 0.054340
vt 0.045779 0.053455
vt 0.031587 0.056463
vt 0.031471 0.057986
vt 0.049301 0.052318
vt 0.048916 0.051715
vt 0.033472 0.056535
vt 0.033472 0.058059
vt 0.017644 0.052317
vt 0.014554 0.049856
vt 0.018029 0.051713
vt 0.052391 0.049858
vt 0.035474 0.057986
vt 0.035358 0.056463
vt 0.021166 0.053454
vt 0.020685 0.054338
vt 0.037492 0.057724
vt 0.037260 0.056249
vt 0.023588 0.054559
vt 0.023111 0.055658
vt 0.039536 0.057269
vt 0.025734 0.055331
vt 0.037085 0.054838
vt 0.038944 0.054538
vt 0.026059 0.054094
vt 0.040886 0.054094
vt 0.028001 0.054538
vt 0.042984 0.053463
vt 0.029860 0.054837
vt 0.045392 0.052549
vt 0.031675 0.055013
vt 0.048594 0.051077
vt 0.033472 0.055074
vt 0.014798 0.049506
vt 0.018351 0.051075
vt 0.052147 0.049508
vt 0.035269 0.055013
vt 0.021552 0.052548
vt 0.023961 0.053462
vt 0.045088 0.051623
vt 0.048329 0.050408
vt 0.033472 0.053658
vt 0.015014 0.049117
vt 0.018616 0.050406
vt 0.051931 0.049119
vt 0.035203 0.053607
vt 0.021857 0.051622
vt 0.036954 0.053467
vt 0.024248 0.052363
vt 0.038752 0.053227
vt 0.026304 0.052871
vt 0.040641 0.052872
vt 0.028192 0.053227
vt 0.042697 0.052364
vt 0.029991 0.053466
vt 0.031742 0.053607
vt 0.026485 0.051655
vt 0.038613 0.051932
vt 0.040460 0.051656
vt 0.028332 0.051931
vt 0.042482 0.051260
vt 0.030085 0.052117
vt 0.044854 0.050679
vt 0.031789 0.052228
vt 0.048114 0.049712
vt 0.033473 0.052268
vt 0.015204 0.048695
vt 0.018831 0.049710
vt 0.051742 0.048697
vt 0.035155 0.052228
vt 0.022091 0.050678
vt 0.036859 0.052118
vt 0.024463 0.051259
vt 0.033473 0.050891
vt 0.015368 0.048248
vt 0.018999 0.048993
vt 0.051578 0.048250
vt 0.047946 0.048995
vt 0.035122 0.050861
vt 0.022264 0.049718
vt 0.036794 0.050780
vt 0.024619 0.050148
vt 0.038515 0.050643
vt 0.026614 0.050439
vt 0.040331 0.050440
vt 0.028431 0.050642
vt 0.042327 0.050149
vt 0.030152 0.050780
vt 0.044682 0.049719
vt 0.031823 0.050861
vt 0.038450 0.049355
vt 0.040246 0.049221
vt 0.028495 0.049355
vt 0.042221 0.049030
vt 0.030194 0.049445
vt 0.044561 0.048747
vt 0.031844 0.049499
vt 0.047818 0.048262
vt 0.033473 0.049521
vt 0.015508 0.047785
vt 0.019127 0.048260
vt 0.051437 0.047787
vt 0.035101 0.049500
vt 0.022384 0.048746
vt 0.036751 0.049446
vt 0.024724 0.049029
vt 0.026700 0.049221
vt 0.051321 0.047318
vt 0.047729 0.047521
vt 0.033473 0.048150
vt 0.035091 0.048139
vt 0.022459 0.047764
vt 0.036728 0.048112
vt 0.024787 0.047904
vt 0.038414 0.048067
vt 0.026749 0.048000
vt 0.040196 0.048001
vt 0.028531 0.048066
vt 0.042159 0.047905
vt 0.030217 0.048112
vt 0.044486 0.047765
vt 0.031855 0.048139
vt 0.015624 0.047316
vt 0.019217 0.047519
vt 0.040179 0.046779
vt 0.042134 0.046779
vt 0.030222 0.046778
vt 0.044453 0.046779
vt 0.031855 0.046778
vt 0.047677 0.046779
vt 0.033473 0.046778
vt 0.015714 0.046852
vt 0.019269 0.046778
vt 0.051231 0.046854
vt 0.035090 0.046778
vt 0.022492 0.046778
vt 0.036723 0.046778
vt 0.024812 0.046778
vt 0.038404 0.046778
vt 0.026766 0.046778
vt 0.028542 0.046778
vt 0.019217 0.046036
vt 0.022459 0.045792
vt 0.036728 0.045445
vt 0.024787 0.045651
vt 0.038415 0.045490
vt 0.026749 0.045556
vt 0.040197 0.045557
vt 0.028531 0.045489
vt 0.042159 0.045652
vt 0.030217 0.045444
vt 0.044487 0.045793
vt 0.031855 0.045417
vt 0.047729 0.046038
vt 0.033473 0.045406
vt 0.015714 0.046704
vt 0.051231 0.046706
vt 0.035091 0.045418
vt 0.028495 0.044201
vt 0.030195 0.044111
vt 0.044561 0.044811
vt 0.031844 0.044057
vt 0.047819 0.045297
vt 0.033473 0.044036
vt 0.015624 0.046240
vt 0.019127 0.045295
vt 0.051322 0.046242
vt 0.035102 0.044057
vt 0.022384 0.044810
vt 0.036751 0.044111
vt 0.024724 0.044527
vt 0.038451 0.044202
vt 0.026700 0.044335
vt 0.040246 0.044336
vt 0.042222 0.044528
vt 0.036794 0.042777
vt 0.022264 0.043838
vt 0.024619 0.043408
vt 0.038515 0.042914
vt 0.026614 0.043117
vt 0.040332 0.043118
vt 0.028431 0.042914
vt 0.042327 0.043409
vt 0.030152 0.042776
vt 0.044682 0.043839
vt 0.031823 0.042695
vt 0.047947 0.044564
vt 0.033473 0.042665
vt 0.015508 0.045771
vt 0.018999 0.044563
vt 0.051438 0.045773
vt 0.035123 0.042696
vt 0.044855 0.042879
vt 0.030086 0.041438
vt 0.031790 0.041329
vt 0.048115 0.043847
vt 0.033473 0.041289
vt 0.015367 0.045308
vt 0.018831 0.043845
vt 0.051578 0.045310
vt 0.035156 0.041329
vt 0.022091 0.042878
vt 0.036860 0.041439
vt 0.024464 0.042296
vt 0.038614 0.041625
vt 0.026486 0.041901
vt 0.040460 0.041902
vt 0.028333 0.041625
vt 0.042483 0.042297
vt 0.021857 0.041933
vt 0.024248 0.041192
vt 0.038753 0.040330
vt 0.026305 0.040685
vt 0.040642 0.040685
vt 0.028193 0.040329
vt 0.042698 0.041193
vt 0.029991 0.040090
vt 0.045089 0.041935
vt 0.031742 0.039949
vt 0.048330 0.043151
vt 0.033473 0.039899
vt 0.015203 0.044861
vt 0.018616 0.043150
vt 0.051743 0.044863
vt 0.035204 0.039949
vt 0.036955 0.040090
vt 0.029861 0.038718
vt 0.031676 0.038543
vt 0.048595 0.042482
vt 0.033473 0.038482
vt 0.015014 0.044439
vt 0.018351 0.042480
vt 0.051932 0.044441
vt 0.035270 0.038543
vt 0.021552 0.041007
vt 0.037086 0.038719
vt 0.023961 0.040093
vt 0.038945 0.039018
vt 0.026059 0.039462
vt 0.040887 0.039463
vt 0.028002 0.039018
vt 0.042985 0.040094
vt 0.045394 0.041009
vt 0.039201 0.037677
vt 0.023588 0.038996
vt 0.025735 0.038224
vt 0.041212 0.038225
vt 0.027746 0.037677
vt 0.043358 0.038997
vt 0.029685 0.037307
vt 0.045781 0.040103
vt 0.031588 0.037093
vt 0.048918 0.041844
vt 0.033474 0.037021
vt 0.014797 0.044050
vt 0.018028 0.041842
vt 0.052149 0.044052
vt 0.035359 0.037093
vt 0.021166 0.040101
vt 0.037261 0.037308
vt 0.049303 0.041240
vt 0.031472 0.035570
vt 0.033474 0.035497
vt 0.014552 0.043700
vt 0.017644 0.041238
vt 0.052394 0.043702
vt 0.035475 0.035570
vt 0.020685 0.039217
vt 0.037493 0.035832
vt 0.023111 0.037898
vt 0.039538 0.036288
vt 0.025313 0.036959
vt 0.041634 0.036960
vt 0.027409 0.036287
vt 0.043835 0.037899
vt 0.029454 0.035832
vt 0.046262 0.039218
vt 0.039981 0.034831
vt 0.042175 0.035656
vt 0.026966 0.034830
vt 0.044427 0.036792
vt 0.029139 0.034263
vt 0.046834 0.038352
vt 0.031308 0.033934
vt 0.049719 0.040648
vt 0.033474 0.033833
vt 0.014150 0.043179
vt 0.017228 0.040646
vt 0.052796 0.043181
vt 0.035639 0.033934
vt 0.020113 0.038351
vt 0.037808 0.034264
vt 0.022519 0.036790
vt 0.024772 0.035656
vt 0.013914 0.042911
vt 0.016738 0.040100
vt 0.053032 0.042913
vt 0.050209 0.040102
vt 0.033474 0.032013
vt 0.035853 0.032145
vt 0.019418 0.037515
vt 0.038217 0.032566
vt 0.021781 0.035678
vt 0.040554 0.033280
vt 0.024084 0.034303
vt 0.042863 0.034303
vt 0.026393 0.033280
vt 0.045166 0.035680
vt 0.028730 0.032566
vt 0.047529 0.037516
vt 0.031094 0.032145
vt 0.025653 0.031606
vt 0.043735 0.032889
vt 0.046078 0.034565
vt 0.028194 0.030693
vt 0.048359 0.036722
vt 0.030813 0.030147
vt 0.050774 0.039611
vt 0.033474 0.029972
vt 0.013664 0.042701
vt 0.016172 0.039609
vt 0.053282 0.042703
vt 0.036135 0.030147
vt 0.018587 0.036720
vt 0.038754 0.030694
vt 0.020869 0.034563
vt 0.041294 0.031607
vt 0.023212 0.032887
vt 0.033474 0.027631
vt 0.036509 0.027867
vt 0.017606 0.035984
vt 0.039460 0.028592
vt 0.019750 0.033455
vt 0.042253 0.029780
vt 0.022108 0.031402
vt 0.044839 0.031404
vt 0.024695 0.029779
vt 0.047197 0.033456
vt 0.027488 0.028592
vt 0.049340 0.035986
vt 0.030438 0.027866
vt 0.051415 0.039184
vt 0.013411 0.042552
vt 0.015532 0.039182
vt 0.053535 0.042555
vt 0.046236 0.029849
vt 0.048562 0.032375
vt 0.026546 0.026192
vt 0.050484 0.035332
vt 0.029932 0.025207
vt 0.052127 0.038837
vt 0.033474 0.024880
vt 0.013173 0.042464
vt 0.014820 0.038834
vt 0.053773 0.042467
vt 0.037016 0.025207
vt 0.016463 0.035330
vt 0.040402 0.026193
vt 0.018385 0.032373
vt 0.043503 0.027767
vt 0.020711 0.029848
vt 0.023445 0.027766
vt 0.015148 0.034794
vt 0.037717 0.022035
vt 0.041677 0.023413
vt 0.016730 0.031358
vt 0.045146 0.025540
vt 0.018940 0.028239
vt 0.048007 0.028241
vt 0.021802 0.025539
vt 0.050217 0.031360
vt 0.025271 0.023412
vt 0.051799 0.034796
vt 0.029231 0.022034
vt 0.052902 0.038585
vt 0.033474 0.021565
vt 0.012968 0.042435
vt 0.014045 0.038583
vt 0.053978 0.042438
vt 0.023509 0.020153
vt 0.052209 0.030474
vt 0.053286 0.034429
vt 0.028229 0.018161
vt 0.053727 0.038448
vt 0.033475 0.017439
vt 0.012814 0.042458
vt 0.013219 0.038446
vt 0.054132 0.042461
vt 0.038720 0.018162
vt 0.013661 0.034427
vt 0.043440 0.020154
vt 0.014738 0.030472
vt 0.047330 0.023085
vt 0.016691 0.026620
vt 0.050257 0.026622
vt 0.019618 0.023083
vt 0.040225 0.013332
vt 0.045926 0.016314
vt 0.012369 0.029816
vt 0.050258 0.020415
vt 0.013837 0.025077
vt 0.053111 0.025080
vt 0.016690 0.020413
vt 0.054579 0.029818
vt 0.021023 0.016312
vt 0.054930 0.034293
vt 0.026725 0.013332
vt 0.054580 0.038447
vt 0.033475 0.012045
vt 0.012730 0.042508
vt 0.012366 0.038445
vt 0.054216 0.042511
vt 0.012017 0.034291
vt 0.054575 0.063740
vt 0.053283 0.059130
vt 0.054927 0.059266
vt 0.026721 0.080222
vt 0.023507 0.073401
vt 0.028226 0.075393
vt 0.053725 0.055111
vt 0.054578 0.055112
vt 0.033471 0.081509
vt 0.033471 0.076116
vt 0.012367 0.055110
vt 0.012731 0.051046
vt 0.013220 0.055109
vt 0.054214 0.051048
vt 0.038716 0.075394
vt 0.040221 0.080223
vt 0.012017 0.059263
vt 0.013661 0.059127
vt 0.043436 0.073402
vt 0.045921 0.077243
vt 0.012369 0.063738
vt 0.014738 0.063082
vt 0.047326 0.070472
vt 0.050254 0.073142
vt 0.013836 0.068476
vt 0.016690 0.066933
vt 0.050253 0.066936
vt 0.053107 0.068478
vt 0.016689 0.073140
vt 0.019617 0.070471
vt 0.052206 0.063084
vt 0.021020 0.077241
vt 0.045143 0.068017
vt 0.016730 0.062196
vt 0.018939 0.065315
vt 0.048004 0.065317
vt 0.021800 0.068015
vt 0.050214 0.062199
vt 0.025269 0.070143
vt 0.051796 0.058762
vt 0.029228 0.071521
vt 0.052900 0.054974
vt 0.033471 0.071991
vt 0.012815 0.051096
vt 0.014045 0.054972
vt 0.054130 0.051099
vt 0.037714 0.071521
vt 0.015148 0.058760
vt 0.041674 0.070144
vt 0.052124 0.054722
vt 0.029929 0.068348
vt 0.033471 0.068675
vt 0.012969 0.051119
vt 0.014820 0.054720
vt 0.053976 0.051122
vt 0.037014 0.068349
vt 0.016463 0.058224
vt 0.040399 0.067364
vt 0.018385 0.061181
vt 0.043500 0.065790
vt 0.020710 0.063707
vt 0.046234 0.063708
vt 0.023444 0.065788
vt 0.048559 0.061183
vt 0.026545 0.067363
vt 0.050481 0.058227
vt 0.019750 0.060100
vt 0.022107 0.062152
vt 0.044837 0.062153
vt 0.024693 0.063776
vt 0.047194 0.060102
vt 0.027486 0.064963
vt 0.049338 0.057573
vt 0.030436 0.065689
vt 0.051413 0.054375
vt 0.033472 0.065925
vt 0.013174 0.051090
vt 0.015532 0.054373
vt 0.053771 0.051093
vt 0.036507 0.065689
vt 0.017606 0.057571
vt 0.039458 0.064964
vt 0.042250 0.063777
vt 0.030811 0.063409
vt 0.033472 0.063584
vt 0.013412 0.051002
vt 0.016173 0.053946
vt 0.053533 0.051005
vt 0.050772 0.053948
vt 0.036133 0.063409
vt 0.018587 0.056834
vt 0.038751 0.062862
vt 0.020869 0.058992
vt 0.041292 0.061950
vt 0.023211 0.060667
vt 0.043733 0.060669
vt 0.025652 0.061949
vt 0.046076 0.058993
vt 0.028192 0.062862
vt 0.048357 0.056836
vt 0.042861 0.059254
vt 0.024083 0.059253
vt 0.026392 0.060276
vt 0.045164 0.057878
vt 0.028728 0.060990
vt 0.047527 0.056042
vt 0.031093 0.061411
vt 0.050207 0.053457
vt 0.033472 0.061543
vt 0.013664 0.050854
vt 0.016738 0.053455
vt 0.053281 0.050856
vt 0.035851 0.061411
vt 0.019418 0.056040
vt 0.038216 0.060990
vt 0.021781 0.057877
vt 0.040552 0.060277
vt 0.013915 0.050644
vt 0.017228 0.052909
vt 0.053030 0.050646
vt 0.049717 0.052911
vt 0.035638 0.059622
vt 0.020112 0.055204
vt 0.037806 0.059293
vt 0.022519 0.056765
vt 0.039980 0.058726
vt 0.024772 0.057900
vt 0.042173 0.057901
vt 0.026965 0.058725
vt 0.044426 0.056766
vt 0.029138 0.059292
vt 0.046832 0.055206
vt 0.031307 0.059622
vt 0.033472 0.059723
vt 0.014151 0.050376
vt 0.052794 0.050378
s 1
usemtl honMaguro
f 1669/1400/2167 1207/1401/2167 1208/1402/2167
f 1666/1403/2168 1201/1404/2168 1192/1405/2168
f 1670/1406/2169 1208/1402/2170 1209/1407/2171
f 1192/1405/2172 1202/1408/2172 1667/1409/2172
f 1671/1410/2173 1209/1407/2173 1210/1411/2173
f 1667/1409/2174 1203/1412/2174 1193/1413/2174
f 1672/1414/2175 1210/1411/2175 1211/1415/2175
f 1193/1413/2176 1204/1416/2176 1194/1417/2177
f 1664/1418/2178 1272/1419/2178 1197/1420/2178
f 1498/1421/2179 1672/1414/2179 1211/1415/2179
f 1195/1422/2180 1204/1416/2180 1205/1423/2181
f 1664/1418/2182 1198/1424/2182 1665/1425/2182
f 1668/1426/2183 1205/1423/2183 1206/1427/2183
f 1665/1425/2184 1199/1428/2184 1191/1429/2184
f 1196/1430/2185 1206/1427/2185 1207/1401/2185
f 1191/1429/2186 1200/1431/2187 1666/1403/2187
f 1207/1401/2188 1221/1432/2188 1222/1433/2189
f 1199/1428/2190 1215/1434/2190 1200/1431/2190
f 1208/1402/2191 1222/1433/2191 1223/1435/2192
f 1200/1431/2193 1216/1436/2194 1201/1404/2194
f 1209/1407/2195 1223/1435/2195 1224/1437/2195
f 1201/1404/2196 1217/1438/2196 1202/1408/2196
f 1210/1411/2197 1224/1437/2197 1225/1439/2197
f 1202/1408/2198 1218/1440/2198 1203/1412/2198
f 1211/1415/2199 1225/1439/2199 1226/1441/2199
f 1203/1412/2200 1219/1442/2200 1204/1416/2200
f 1197/1420/2201 1272/1443/2201 1212/1444/2201
f 1498/1445/2202 1211/1415/2202 1226/1441/2202
f 1205/1423/2203 1219/1442/2204 1220/1446/2203
f 1197/1420/2205 1213/1447/2205 1198/1424/2205
f 1206/1427/2206 1220/1446/2206 1221/1432/2206
f 1198/1424/2207 1214/1448/2207 1199/1428/2208
f 1226/1441/2209 1240/1449/2209 1241/1450/2210
f 1218/1440/2211 1234/1451/2211 1219/1442/2211
f 1212/1444/2212 1272/1452/2212 1227/1453/2212
f 1498/1454/2213 1226/1441/2213 1241/1450/2213
f 1220/1446/2214 1234/1451/2214 1235/1455/2214
f 1212/1444/2215 1228/1456/2215 1213/1447/2215
f 1221/1432/2216 1235/1455/2217 1236/1457/2218
f 1213/1447/2219 1229/1458/2219 1214/1448/2219
f 1222/1433/2220 1236/1457/2220 1237/1459/2220
f 1214/1448/2221 1230/1460/2221 1215/1434/2221
f 1223/1435/2222 1237/1459/2222 1238/1461/2222
f 1215/1434/2223 1231/1462/2223 1216/1436/2223
f 1224/1437/2224 1238/1461/2224 1239/1463/2224
f 1216/1436/2225 1232/1464/2225 1217/1438/2225
f 1225/1439/2226 1239/1463/2226 1240/1449/2226
f 1217/1438/2227 1233/1465/2227 1218/1440/2227
f 1229/1458/2228 1245/1466/2228 1230/1460/2228
f 1238/1461/2229 1252/1467/2229 1253/1468/2229
f 1230/1460/2230 1246/1469/2230 1231/1462/2230
f 1239/1463/2231 1253/1468/2231 1254/1470/2231
f 1231/1462/2232 1247/1471/2232 1232/1464/2232
f 1240/1449/2233 1254/1470/2234 1255/1472/2235
f 1232/1464/2236 1248/1473/2236 1233/1465/2236
f 1241/1450/2237 1255/1472/2237 1256/1474/2238
f 1233/1465/2239 1249/1475/2240 1234/1451/2240
f 1227/1453/2241 1272/1476/2241 1242/1477/2241
f 1498/1478/2242 1241/1450/2242 1256/1474/2242
f 1235/1455/2243 1249/1475/2243 1250/1479/2244
f 1227/1453/2245 1243/1480/2246 1228/1456/2246
f 1236/1457/2247 1250/1479/2247 1251/1481/2247
f 1228/1456/2248 1244/1482/2248 1229/1458/2248
f 1237/1459/2249 1251/1481/2250 1252/1467/2249
f 1248/1473/2251 1264/1483/2251 1249/1475/2251
f 1242/1477/2252 1272/1484/2252 1257/1485/2252
f 1498/1486/2253 1256/1474/2253 1271/1487/2253
f 1250/1479/2254 1264/1483/2254 1265/1488/2254
f 1242/1477/2255 1258/1489/2255 1243/1480/2255
f 1251/1481/2256 1265/1488/2256 1266/1490/2257
f 1243/1480/2258 1259/1491/2258 1244/1482/2259
f 1252/1467/2260 1266/1490/2260 1267/1492/2260
f 1244/1482/2261 1260/1493/2261 1245/1466/2261
f 1253/1468/2262 1267/1492/2262 1268/1494/2262
f 1245/1466/2263 1261/1495/2263 1246/1469/2263
f 1254/1470/2264 1268/1494/2264 1269/1496/2264
f 1246/1469/2265 1262/1497/2265 1247/1471/2265
f 1255/1472/2266 1269/1496/2266 1270/1498/2267
f 1247/1471/2268 1263/1499/2268 1248/1473/2269
f 1256/1474/2270 1270/1498/2271 1271/1487/2270
f 1268/1494/2272 1283/1500/2272 1284/1501/2272
f 1260/1493/2273 1277/1502/2273 1261/1495/2273
f 1269/1496/2274 1284/1501/2274 1285/1503/2274
f 1261/1495/2275 1278/1504/2275 1262/1497/2275
f 1270/1498/2276 1285/1503/2276 1286/1505/2276
f 1262/1497/2277 1279/1506/2277 1263/1499/2277
f 1271/1487/2278 1286/1505/2278 1287/1507/2278
f 1263/1499/2279 1280/1508/2279 1264/1483/2279
f 1257/1485/2280 1272/1509/2280 1273/1510/2280
f 1498/1511/2281 1271/1487/2281 1287/1507/2281
f 1265/1488/2282 1280/1508/2282 1281/1512/2282
f 1257/1485/2283 1274/1513/2283 1258/1489/2283
f 1266/1490/2284 1281/1512/2284 1282/1514/2284
f 1258/1489/2285 1275/1515/2286 1259/1491/2286
f 1267/1492/2287 1282/1514/2287 1283/1500/2287
f 1259/1491/2288 1276/1516/2288 1260/1493/2288
f 1498/1517/2289 1287/1507/2289 1302/1518/2289
f 1281/1512/2290 1295/1519/2290 1296/1520/2290
f 1273/1510/2291 1289/1521/2291 1274/1513/2291
f 1282/1514/2292 1296/1520/2292 1297/1522/2292
f 1274/1513/2293 1290/1523/2293 1275/1515/2293
f 1283/1500/2294 1297/1522/2295 1298/1524/2294
f 1275/1515/2296 1291/1525/2296 1276/1516/2296
f 1284/1501/2297 1298/1524/2297 1299/1526/2297
f 1276/1516/2298 1292/1527/2298 1277/1502/2298
f 1285/1503/2299 1299/1526/2299 1300/1528/2299
f 1277/1502/2300 1293/1529/2300 1278/1504/2300
f 1286/1505/2301 1300/1528/2301 1301/1530/2301
f 1278/1504/2302 1294/1531/2302 1279/1506/2302
f 1287/1507/2303 1301/1530/2303 1302/1518/2303
f 1279/1506/2304 1295/1519/2304 1280/1508/2304
f 1273/1510/2305 1272/1532/2305 1288/1533/2305
f 1300/1528/2306 1314/1534/2306 1315/1535/2306
f 1292/1527/2307 1308/1536/2307 1293/1529/2307
f 1301/1530/2308 1315/1535/2308 1316/1537/2308
f 1293/1529/2309 1309/1538/2309 1294/1531/2309
f 1302/1518/2310 1316/1537/2310 1317/1539/2311
f 1294/1531/2312 1310/1540/2312 1295/1519/2312
f 1288/1533/2313 1272/1541/2313 1303/1542/2313
f 1498/1543/2314 1302/1518/2314 1317/1539/2314
f 1296/1520/2315 1310/1540/2315 1311/1544/2315
f 1288/1533/2316 1304/1545/2317 1289/1521/2317
f 1297/1522/2318 1311/1544/2318 1312/1546/2319
f 1289/1521/2320 1305/1547/2320 1290/1523/2320
f 1298/1524/2321 1312/1546/2321 1313/1548/2322
f 1290/1523/2323 1306/1549/2323 1291/1525/2323
f 1299/1526/2324 1313/1548/2324 1314/1534/2324
f 1291/1525/2325 1307/1550/2325 1292/1527/2325
f 1304/1545/2326 1318/1551/2326 1319/1552/2326
f 1311/1544/2327 1327/1553/2327 1312/1546/2327
f 1305/1547/2328 1319/1552/2328 1320/1554/2329
f 1312/1546/2330 1328/1555/2330 1313/1548/2331
f 1306/1549/2332 1320/1554/2332 1321/1556/2332
f 1313/1548/2333 1329/1557/2333 1314/1534/2333
f 1307/1550/2334 1321/1556/2334 1322/1558/2334
f 1314/1534/2335 1330/1559/2335 1315/1535/2335
f 1308/1536/2336 1322/1558/2336 1323/1560/2336
f 1315/1535/2337 1331/1561/2338 1316/1537/2338
f 1309/1538/2339 1323/1560/2339 1324/1562/2340
f 1316/1537/2341 1332/1563/2341 1317/1539/2341
f 1310/1540/2342 1324/1562/2342 1325/1564/2342
f 1303/1542/2343 1272/1565/2343 1318/1551/2343
f 1498/1566/2344 1317/1539/2344 1332/1563/2344
f 1310/1540/2345 1326/1567/2345 1311/1544/2345
f 1323/1560/2346 1337/1568/2346 1338/1569/2346
f 1330/1559/2347 1346/1570/2347 1331/1561/2347
f 1324/1562/2348 1338/1569/2348 1339/1571/2348
f 1331/1561/2349 1347/1572/2350 1332/1563/2350
f 1325/1564/2351 1339/1571/2351 1340/1573/2351
f 1318/1551/2352 1272/1574/2352 1333/1575/2352
f 1498/1576/2353 1332/1563/2353 1347/1572/2353
f 1325/1564/2354 1341/1577/2354 1326/1567/2355
f 1319/1552/2356 1333/1575/2357 1334/1578/2356
f 1326/1567/2358 1342/1579/2358 1327/1553/2358
f 1320/1554/2359 1334/1578/2359 1335/1580/2359
f 1327/1553/2360 1343/1581/2360 1328/1555/2360
f 1321/1556/2361 1335/1580/2361 1336/1582/2361
f 1328/1555/2362 1344/1583/2362 1329/1557/2362
f 1322/1558/2363 1336/1582/2363 1337/1568/2363
f 1329/1557/2364 1345/1584/2364 1330/1559/2364
f 1341/1577/2365 1357/1585/2365 1342/1579/2365
f 1335/1580/2366 1349/1586/2366 1350/1587/2366
f 1342/1579/2367 1358/1588/2367 1343/1581/2367
f 1336/1582/2368 1350/1587/2368 1351/1589/2368
f 1343/1581/2369 1359/1590/2369 1344/1583/2369
f 1337/1568/2370 1351/1589/2370 1352/1591/2370
f 1344/1583/2371 1360/1592/2371 1345/1584/2371
f 1338/1569/2372 1352/1591/2372 1353/1593/2372
f 1345/1584/2373 1361/1594/2373 1346/1570/2373
f 1339/1571/2374 1353/1593/2374 1354/1595/2374
f 1346/1570/2375 1362/1596/2375 1347/1572/2375
f 1340/1573/2376 1354/1595/2376 1355/1597/2376
f 1333/1575/2377 1272/1598/2377 1348/1599/2377
f 1498/1600/2378 1347/1572/2378 1362/1596/2378
f 1340/1573/2379 1356/1601/2379 1341/1577/2379
f 1334/1578/2380 1348/1599/2380 1349/1586/2380
f 1360/1592/2381 1376/1602/2381 1361/1594/2381
f 1354/1595/2382 1368/1603/2382 1369/1604/2382
f 1361/1594/2383 1377/1605/2383 1362/1596/2383
f 1355/1597/2384 1369/1604/2384 1370/1606/2384
f 1348/1599/2385 1272/1607/2385 1363/1608/2385
f 1498/1609/2386 1362/1596/2386 1377/1605/2386
f 1355/1597/2387 1371/1610/2387 1356/1601/2388
f 1349/1586/2389 1363/1608/2389 1364/1611/2389
f 1356/1601/2390 1372/1612/2390 1357/1585/2390
f 1350/1587/2391 1364/1611/2391 1365/1613/2391
f 1357/1585/2392 1373/1614/2392 1358/1588/2392
f 1351/1589/2393 1365/1613/2393 1366/1615/2393
f 1358/1588/2394 1374/1616/2394 1359/1590/2395
f 1352/1591/2396 1366/1615/2396 1367/1617/2396
f 1359/1590/2397 1375/1618/2397 1360/1592/2398
f 1353/1593/2399 1367/1617/2399 1368/1603/2399
f 1365/1613/2400 1379/1619/2400 1380/1620/2400
f 1372/1612/2401 1388/1621/2401 1373/1614/2402
f 1366/1615/2403 1380/1620/2403 1381/1622/2403
f 1373/1614/2404 1389/1623/2404 1374/1616/2404
f 1367/1617/2405 1381/1622/2405 1382/1624/2405
f 1374/1616/2406 1390/1625/2406 1375/1618/2406
f 1368/1603/2407 1382/1624/2407 1383/1626/2408
f 1375/1618/2409 1391/1627/2410 1376/1602/2410
f 1369/1604/2411 1383/1626/2411 1384/1628/2411
f 1376/1602/2412 1392/1629/2412 1377/1605/2412
f 1370/1606/2413 1384/1628/2413 1385/1630/2414
f 1363/1608/2415 1272/1631/2415 1378/1632/2415
f 1498/1633/2416 1377/1605/2416 1392/1629/2416
f 1370/1606/2417 1386/1634/2417 1371/1610/2418
f 1364/1611/2419 1378/1632/2420 1379/1619/2419
f 1371/1610/2421 1387/1635/2421 1372/1612/2421
f 1384/1628/2422 1398/1636/2422 1399/1637/2422
f 1391/1627/2423 1407/1638/2424 1392/1629/2424
f 1385/1630/2425 1399/1637/2425 1400/1639/2426
f 1378/1632/2427 1272/1640/2427 1393/1641/2427
f 1498/1642/2428 1392/1629/2428 1407/1638/2428
f 1385/1630/2429 1401/1643/2429 1386/1634/2429
f 1379/1619/2430 1393/1641/2431 1394/1644/2430
f 1386/1634/2432 1402/1645/2432 1387/1635/2432
f 1380/1620/2433 1394/1644/2433 1395/1646/2433
f 1387/1635/2434 1403/1647/2434 1388/1621/2434
f 1381/1622/2435 1395/1646/2435 1396/1648/2435
f 1388/1621/2436 1404/1649/2436 1389/1623/2437
f 1382/1624/2438 1396/1648/2438 1397/1650/2439
f 1389/1623/2440 1405/1651/2440 1390/1625/2440
f 1383/1626/2441 1397/1650/2441 1398/1636/2441
f 1390/1625/2442 1406/1652/2442 1391/1627/2442
f 1402/1645/2443 1418/1653/2443 1403/1647/2443
f 1396/1648/2444 1410/1654/2444 1411/1655/2444
f 1403/1647/2445 1419/1656/2445 1404/1649/2445
f 1397/1650/2446 1411/1655/2446 1412/1657/2447
f 1404/1649/2448 1420/1658/2448 1405/1651/2449
f 1398/1636/2450 1412/1657/2450 1413/1659/2450
f 1405/1651/2451 1421/1660/2451 1406/1652/2451
f 1399/1637/2452 1413/1659/2452 1414/1661/2453
f 1406/1652/2454 1422/1662/2454 1407/1638/2454
f 1400/1639/2455 1414/1661/2456 1415/1663/2455
f 1393/1641/2457 1272/1664/2457 1408/1665/2457
f 1498/1666/2458 1407/1638/2458 1422/1662/2458
f 1400/1639/2459 1416/1667/2460 1401/1643/2461
f 1394/1644/2462 1408/1665/2462 1409/1668/2462
f 1401/1643/2463 1417/1669/2463 1402/1645/2464
f 1395/1646/2465 1409/1668/2465 1410/1654/2466
f 1421/1660/2467 1437/1670/2467 1422/1662/2467
f 1415/1663/2468 1429/1671/2469 1430/1672/2468
f 1408/1665/2470 1272/1673/2470 1423/1674/2470
f 1498/1675/2471 1422/1662/2471 1437/1670/2471
f 1415/1663/2472 1431/1676/2473 1416/1667/2473
f 1409/1668/2474 1423/1674/2475 1424/1677/2474
f 1416/1667/2476 1432/1678/2476 1417/1669/2477
f 1410/1654/2478 1424/1677/2478 1425/1679/2478
f 1417/1669/2479 1433/1680/2479 1418/1653/2479
f 1411/1655/2480 1425/1679/2481 1426/1681/2480
f 1418/1653/2482 1434/1682/2482 1419/1656/2483
f 1412/1657/2484 1426/1681/2484 1427/1683/2485
f 1419/1656/2486 1435/1684/2487 1420/1658/2487
f 1413/1659/2488 1427/1683/2488 1428/1685/2489
f 1420/1658/2490 1436/1686/2490 1421/1660/2490
f 1414/1661/2491 1428/1685/2491 1429/1671/2491
f 1434/1682/2492 1448/1687/2492 1449/1688/2492
f 1426/1681/2493 1442/1689/2493 1427/1683/2493
f 1435/1684/2494 1449/1688/2494 1450/1690/2495
f 1427/1683/2496 1443/1691/2496 1428/1685/2496
f 1436/1686/2497 1450/1690/2497 1451/1692/2497
f 1428/1685/2498 1444/1693/2498 1429/1671/2499
f 1437/1670/2500 1451/1692/2500 1452/1694/2500
f 1429/1671/2501 1445/1695/2501 1430/1672/2502
f 1423/1674/2503 1272/1696/2503 1438/1697/2503
f 1498/1698/2504 1437/1670/2504 1452/1694/2504
f 1431/1676/2505 1445/1695/2506 1446/1699/2505
f 1423/1674/2507 1439/1700/2507 1424/1677/2507
f 1432/1678/2508 1446/1699/2508 1447/1701/2509
f 1424/1677/2510 1440/1702/2510 1425/1679/2510
f 1433/1680/2511 1447/1701/2511 1448/1687/2511
f 1425/1679/2512 1441/1703/2512 1426/1681/2512
f 1438/1697/2513 1272/1704/2513 1453/1705/2513
f 1498/1706/2514 1452/1694/2514 1467/1707/2514
f 1446/1699/2515 1460/1708/2515 1461/1709/2516
f 1438/1697/2517 1454/1710/2517 1439/1700/2517
f 1447/1701/2518 1461/1709/2518 1462/1711/2518
f 1439/1700/2519 1455/1712/2519 1440/1702/2519
f 1448/1687/2520 1462/1711/2520 1463/1713/2520
f 1440/1702/2521 1456/1714/2521 1441/1703/2521
f 1449/1688/2522 1463/1713/2522 1464/1715/2522
f 1441/1703/2523 1457/1716/2523 1442/1689/2524
f 1450/1690/2525 1464/1715/2525 1465/1717/2525
f 1442/1689/2526 1458/1718/2526 1443/1691/2526
f 1451/1692/2527 1465/1717/2527 1466/1719/2527
f 1443/1691/2528 1459/1720/2528 1444/1693/2528
f 1452/1694/2529 1466/1719/2529 1467/1707/2529
f 1444/1693/2530 1460/1708/2530 1445/1695/2531
f 1456/1714/2532 1472/1721/2532 1457/1716/2532
f 1465/1717/2533 1479/1722/2533 1480/1723/2533
f 1457/1716/2534 1473/1724/2534 1458/1718/2534
f 1466/1719/2535 1480/1723/2535 1481/1725/2535
f 1458/1718/2536 1474/1726/2536 1459/1720/2536
f 1467/1707/2537 1481/1725/2537 1482/1727/2537
f 1459/1720/2538 1475/1728/2538 1460/1708/2538
f 1453/1705/2539 1272/1729/2539 1468/1730/2539
f 1498/1731/2540 1467/1707/2540 1482/1727/2540
f 1461/1709/2541 1475/1728/2541 1476/1732/2541
f 1453/1705/2542 1469/1733/2542 1454/1710/2542
f 1462/1711/2543 1476/1732/2543 1477/1734/2543
f 1454/1710/2544 1470/1735/2544 1455/1712/2545
f 1463/1713/2546 1477/1734/2546 1478/1736/2546
f 1455/1712/2547 1471/1737/2547 1456/1714/2547
f 1464/1715/2548 1478/1736/2548 1479/1722/2548
f 1476/1732/2549 1490/1738/2549 1491/1739/2549
f 1468/1730/2550 1484/1740/2550 1469/1733/2550
f 1477/1734/2551 1491/1739/2551 1492/1741/2551
f 1469/1733/2552 1485/1742/2552 1470/1735/2552
f 1478/1736/2553 1492/1741/2553 1493/1743/2553
f 1470/1735/2554 1486/1744/2554 1471/1737/2554
f 1479/1722/2555 1493/1743/2555 1494/1745/2555
f 1471/1737/2556 1487/1746/2556 1472/1721/2556
f 1480/1723/2557 1494/1745/2557 1495/1747/2557
f 1472/1721/2558 1488/1748/2558 1473/1724/2558
f 1481/1725/2559 1495/1747/2559 1496/1749/2559
f 1473/1724/2560 1489/1750/2560 1474/1726/2560
f 1482/1727/2561 1496/1749/2561 1497/1751/2561
f 1474/1726/2562 1490/1738/2562 1475/1728/2562
f 1468/1730/2563 1272/1752/2563 1483/1753/2563
f 1498/1754/2564 1482/1727/2564 1497/1751/2564
f 1495/1747/2565 1510/1755/2566 1511/1756/2565
f 1487/1746/2567 1504/1757/2567 1488/1748/2567
f 1496/1749/2568 1511/1756/2568 1512/1758/2568
f 1488/1748/2569 1505/1759/2569 1489/1750/2569
f 1497/1751/2570 1512/1758/2570 1513/1760/2570
f 1489/1750/2571 1506/1761/2571 1490/1738/2571
f 1483/1753/2572 1272/1762/2572 1499/1763/2572
f 1498/1764/2573 1497/1751/2573 1513/1760/2573
f 1491/1739/2574 1506/1761/2574 1507/1765/2574
f 1483/1753/2575 1500/1766/2575 1484/1740/2575
f 1492/1741/2576 1507/1765/2576 1508/1767/2576
f 1484/1740/2577 1501/1768/2577 1485/1742/2578
f 1493/1743/2579 1508/1767/2579 1509/1769/2579
f 1485/1742/2580 1502/1770/2581 1486/1744/2581
f 1494/1745/2582 1509/1769/2582 1510/1755/2582
f 1486/1744/2583 1503/1771/2583 1487/1746/2583
f 1499/1763/2584 1515/1772/2584 1500/1766/2584
f 1508/1767/2585 1522/1773/2585 1523/1774/2585
f 1500/1766/2586 1516/1775/2586 1501/1768/2586
f 1509/1769/2587 1523/1774/2587 1524/1776/2587
f 1501/1768/2588 1517/1777/2588 1502/1770/2588
f 1510/1755/2589 1524/1776/2589 1525/1778/2589
f 1502/1770/2590 1518/1779/2590 1503/1771/2590
f 1511/1756/2591 1525/1778/2591 1526/1780/2592
f 1503/1771/2593 1519/1781/2593 1504/1757/2593
f 1512/1758/2594 1526/1780/2594 1527/1782/2594
f 1504/1757/2595 1520/1783/2595 1505/1759/2595
f 1513/1760/2596 1527/1782/2596 1528/1784/2596
f 1505/1759/2597 1521/1785/2597 1506/1761/2597
f 1499/1763/2598 1272/1786/2598 1514/1787/2598
f 1498/1788/2599 1513/1760/2599 1528/1784/2599
f 1507/1765/2600 1521/1785/2600 1522/1773/2600
f 1518/1779/2601 1534/1789/2601 1519/1781/2601
f 1527/1782/2602 1541/1790/2602 1542/1791/2602
f 1519/1781/2603 1535/1792/2603 1520/1783/2603
f 1528/1784/2604 1542/1791/2604 1543/1793/2604
f 1520/1783/2605 1536/1794/2605 1521/1785/2605
f 1514/1787/2606 1272/1795/2606 1529/1796/2606
f 1498/1797/2607 1528/1784/2607 1543/1793/2607
f 1522/1773/2608 1536/1794/2608 1537/1798/2608
f 1514/1787/2609 1530/1799/2609 1515/1772/2609
f 1523/1774/2610 1537/1798/2610 1538/1800/2610
f 1515/1772/2611 1531/1801/2611 1516/1775/2611
f 1524/1776/2612 1538/1800/2612 1539/1802/2613
f 1516/1775/2614 1532/1803/2615 1517/1777/2615
f 1525/1778/2616 1539/1802/2616 1540/1804/2616
f 1517/1777/2617 1533/1805/2617 1518/1779/2617
f 1526/1780/2618 1540/1804/2618 1541/1790/2619
f 1538/1800/2620 1552/1806/2621 1553/1807/2620
f 1530/1799/2622 1546/1808/2622 1531/1801/2622
f 1539/1802/2623 1553/1807/2623 1554/1809/2623
f 1531/1801/2624 1547/1810/2624 1532/1803/2624
f 1540/1804/2625 1554/1809/2625 1555/1811/2625
f 1532/1803/2626 1548/1812/2626 1533/1805/2626
f 1541/1790/2627 1555/1811/2627 1556/1813/2627
f 1533/1805/2628 1549/1814/2628 1534/1789/2628
f 1542/1791/2629 1556/1813/2630 1557/1815/2631
f 1534/1789/2632 1550/1816/2632 1535/1792/2632
f 1543/1793/2633 1557/1815/2633 1558/1817/2634
f 1535/1792/2635 1551/1818/2635 1536/1794/2636
f 1529/1796/2637 1272/1819/2637 1544/1820/2637
f 1498/1821/2638 1543/1793/2638 1558/1817/2638
f 1537/1798/2639 1551/1818/2639 1552/1806/2639
f 1529/1796/2640 1545/1822/2641 1530/1799/2641
f 1556/1823/2642 1572/1824/2642 1557/1825/2643
f 1550/1826/2644 1564/1827/2644 1565/1828/2644
f 1557/1825/2645 1573/1829/2645 1558/1830/2645
f 1551/1831/2646 1565/1828/2646 1566/1832/2647
f 1544/1833/2648 1272/1834/2648 1559/1835/2648
f 1498/1836/2649 1558/1830/2649 1573/1829/2649
f 1551/1831/2650 1567/1837/2650 1552/1838/2650
f 1545/1839/2651 1559/1835/2651 1560/1840/2651
f 1552/1838/2652 1568/1841/2652 1553/1842/2652
f 1546/1843/2653 1560/1840/2653 1561/1844/2653
f 1553/1842/2654 1569/1845/2654 1554/1846/2654
f 1547/1847/2655 1561/1844/2655 1562/1848/2655
f 1554/1846/2656 1570/1849/2656 1555/1850/2656
f 1548/1851/2657 1562/1848/2657 1563/1852/2657
f 1555/1850/2658 1571/1853/2658 1556/1823/2658
f 1549/1854/2659 1563/1852/2659 1564/1827/2659
f 1568/1841/2660 1584/1855/2660 1569/1845/2661
f 1562/1848/2662 1576/1856/2662 1577/1857/2662
f 1569/1845/2663 1585/1858/2663 1570/1849/2663
f 1563/1852/2664 1577/1857/2664 1578/1859/2664
f 1570/1849/2665 1586/1860/2665 1571/1853/2665
f 1564/1827/2666 1578/1859/2666 1579/1861/2666
f 1571/1853/2667 1587/1862/2667 1572/1824/2667
f 1565/1828/2668 1579/1861/2668 1580/1863/2668
f 1572/1824/2669 1588/1864/2670 1573/1829/2670
f 1566/1832/2671 1580/1863/2671 1581/1865/2672
f 1559/1835/2673 1272/1866/2673 1574/1867/2673
f 1498/1868/2674 1573/1829/2674 1588/1864/2674
f 1566/1832/2675 1582/1869/2675 1567/1837/2676
f 1560/1840/2677 1574/1867/2677 1575/1870/2677
f 1567/1837/2678 1583/1871/2678 1568/1841/2678
f 1561/1844/2679 1575/1870/2679 1576/1856/2679
f 1587/1862/2680 1603/1872/2680 1588/1864/2680
f 1581/1865/2681 1595/1873/2681 1596/1874/2681
f 1574/1867/2682 1272/1875/2682 1589/1876/2682
f 1498/1877/2683 1588/1864/2683 1603/1872/2683
f 1581/1865/2684 1597/1878/2684 1582/1869/2684
f 1575/1870/2685 1589/1876/2685 1590/1879/2685
f 1582/1869/2686 1598/1880/2686 1583/1871/2686
f 1576/1856/2687 1590/1879/2687 1591/1881/2687
f 1583/1871/2688 1599/1882/2688 1584/1855/2688
f 1577/1857/2689 1591/1881/2689 1592/1883/2689
f 1584/1855/2690 1600/1884/2690 1585/1858/2690
f 1578/1859/2691 1592/1883/2691 1593/1885/2691
f 1585/1858/2692 1601/1886/2692 1586/1860/2692
f 1579/1861/2693 1593/1885/2693 1594/1887/2693
f 1586/1860/2694 1602/1888/2695 1587/1862/2695
f 1580/1863/2696 1594/1887/2696 1595/1873/2696
f 1592/1883/2697 1606/1889/2697 1607/1890/2697
f 1599/1882/2698 1615/1891/2698 1600/1884/2698
f 1593/1885/2699 1607/1890/2699 1608/1892/2699
f 1600/1884/2700 1616/1893/2700 1601/1886/2700
f 1594/1887/2701 1608/1892/2701 1609/1894/2701
f 1601/1886/2702 1617/1895/2702 1602/1888/2702
f 1595/1873/2703 1609/1894/2703 1610/1896/2704
f 1602/1888/2705 1618/1897/2705 1603/1872/2705
f 1596/1874/2706 1610/1896/2706 1611/1898/2706
f 1589/1876/2707 1272/1899/2707 1604/1900/2707
f 1498/1901/2708 1603/1872/2708 1618/1897/2708
f 1596/1874/2709 1612/1902/2709 1597/1878/2709
f 1590/1879/2710 1604/1900/2710 1605/1903/2710
f 1597/1878/2711 1613/1904/2711 1598/1880/2712
f 1591/1881/2713 1605/1903/2713 1606/1889/2713
f 1598/1880/2714 1614/1905/2714 1599/1882/2714
f 1611/1898/2715 1625/1906/2715 1626/1907/2715
f 1604/1900/2716 1272/1908/2716 1619/1909/2716
f 1498/1910/2717 1618/1897/2717 1633/1911/2717
f 1611/1898/2718 1627/1912/2718 1612/1902/2719
f 1605/1903/2720 1619/1909/2720 1620/1913/2720
f 1612/1902/2721 1628/1914/2721 1613/1904/2721
f 1606/1889/2722 1620/1913/2722 1621/1915/2722
f 1613/1904/2723 1629/1916/2723 1614/1905/2723
f 1607/1890/2724 1621/1915/2724 1622/1917/2724
f 1614/1905/2725 1630/1918/2725 1615/1891/2725
f 1608/1892/2726 1622/1917/2726 1623/1919/2726
f 1615/1891/2727 1631/1920/2727 1616/1893/2727
f 1609/1894/2728 1623/1919/2728 1624/1921/2728
f 1616/1893/2729 1632/1922/2729 1617/1895/2729
f 1610/1896/2730 1624/1921/2730 1625/1906/2731
f 1617/1895/2732 1633/1911/2733 1618/1897/2733
f 1629/1916/2734 1645/1923/2734 1630/1918/2734
f 1623/1919/2735 1637/1924/2735 1638/1925/2735
f 1630/1918/2736 1646/1926/2736 1631/1920/2736
f 1624/1921/2737 1638/1925/2737 1639/1927/2738
f 1631/1920/2739 1647/1928/2739 1632/1922/2739
f 1625/1906/2740 1639/1927/2741 1640/1929/2740
f 1632/1922/2742 1648/1930/2743 1633/1911/2744
f 1626/1907/2745 1640/1929/2745 1641/1931/2745
f 1619/1909/2746 1272/1932/2746 1634/1933/2746
f 1498/1934/2747 1633/1911/2747 1648/1930/2747
f 1626/1907/2748 1642/1935/2748 1627/1912/2748
f 1620/1913/2749 1634/1933/2750 1635/1936/2749
f 1627/1912/2751 1643/1937/2752 1628/1914/2752
f 1621/1915/2753 1635/1936/2753 1636/1938/2753
f 1628/1914/2754 1644/1939/2754 1629/1916/2754
f 1622/1917/2755 1636/1938/2755 1637/1924/2755
f 1634/1933/2756 1272/1940/2756 1649/1941/2756
f 1498/1942/2757 1648/1930/2757 1663/1943/2757
f 1641/1931/2758 1657/1944/2758 1642/1935/2758
f 1635/1936/2759 1649/1941/2759 1650/1945/2759
f 1642/1935/2760 1658/1946/2760 1643/1937/2760
f 1636/1938/2761 1650/1945/2761 1651/1947/2761
f 1643/1937/2762 1659/1948/2762 1644/1939/2762
f 1637/1924/2763 1651/1947/2763 1652/1949/2764
f 1644/1939/2765 1660/1950/2765 1645/1923/2766
f 1638/1925/2767 1652/1949/2767 1653/1951/2767
f 1645/1923/2768 1661/1952/2768 1646/1926/2768
f 1639/1927/2769 1653/1951/2769 1654/1953/2769
f 1646/1926/2770 1662/1954/2770 1647/1928/2770
f 1640/1929/2771 1654/1953/2771 1655/1955/2771
f 1647/1928/2772 1663/1943/2773 1648/1930/2773
f 1641/1931/2774 1655/1955/2774 1656/1956/2774
f 1653/1951/2775 1666/1403/2775 1192/1405/2775
f 1660/1950/2776 1670/1406/2776 1661/1952/2777
f 1654/1953/2778 1192/1405/2778 1667/1409/2779
f 1661/1952/2780 1671/1410/2780 1662/1954/2780
f 1655/1955/2781 1667/1409/2781 1193/1413/2781
f 1662/1954/2782 1672/1414/2782 1663/1943/2782
f 1656/1956/2783 1193/1413/2784 1194/1417/2785
f 1649/1941/2786 1272/1957/2786 1664/1418/2786
f 1498/1958/2787 1663/1943/2787 1672/1414/2787
f 1656/1956/2788 1195/1422/2789 1657/1944/2789
f 1650/1945/2790 1664/1418/2791 1665/1425/2790
f 1657/1944/2792 1668/1426/2792 1658/1946/2792
f 1651/1947/2793 1665/1425/2793 1191/1429/2793
f 1658/1946/2794 1196/1430/2794 1659/1948/2794
f 1652/1949/2795 1191/1429/2795 1666/1403/2795
f 1659/1948/2796 1669/1400/2796 1660/1950/2796
f 1669/1400/2167 1196/1430/2167 1207/1401/2167
f 1666/1403/2168 1200/1431/2168 1201/1404/2168
f 1670/1406/2169 1669/1400/2170 1208/1402/2170
f 1192/1405/2172 1201/1404/2172 1202/1408/2172
f 1671/1410/2173 1670/1406/2173 1209/1407/2173
f 1667/1409/2174 1202/1408/2174 1203/1412/2174
f 1672/1414/2175 1671/1410/2175 1210/1411/2175
f 1193/1413/2176 1203/1412/2797 1204/1416/2176
f 1195/1422/2180 1194/1417/2798 1204/1416/2180
f 1664/1418/2182 1197/1420/2182 1198/1424/2182
f 1668/1426/2183 1195/1422/2183 1205/1423/2183
f 1665/1425/2184 1198/1424/2184 1199/1428/2184
f 1196/1430/2185 1668/1426/2185 1206/1427/2185
f 1191/1429/2186 1199/1428/2799 1200/1431/2187
f 1207/1401/2188 1206/1427/2188 1221/1432/2188
f 1199/1428/2190 1214/1448/2190 1215/1434/2190
f 1208/1402/2191 1207/1401/2191 1222/1433/2191
f 1200/1431/2193 1215/1434/2800 1216/1436/2194
f 1209/1407/2195 1208/1402/2195 1223/1435/2195
f 1201/1404/2196 1216/1436/2801 1217/1438/2196
f 1210/1411/2197 1209/1407/2197 1224/1437/2197
f 1202/1408/2198 1217/1438/2198 1218/1440/2198
f 1211/1415/2199 1210/1411/2199 1225/1439/2199
f 1203/1412/2200 1218/1440/2802 1219/1442/2200
f 1205/1423/2203 1204/1416/2204 1219/1442/2204
f 1197/1420/2205 1212/1444/2205 1213/1447/2205
f 1206/1427/2206 1205/1423/2206 1220/1446/2206
f 1198/1424/2207 1213/1447/2207 1214/1448/2207
f 1226/1441/2209 1225/1439/2209 1240/1449/2209
f 1218/1440/2211 1233/1465/2211 1234/1451/2211
f 1220/1446/2214 1219/1442/2214 1234/1451/2214
f 1212/1444/2215 1227/1453/2215 1228/1456/2215
f 1221/1432/2216 1220/1446/2217 1235/1455/2217
f 1213/1447/2219 1228/1456/2219 1229/1458/2219
f 1222/1433/2220 1221/1432/2220 1236/1457/2220
f 1214/1448/2221 1229/1458/2221 1230/1460/2221
f 1223/1435/2222 1222/1433/2222 1237/1459/2222
f 1215/1434/2223 1230/1460/2803 1231/1462/2223
f 1224/1437/2224 1223/1435/2224 1238/1461/2224
f 1216/1436/2225 1231/1462/2225 1232/1464/2225
f 1225/1439/2226 1224/1437/2226 1239/1463/2226
f 1217/1438/2227 1232/1464/2804 1233/1465/2227
f 1229/1458/2228 1244/1482/2228 1245/1466/2228
f 1238/1461/2229 1237/1459/2229 1252/1467/2229
f 1230/1460/2230 1245/1466/2230 1246/1469/2230
f 1239/1463/2231 1238/1461/2231 1253/1468/2231
f 1231/1462/2232 1246/1469/2805 1247/1471/2232
f 1240/1449/2233 1239/1463/2234 1254/1470/2234
f 1232/1464/2236 1247/1471/2236 1248/1473/2236
f 1241/1450/2237 1240/1449/2237 1255/1472/2237
f 1233/1465/2239 1248/1473/2806 1249/1475/2240
f 1235/1455/2243 1234/1451/2807 1249/1475/2243
f 1227/1453/2245 1242/1477/2245 1243/1480/2246
f 1236/1457/2247 1235/1455/2808 1250/1479/2247
f 1228/1456/2248 1243/1480/2248 1244/1482/2248
f 1237/1459/2249 1236/1457/2250 1251/1481/2250
f 1248/1473/2251 1263/1499/2251 1264/1483/2251
f 1250/1479/2254 1249/1475/2254 1264/1483/2254
f 1242/1477/2255 1257/1485/2255 1258/1489/2255
f 1251/1481/2256 1250/1479/2256 1265/1488/2256
f 1243/1480/2258 1258/1489/2809 1259/1491/2258
f 1252/1467/2260 1251/1481/2260 1266/1490/2260
f 1244/1482/2261 1259/1491/2261 1260/1493/2261
f 1253/1468/2262 1252/1467/2262 1267/1492/2262
f 1245/1466/2263 1260/1493/2810 1261/1495/2263
f 1254/1470/2264 1253/1468/2264 1268/1494/2264
f 1246/1469/2265 1261/1495/2265 1262/1497/2265
f 1255/1472/2266 1254/1470/2811 1269/1496/2266
f 1247/1471/2268 1262/1497/2268 1263/1499/2268
f 1256/1474/2270 1255/1472/2271 1270/1498/2271
f 1268/1494/2272 1267/1492/2272 1283/1500/2272
f 1260/1493/2273 1276/1516/2273 1277/1502/2273
f 1269/1496/2274 1268/1494/2274 1284/1501/2274
f 1261/1495/2275 1277/1502/2275 1278/1504/2275
f 1270/1498/2276 1269/1496/2276 1285/1503/2276
f 1262/1497/2277 1278/1504/2277 1279/1506/2277
f 1271/1487/2278 1270/1498/2278 1286/1505/2278
f 1263/1499/2279 1279/1506/2279 1280/1508/2279
f 1265/1488/2282 1264/1483/2282 1280/1508/2282
f 1257/1485/2283 1273/1510/2283 1274/1513/2283
f 1266/1490/2284 1265/1488/2284 1281/1512/2284
f 1258/1489/2285 1274/1513/2285 1275/1515/2286
f 1267/1492/2287 1266/1490/2287 1282/1514/2287
f 1259/1491/2288 1275/1515/2288 1276/1516/2288
f 1281/1512/2290 1280/1508/2290 1295/1519/2290
f 1273/1510/2291 1288/1533/2291 1289/1521/2291
f 1282/1514/2292 1281/1512/2292 1296/1520/2292
f 1274/1513/2293 1289/1521/2293 1290/1523/2293
f 1283/1500/2294 1282/1514/2295 1297/1522/2295
f 1275/1515/2296 1290/1523/2296 1291/1525/2296
f 1284/1501/2297 1283/1500/2297 1298/1524/2297
f 1276/1516/2298 1291/1525/2298 1292/1527/2298
f 1285/1503/2299 1284/1501/2299 1299/1526/2299
f 1277/1502/2300 1292/1527/2812 1293/1529/2300
f 1286/1505/2301 1285/1503/2301 1300/1528/2301
f 1278/1504/2302 1293/1529/2302 1294/1531/2302
f 1287/1507/2303 1286/1505/2303 1301/1530/2303
f 1279/1506/2304 1294/1531/2304 1295/1519/2304
f 1300/1528/2306 1299/1526/2306 1314/1534/2306
f 1292/1527/2307 1307/1550/2813 1308/1536/2307
f 1301/1530/2308 1300/1528/2308 1315/1535/2308
f 1293/1529/2309 1308/1536/2814 1309/1538/2309
f 1302/1518/2310 1301/1530/2310 1316/1537/2310
f 1294/1531/2312 1309/1538/2312 1310/1540/2312
f 1296/1520/2315 1295/1519/2315 1310/1540/2315
f 1288/1533/2316 1303/1542/2316 1304/1545/2317
f 1297/1522/2318 1296/1520/2318 1311/1544/2318
f 1289/1521/2320 1304/1545/2320 1305/1547/2320
f 1298/1524/2321 1297/1522/2321 1312/1546/2321
f 1290/1523/2323 1305/1547/2323 1306/1549/2323
f 1299/1526/2324 1298/1524/2324 1313/1548/2324
f 1291/1525/2325 1306/1549/2325 1307/1550/2325
f 1304/1545/2326 1303/1542/2326 1318/1551/2326
f 1311/1544/2327 1326/1567/2815 1327/1553/2327
f 1305/1547/2328 1304/1545/2328 1319/1552/2328
f 1312/1546/2330 1327/1553/2330 1328/1555/2330
f 1306/1549/2332 1305/1547/2332 1320/1554/2332
f 1313/1548/2333 1328/1555/2333 1329/1557/2333
f 1307/1550/2334 1306/1549/2334 1321/1556/2334
f 1314/1534/2335 1329/1557/2335 1330/1559/2335
f 1308/1536/2336 1307/1550/2816 1322/1558/2336
f 1315/1535/2337 1330/1559/2337 1331/1561/2338
f 1309/1538/2339 1308/1536/2339 1323/1560/2339
f 1316/1537/2341 1331/1561/2341 1332/1563/2341
f 1310/1540/2342 1309/1538/2342 1324/1562/2342
f 1310/1540/2345 1325/1564/2345 1326/1567/2345
f 1323/1560/2346 1322/1558/2346 1337/1568/2346
f 1330/1559/2347 1345/1584/2347 1346/1570/2347
f 1324/1562/2348 1323/1560/2348 1338/1569/2348
f 1331/1561/2349 1346/1570/2349 1347/1572/2350
f 1325/1564/2351 1324/1562/2817 1339/1571/2351
f 1325/1564/2354 1340/1573/2354 1341/1577/2354
f 1319/1552/2356 1318/1551/2357 1333/1575/2357
f 1326/1567/2358 1341/1577/2358 1342/1579/2358
f 1320/1554/2359 1319/1552/2359 1334/1578/2359
f 1327/1553/2360 1342/1579/2360 1343/1581/2360
f 1321/1556/2361 1320/1554/2361 1335/1580/2361
f 1328/1555/2362 1343/1581/2362 1344/1583/2362
f 1322/1558/2363 1321/1556/2363 1336/1582/2363
f 1329/1557/2364 1344/1583/2364 1345/1584/2364
f 1341/1577/2365 1356/1601/2365 1357/1585/2365
f 1335/1580/2366 1334/1578/2366 1349/1586/2366
f 1342/1579/2367 1357/1585/2367 1358/1588/2367
f 1336/1582/2368 1335/1580/2368 1350/1587/2368
f 1343/1581/2369 1358/1588/2369 1359/1590/2369
f 1337/1568/2370 1336/1582/2370 1351/1589/2370
f 1344/1583/2371 1359/1590/2371 1360/1592/2371
f 1338/1569/2372 1337/1568/2372 1352/1591/2372
f 1345/1584/2373 1360/1592/2373 1361/1594/2373
f 1339/1571/2374 1338/1569/2374 1353/1593/2374
f 1346/1570/2375 1361/1594/2375 1362/1596/2375
f 1340/1573/2376 1339/1571/2376 1354/1595/2376
f 1340/1573/2379 1355/1597/2379 1356/1601/2379
f 1334/1578/2380 1333/1575/2380 1348/1599/2380
f 1360/1592/2381 1375/1618/2818 1376/1602/2381
f 1354/1595/2382 1353/1593/2382 1368/1603/2382
f 1361/1594/2383 1376/1602/2383 1377/1605/2383
f 1355/1597/2384 1354/1595/2819 1369/1604/2384
f 1355/1597/2387 1370/1606/2387 1371/1610/2387
f 1349/1586/2389 1348/1599/2389 1363/1608/2389
f 1356/1601/2390 1371/1610/2820 1372/1612/2390
f 1350/1587/2391 1349/1586/2391 1364/1611/2391
f 1357/1585/2392 1372/1612/2392 1373/1614/2392
f 1351/1589/2393 1350/1587/2821 1365/1613/2393
f 1358/1588/2394 1373/1614/2394 1374/1616/2394
f 1352/1591/2396 1351/1589/2822 1366/1615/2396
f 1359/1590/2397 1374/1616/2397 1375/1618/2397
f 1353/1593/2399 1352/1591/2399 1367/1617/2399
f 1365/1613/2400 1364/1611/2400 1379/1619/2400
f 1372/1612/2401 1387/1635/2401 1388/1621/2401
f 1366/1615/2403 1365/1613/2403 1380/1620/2403
f 1373/1614/2404 1388/1621/2404 1389/1623/2404
f 1367/1617/2405 1366/1615/2405 1381/1622/2405
f 1374/1616/2406 1389/1623/2406 1390/1625/2406
f 1368/1603/2407 1367/1617/2823 1382/1624/2407
f 1375/1618/2409 1390/1625/2409 1391/1627/2410
f 1369/1604/2411 1368/1603/2411 1383/1626/2411
f 1376/1602/2412 1391/1627/2412 1392/1629/2412
f 1370/1606/2413 1369/1604/2824 1384/1628/2413
f 1370/1606/2417 1385/1630/2825 1386/1634/2417
f 1364/1611/2419 1363/1608/2420 1378/1632/2420
f 1371/1610/2421 1386/1634/2421 1387/1635/2421
f 1384/1628/2422 1383/1626/2422 1398/1636/2422
f 1391/1627/2423 1406/1652/2423 1407/1638/2424
f 1385/1630/2425 1384/1628/2425 1399/1637/2425
f 1385/1630/2429 1400/1639/2429 1401/1643/2429
f 1379/1619/2430 1378/1632/2431 1393/1641/2431
f 1386/1634/2432 1401/1643/2432 1402/1645/2432
f 1380/1620/2433 1379/1619/2433 1394/1644/2433
f 1387/1635/2434 1402/1645/2434 1403/1647/2434
f 1381/1622/2435 1380/1620/2435 1395/1646/2435
f 1388/1621/2436 1403/1647/2826 1404/1649/2436
f 1382/1624/2438 1381/1622/2827 1396/1648/2438
f 1389/1623/2440 1404/1649/2440 1405/1651/2440
f 1383/1626/2441 1382/1624/2441 1397/1650/2441
f 1390/1625/2442 1405/1651/2442 1406/1652/2442
f 1402/1645/2443 1417/1669/2443 1418/1653/2443
f 1396/1648/2444 1395/1646/2828 1410/1654/2444
f 1403/1647/2445 1418/1653/2445 1419/1656/2445
f 1397/1650/2446 1396/1648/2446 1411/1655/2446
f 1404/1649/2448 1419/1656/2448 1420/1658/2448
f 1398/1636/2450 1397/1650/2450 1412/1657/2450
f 1405/1651/2451 1420/1658/2451 1421/1660/2451
f 1399/1637/2452 1398/1636/2452 1413/1659/2452
f 1406/1652/2454 1421/1660/2454 1422/1662/2454
f 1400/1639/2455 1399/1637/2829 1414/1661/2456
f 1400/1639/2459 1415/1663/2459 1416/1667/2460
f 1394/1644/2462 1393/1641/2462 1408/1665/2462
f 1401/1643/2463 1416/1667/2830 1417/1669/2463
f 1395/1646/2465 1394/1644/2465 1409/1668/2465
f 1421/1660/2467 1436/1686/2467 1437/1670/2467
f 1415/1663/2468 1414/1661/2831 1429/1671/2469
f 1415/1663/2472 1430/1672/2472 1431/1676/2473
f 1409/1668/2474 1408/1665/2475 1423/1674/2475
f 1416/1667/2476 1431/1676/2476 1432/1678/2476
f 1410/1654/2478 1409/1668/2478 1424/1677/2478
f 1417/1669/2479 1432/1678/2479 1433/1680/2479
f 1411/1655/2480 1410/1654/2481 1425/1679/2481
f 1418/1653/2482 1433/1680/2832 1434/1682/2482
f 1412/1657/2484 1411/1655/2833 1426/1681/2484
f 1419/1656/2486 1434/1682/2486 1435/1684/2487
f 1413/1659/2488 1412/1657/2488 1427/1683/2488
f 1420/1658/2490 1435/1684/2490 1436/1686/2490
f 1414/1661/2491 1413/1659/2834 1428/1685/2491
f 1434/1682/2492 1433/1680/2492 1448/1687/2492
f 1426/1681/2493 1441/1703/2493 1442/1689/2493
f 1435/1684/2494 1434/1682/2494 1449/1688/2494
f 1427/1683/2496 1442/1689/2496 1443/1691/2496
f 1436/1686/2497 1435/1684/2497 1450/1690/2497
f 1428/1685/2498 1443/1691/2835 1444/1693/2498
f 1437/1670/2500 1436/1686/2500 1451/1692/2500
f 1429/1671/2501 1444/1693/2836 1445/1695/2501
f 1431/1676/2505 1430/1672/2837 1445/1695/2506
f 1423/1674/2507 1438/1697/2507 1439/1700/2507
f 1432/1678/2508 1431/1676/2838 1446/1699/2508
f 1424/1677/2510 1439/1700/2510 1440/1702/2510
f 1433/1680/2511 1432/1678/2511 1447/1701/2511
f 1425/1679/2512 1440/1702/2839 1441/1703/2512
f 1446/1699/2515 1445/1695/2840 1460/1708/2515
f 1438/1697/2517 1453/1705/2517 1454/1710/2517
f 1447/1701/2518 1446/1699/2518 1461/1709/2518
f 1439/1700/2519 1454/1710/2841 1455/1712/2519
f 1448/1687/2520 1447/1701/2520 1462/1711/2520
f 1440/1702/2521 1455/1712/2521 1456/1714/2521
f 1449/1688/2522 1448/1687/2842 1463/1713/2522
f 1441/1703/2523 1456/1714/2523 1457/1716/2523
f 1450/1690/2525 1449/1688/2525 1464/1715/2525
f 1442/1689/2526 1457/1716/2526 1458/1718/2526
f 1451/1692/2527 1450/1690/2527 1465/1717/2527
f 1443/1691/2528 1458/1718/2528 1459/1720/2528
f 1452/1694/2529 1451/1692/2529 1466/1719/2529
f 1444/1693/2530 1459/1720/2843 1460/1708/2530
f 1456/1714/2532 1471/1737/2532 1472/1721/2532
f 1465/1717/2533 1464/1715/2533 1479/1722/2533
f 1457/1716/2534 1472/1721/2534 1473/1724/2534
f 1466/1719/2535 1465/1717/2535 1480/1723/2535
f 1458/1718/2536 1473/1724/2536 1474/1726/2536
f 1467/1707/2537 1466/1719/2537 1481/1725/2537
f 1459/1720/2538 1474/1726/2538 1475/1728/2538
f 1461/1709/2541 1460/1708/2541 1475/1728/2541
f 1453/1705/2542 1468/1730/2542 1469/1733/2542
f 1462/1711/2543 1461/1709/2543 1476/1732/2543
f 1454/1710/2544 1469/1733/2544 1470/1735/2544
f 1463/1713/2546 1462/1711/2546 1477/1734/2546
f 1455/1712/2547 1470/1735/2547 1471/1737/2547
f 1464/1715/2548 1463/1713/2548 1478/1736/2548
f 1476/1732/2549 1475/1728/2549 1490/1738/2549
f 1468/1730/2550 1483/1753/2550 1484/1740/2550
f 1477/1734/2551 1476/1732/2551 1491/1739/2551
f 1469/1733/2552 1484/1740/2844 1485/1742/2552
f 1478/1736/2553 1477/1734/2553 1492/1741/2553
f 1470/1735/2554 1485/1742/2554 1486/1744/2554
f 1479/1722/2555 1478/1736/2555 1493/1743/2555
f 1471/1737/2556 1486/1744/2556 1487/1746/2556
f 1480/1723/2557 1479/1722/2557 1494/1745/2557
f 1472/1721/2558 1487/1746/2558 1488/1748/2558
f 1481/1725/2559 1480/1723/2559 1495/1747/2559
f 1473/1724/2560 1488/1748/2560 1489/1750/2560
f 1482/1727/2561 1481/1725/2561 1496/1749/2561
f 1474/1726/2562 1489/1750/2562 1490/1738/2562
f 1495/1747/2565 1494/1745/2566 1510/1755/2566
f 1487/1746/2567 1503/1771/2567 1504/1757/2567
f 1496/1749/2568 1495/1747/2568 1511/1756/2568
f 1488/1748/2569 1504/1757/2569 1505/1759/2569
f 1497/1751/2570 1496/1749/2570 1512/1758/2570
f 1489/1750/2571 1505/1759/2571 1506/1761/2571
f 1491/1739/2574 1490/1738/2574 1506/1761/2574
f 1483/1753/2575 1499/1763/2575 1500/1766/2575
f 1492/1741/2576 1491/1739/2576 1507/1765/2576
f 1484/1740/2577 1500/1766/2845 1501/1768/2577
f 1493/1743/2579 1492/1741/2579 1508/1767/2579
f 1485/1742/2580 1501/1768/2580 1502/1770/2581
f 1494/1745/2582 1493/1743/2582 1509/1769/2582
f 1486/1744/2583 1502/1770/2583 1503/1771/2583
f 1499/1763/2584 1514/1787/2584 1515/1772/2584
f 1508/1767/2585 1507/1765/2585 1522/1773/2585
f 1500/1766/2586 1515/1772/2586 1516/1775/2586
f 1509/1769/2587 1508/1767/2587 1523/1774/2587
f 1501/1768/2588 1516/1775/2588 1517/1777/2588
f 1510/1755/2589 1509/1769/2589 1524/1776/2589
f 1502/1770/2590 1517/1777/2590 1518/1779/2590
f 1511/1756/2591 1510/1755/2591 1525/1778/2591
f 1503/1771/2593 1518/1779/2593 1519/1781/2593
f 1512/1758/2594 1511/1756/2594 1526/1780/2594
f 1504/1757/2595 1519/1781/2595 1520/1783/2595
f 1513/1760/2596 1512/1758/2596 1527/1782/2596
f 1505/1759/2597 1520/1783/2597 1521/1785/2597
f 1507/1765/2600 1506/1761/2600 1521/1785/2600
f 1518/1779/2601 1533/1805/2846 1534/1789/2601
f 1527/1782/2602 1526/1780/2602 1541/1790/2602
f 1519/1781/2603 1534/1789/2603 1535/1792/2603
f 1528/1784/2604 1527/1782/2604 1542/1791/2604
f 1520/1783/2605 1535/1792/2605 1536/1794/2605
f 1522/1773/2608 1521/1785/2847 1536/1794/2608
f 1514/1787/2609 1529/1796/2609 1530/1799/2609
f 1523/1774/2610 1522/1773/2610 1537/1798/2610
f 1515/1772/2611 1530/1799/2611 1531/1801/2611
f 1524/1776/2612 1523/1774/2612 1538/1800/2612
f 1516/1775/2614 1531/1801/2614 1532/1803/2615
f 1525/1778/2616 1524/1776/2616 1539/1802/2616
f 1517/1777/2617 1532/1803/2617 1533/1805/2617
f 1526/1780/2618 1525/1778/2618 1540/1804/2618
f 1538/1800/2620 1537/1798/2621 1552/1806/2621
f 1530/1799/2622 1545/1822/2848 1546/1808/2622
f 1539/1802/2623 1538/1800/2623 1553/1807/2623
f 1531/1801/2624 1546/1808/2624 1547/1810/2624
f 1540/1804/2625 1539/1802/2849 1554/1809/2625
f 1532/1803/2626 1547/1810/2626 1548/1812/2626
f 1541/1790/2627 1540/1804/2627 1555/1811/2627
f 1533/1805/2628 1548/1812/2628 1549/1814/2628
f 1542/1791/2629 1541/1790/2630 1556/1813/2630
f 1534/1789/2632 1549/1814/2632 1550/1816/2632
f 1543/1793/2633 1542/1791/2633 1557/1815/2633
f 1535/1792/2635 1550/1816/2635 1551/1818/2635
f 1537/1798/2639 1536/1794/2850 1551/1818/2639
f 1529/1796/2640 1544/1820/2640 1545/1822/2641
f 1556/1823/2642 1571/1853/2642 1572/1824/2642
f 1550/1826/2644 1549/1854/2644 1564/1827/2644
f 1557/1825/2645 1572/1824/2645 1573/1829/2645
f 1551/1831/2646 1550/1826/2646 1565/1828/2646
f 1551/1831/2650 1566/1832/2851 1567/1837/2650
f 1545/1839/2651 1544/1833/2651 1559/1835/2651
f 1552/1838/2652 1567/1837/2652 1568/1841/2652
f 1546/1843/2653 1545/1839/2653 1560/1840/2653
f 1553/1842/2654 1568/1841/2654 1569/1845/2654
f 1547/1847/2655 1546/1843/2655 1561/1844/2655
f 1554/1846/2656 1569/1845/2656 1570/1849/2656
f 1548/1851/2657 1547/1847/2657 1562/1848/2657
f 1555/1850/2658 1570/1849/2658 1571/1853/2658
f 1549/1854/2659 1548/1851/2659 1563/1852/2659
f 1568/1841/2660 1583/1871/2660 1584/1855/2660
f 1562/1848/2662 1561/1844/2662 1576/1856/2662
f 1569/1845/2663 1584/1855/2663 1585/1858/2663
f 1563/1852/2664 1562/1848/2664 1577/1857/2664
f 1570/1849/2665 1585/1858/2665 1586/1860/2665
f 1564/1827/2666 1563/1852/2852 1578/1859/2666
f 1571/1853/2667 1586/1860/2667 1587/1862/2667
f 1565/1828/2668 1564/1827/2668 1579/1861/2668
f 1572/1824/2669 1587/1862/2669 1588/1864/2670
f 1566/1832/2671 1565/1828/2853 1580/1863/2671
f 1566/1832/2675 1581/1865/2854 1582/1869/2675
f 1560/1840/2677 1559/1835/2677 1574/1867/2677
f 1567/1837/2678 1582/1869/2678 1583/1871/2678
f 1561/1844/2679 1560/1840/2679 1575/1870/2679
f 1587/1862/2680 1602/1888/2680 1603/1872/2680
f 1581/1865/2681 1580/1863/2681 1595/1873/2681
f 1581/1865/2684 1596/1874/2684 1597/1878/2684
f 1575/1870/2685 1574/1867/2685 1589/1876/2685
f 1582/1869/2686 1597/1878/2686 1598/1880/2686
f 1576/1856/2687 1575/1870/2687 1590/1879/2687
f 1583/1871/2688 1598/1880/2688 1599/1882/2688
f 1577/1857/2689 1576/1856/2689 1591/1881/2689
f 1584/1855/2690 1599/1882/2690 1600/1884/2690
f 1578/1859/2691 1577/1857/2691 1592/1883/2691
f 1585/1858/2692 1600/1884/2692 1601/1886/2692
f 1579/1861/2693 1578/1859/2693 1593/1885/2693
f 1586/1860/2694 1601/1886/2694 1602/1888/2695
f 1580/1863/2696 1579/1861/2696 1594/1887/2696
f 1592/1883/2697 1591/1881/2697 1606/1889/2697
f 1599/1882/2698 1614/1905/2698 1615/1891/2698
f 1593/1885/2699 1592/1883/2855 1607/1890/2699
f 1600/1884/2700 1615/1891/2700 1616/1893/2700
f 1594/1887/2701 1593/1885/2701 1608/1892/2701
f 1601/1886/2702 1616/1893/2856 1617/1895/2702
f 1595/1873/2703 1594/1887/2703 1609/1894/2703
f 1602/1888/2705 1617/1895/2705 1618/1897/2705
f 1596/1874/2706 1595/1873/2706 1610/1896/2706
f 1596/1874/2709 1611/1898/2709 1612/1902/2709
f 1590/1879/2710 1589/1876/2710 1604/1900/2710
f 1597/1878/2711 1612/1902/2857 1613/1904/2711
f 1591/1881/2713 1590/1879/2713 1605/1903/2713
f 1598/1880/2714 1613/1904/2714 1614/1905/2714
f 1611/1898/2715 1610/1896/2858 1625/1906/2715
f 1611/1898/2718 1626/1907/2718 1627/1912/2718
f 1605/1903/2720 1604/1900/2859 1619/1909/2720
f 1612/1902/2721 1627/1912/2860 1628/1914/2721
f 1606/1889/2722 1605/1903/2861 1620/1913/2722
f 1613/1904/2723 1628/1914/2723 1629/1916/2723
f 1607/1890/2724 1606/1889/2724 1621/1915/2724
f 1614/1905/2725 1629/1916/2725 1630/1918/2725
f 1608/1892/2726 1607/1890/2726 1622/1917/2726
f 1615/1891/2727 1630/1918/2727 1631/1920/2727
f 1609/1894/2728 1608/1892/2728 1623/1919/2728
f 1616/1893/2729 1631/1920/2862 1632/1922/2729
f 1610/1896/2730 1609/1894/2730 1624/1921/2730
f 1617/1895/2732 1632/1922/2732 1633/1911/2733
f 1629/1916/2734 1644/1939/2734 1645/1923/2734
f 1623/1919/2735 1622/1917/2735 1637/1924/2735
f 1630/1918/2736 1645/1923/2736 1646/1926/2736
f 1624/1921/2737 1623/1919/2737 1638/1925/2737
f 1631/1920/2739 1646/1926/2739 1647/1928/2739
f 1625/1906/2740 1624/1921/2863 1639/1927/2741
f 1632/1922/2742 1647/1928/2742 1648/1930/2743
f 1626/1907/2745 1625/1906/2745 1640/1929/2745
f 1626/1907/2748 1641/1931/2748 1642/1935/2748
f 1620/1913/2749 1619/1909/2750 1634/1933/2750
f 1627/1912/2751 1642/1935/2864 1643/1937/2752
f 1621/1915/2753 1620/1913/2753 1635/1936/2753
f 1628/1914/2754 1643/1937/2754 1644/1939/2754
f 1622/1917/2755 1621/1915/2755 1636/1938/2755
f 1641/1931/2758 1656/1956/2865 1657/1944/2758
f 1635/1936/2759 1634/1933/2759 1649/1941/2759
f 1642/1935/2760 1657/1944/2760 1658/1946/2760
f 1636/1938/2761 1635/1936/2761 1650/1945/2761
f 1643/1937/2762 1658/1946/2762 1659/1948/2762
f 1637/1924/2763 1636/1938/2763 1651/1947/2763
f 1644/1939/2765 1659/1948/2765 1660/1950/2765
f 1638/1925/2767 1637/1924/2866 1652/1949/2767
f 1645/1923/2768 1660/1950/2867 1661/1952/2768
f 1639/1927/2769 1638/1925/2769 1653/1951/2769
f 1646/1926/2770 1661/1952/2770 1662/1954/2770
f 1640/1929/2771 1639/1927/2771 1654/1953/2771
f 1647/1928/2772 1662/1954/2772 1663/1943/2773
f 1641/1931/2774 1640/1929/2774 1655/1955/2774
f 1653/1951/2775 1652/1949/2775 1666/1403/2775
f 1660/1950/2776 1669/1400/2776 1670/1406/2776
f 1654/1953/2778 1653/1951/2778 1192/1405/2778
f 1661/1952/2780 1670/1406/2780 1671/1410/2780
f 1655/1955/2781 1654/1953/2781 1667/1409/2781
f 1662/1954/2782 1671/1410/2782 1672/1414/2782
f 1656/1956/2783 1655/1955/2784 1193/1413/2784
f 1656/1956/2788 1194/1417/2868 1195/1422/2789
f 1650/1945/2790 1649/1941/2791 1664/1418/2791
f 1657/1944/2792 1195/1422/2792 1668/1426/2792
f 1651/1947/2793 1650/1945/2793 1665/1425/2793
f 1658/1946/2794 1668/1426/2794 1196/1430/2794
f 1652/1949/2795 1651/1947/2869 1191/1429/2795
f 1659/1948/2796 1196/1430/2796 1669/1400/2796
o 球.004
v -0.056681 2.348776 0.721545
v -0.094651 2.883775 0.920493
v -0.114646 2.852735 0.901545
v -0.133073 2.802327 0.884082
v -0.149225 2.734489 0.868775
v -0.162480 2.651829 0.856213
v -0.172329 2.557522 0.846879
v -0.178394 2.455194 0.841132
v -0.180443 2.348776 0.839190
v -0.178394 2.242358 0.841132
v -0.172329 2.140030 0.846879
v -0.162480 2.045723 0.856213
v -0.149225 1.963063 0.868775
v -0.133073 1.895225 0.884082
v -0.114646 1.844818 0.901545
v -0.094651 1.813777 0.920493
v -0.092006 2.883775 0.903323
v -0.109457 2.852735 0.867865
v -0.125540 2.802327 0.835186
v -0.139637 2.734489 0.806543
v -0.151206 2.651829 0.783036
v -0.159804 2.557522 0.765569
v -0.165096 2.455194 0.754812
v -0.166885 2.348776 0.751181
v -0.165096 2.242358 0.754812
v -0.159804 2.140030 0.765569
v -0.151206 2.045723 0.783036
v -0.139637 1.963063 0.806543
v -0.125540 1.895225 0.835186
v -0.109457 1.844818 0.867865
v -0.092006 1.813777 0.903323
v -0.088664 2.883775 0.887571
v -0.102901 2.852735 0.836964
v -0.116022 2.802327 0.790325
v -0.127523 2.734489 0.749446
v -0.136960 2.651829 0.715898
v -0.143974 2.557522 0.690968
v -0.148293 2.455194 0.675618
v -0.149751 2.348776 0.670434
v -0.148293 2.242358 0.675618
v -0.143974 2.140030 0.690968
v -0.136960 2.045723 0.715898
v -0.127523 1.963063 0.749446
v -0.116022 1.895225 0.790325
v -0.102901 1.844818 0.836964
v -0.088663 1.813777 0.887571
v -0.084752 2.883775 0.873840
v -0.095228 2.852735 0.810031
v -0.104883 2.802327 0.751225
v -0.113345 2.734489 0.699681
v -0.120290 2.651829 0.657379
v -0.125451 2.557522 0.625946
v -0.128629 2.455194 0.606590
v -0.129701 2.348776 0.600055
v -0.128629 2.242358 0.606590
v -0.125451 2.140030 0.625946
v -0.120290 2.045723 0.657379
v -0.113345 1.963063 0.699681
v -0.104883 1.895225 0.751225
v -0.095228 1.844818 0.810031
v -0.084752 1.813777 0.873840
v -0.080422 2.883775 0.862659
v -0.086734 2.852735 0.788100
v -0.092551 2.802327 0.719387
v -0.097650 2.734489 0.659157
v -0.101835 2.651829 0.609729
v -0.104944 2.557522 0.573001
v -0.106859 2.455194 0.550384
v -0.107506 2.348776 0.542747
v -0.106859 2.242358 0.550384
v -0.104944 2.140030 0.573001
v -0.101835 2.045723 0.609729
v -0.097650 1.963063 0.659157
v -0.092551 1.895225 0.719387
v -0.086734 1.844818 0.788100
v -0.080422 1.813777 0.862659
v -0.075840 2.883775 0.854459
v -0.077745 2.852735 0.772015
v -0.079501 2.802327 0.696033
v -0.081041 2.734489 0.629435
v -0.082305 2.651829 0.574780
v -0.083243 2.557522 0.534167
v -0.083822 2.455194 0.509158
v -0.084017 2.348776 0.500713
v -0.083822 2.242358 0.509158
v -0.083243 2.140030 0.534167
v -0.082305 2.045723 0.574780
v -0.081041 1.963063 0.629435
v -0.079501 1.895225 0.696033
v -0.077745 1.844818 0.772015
v -0.075840 1.813777 0.854459
v -0.071181 2.883775 0.849554
v -0.068608 2.852735 0.762392
v -0.066236 2.802327 0.682064
v -0.064156 2.734489 0.611654
v -0.062450 2.651829 0.553873
v -0.061182 2.557522 0.510936
v -0.060401 2.455194 0.484496
v -0.060137 2.348776 0.475568
v -0.060401 2.242358 0.484496
v -0.061182 2.140030 0.510936
v -0.062450 2.045723 0.553873
v -0.064156 1.963063 0.611654
v -0.066236 1.895225 0.682064
v -0.068608 1.844818 0.762392
v -0.071181 1.813777 0.849554
v -0.066625 2.883775 0.848131
v -0.059671 2.852735 0.759603
v -0.053262 2.802327 0.678014
v -0.047644 2.734489 0.606501
v -0.043033 2.651829 0.547812
v -0.039608 2.557522 0.504202
v -0.037498 2.455194 0.477347
v -0.036786 2.348776 0.468279
v -0.037498 2.242358 0.477347
v -0.039608 2.140030 0.504202
v -0.043033 2.045723 0.547812
v -0.047644 1.963063 0.606501
v -0.053262 1.895225 0.678014
v -0.059671 1.844818 0.759603
v -0.066625 1.813777 0.848131
v -0.062348 2.883775 0.850248
v -0.051279 2.852735 0.763753
v -0.041079 2.802327 0.684040
v -0.032139 2.734489 0.614170
v -0.024802 2.651829 0.556830
v -0.019349 2.557522 0.514222
v -0.015992 2.455194 0.487985
v -0.014858 2.348776 0.479125
v -0.015992 2.242358 0.487985
v -0.019349 2.140030 0.514222
v -0.024802 2.045723 0.556830
v -0.032139 1.963063 0.614169
v -0.041079 1.895225 0.684040
v -0.051279 1.844818 0.763753
v -0.062348 1.813777 0.850248
v -0.058511 2.883775 0.855820
v -0.043756 2.852735 0.774685
v -0.030156 2.802327 0.699909
v -0.018237 2.734489 0.634368
v -0.008455 2.651829 0.580581
v -0.001186 2.557522 0.540613
v 0.003290 2.455194 0.516001
v 0.004801 2.348776 0.507690
v 0.003290 2.242358 0.516001
v -0.001186 2.140030 0.540613
v -0.008455 2.045723 0.580581
v -0.018237 1.963063 0.634368
v -0.030156 1.895225 0.699909
v -0.043756 1.844818 0.774685
v -0.058511 1.813777 0.855820
v -0.055266 2.883775 0.864636
v -0.037389 2.852735 0.791977
v -0.020914 2.802327 0.725014
v -0.006473 2.734489 0.666320
v 0.005379 2.651829 0.618152
v 0.014185 2.557522 0.582360
v 0.019607 2.455194 0.560319
v 0.021439 2.348776 0.552876
v 0.019607 2.242358 0.560319
v 0.014185 2.140030 0.582360
v 0.005379 2.045723 0.618152
v -0.006473 1.963063 0.666320
v -0.020914 1.895225 0.725014
v -0.037389 1.844818 0.791976
v -0.055266 1.813777 0.864636
v -0.052735 2.883775 0.876355
v -0.032424 2.852735 0.814965
v -0.013705 2.802327 0.758387
v 0.002702 2.734489 0.708797
v 0.016167 2.651829 0.668098
v 0.026172 2.557522 0.637857
v 0.032334 2.455194 0.619234
v 0.034413 2.348776 0.612948
v 0.032334 2.242358 0.619234
v 0.026172 2.140030 0.637857
v 0.016167 2.045723 0.668098
v 0.002702 1.963063 0.708797
v -0.013705 1.895225 0.758387
v -0.032424 1.844818 0.814965
v -0.052735 1.813777 0.876355
v -0.051015 2.883775 0.890528
v -0.029051 2.852735 0.842766
v -0.008808 2.802327 0.798748
v 0.008935 2.734489 0.760166
v 0.023495 2.651829 0.728503
v 0.034315 2.557522 0.704974
v 0.040978 2.455194 0.690486
v 0.043228 2.348776 0.685594
v 0.040978 2.242358 0.690486
v 0.034315 2.140030 0.704974
v 0.023495 2.045723 0.728503
v 0.008935 1.963063 0.760166
v -0.008808 1.895225 0.798748
v -0.029051 1.844818 0.842765
v -0.051015 1.813777 0.890528
v -0.050173 2.883775 0.906609
v -0.027400 2.852735 0.874311
v -0.006411 2.802327 0.844544
v 0.011985 2.734489 0.818453
v 0.027083 2.651829 0.797041
v 0.038302 2.557522 0.781131
v 0.045210 2.455194 0.771334
v 0.047543 2.348776 0.768025
v 0.045210 2.242358 0.771334
v 0.038302 2.140030 0.781131
v 0.027083 2.045723 0.797041
v 0.011985 1.963063 0.818453
v -0.006411 1.895225 0.844544
v -0.027400 1.844818 0.874311
v -0.050173 1.813777 0.906609
v -0.050242 2.883775 0.923981
v -0.027534 2.852735 0.908388
v -0.006606 2.802327 0.894017
v 0.011738 2.734489 0.881420
v 0.026791 2.651829 0.871082
v 0.037977 2.557522 0.863400
v 0.044866 2.455194 0.858670
v 0.047192 2.348776 0.857072
v 0.044866 2.242358 0.858670
v 0.037977 2.140030 0.863400
v 0.026791 2.045723 0.871082
v 0.011738 1.963063 0.881419
v -0.006606 1.895225 0.894017
v -0.027534 1.844818 0.908388
v -0.050242 1.813777 0.923981
vn 0.0211 0.3341 0.9423
vn 0.6616 -0.0811 0.7455
vn -0.2963 0.3513 0.8881
vn 0.6887 -0.0265 0.7245
vn 0.6887 0.0265 0.7245
vn -0.2963 -0.3513 0.8881
vn 0.6616 0.0811 0.7455
vn 0.0211 -0.3341 0.9423
vn 0.5998 0.1406 0.7877
vn 0.2982 -0.2771 0.9134
vn 0.4870 0.2070 0.8485
vn 0.4870 -0.2070 0.8485
vn 0.2982 0.2771 0.9134
vn 0.5998 -0.1406 0.7877
vn -0.9132 0.3825 -0.1407
vn -0.9815 -0.1175 -0.1512
vn -0.9543 0.2604 -0.1470
vn -0.9724 -0.1787 -0.1498
vn -0.9724 0.1787 -0.1498
vn -0.9543 -0.2604 -0.1470
vn -0.9815 0.1175 -0.1512
vn -0.9132 -0.3826 -0.1407
vn -0.9861 0.0670 -0.1519
vn -0.7984 -0.5894 -0.1230
vn -0.9881 0.0218 -0.1522
vn 0.9883 0.0135 0.1522
vn 0.9883 -0.0135 0.1522
vn -0.9881 -0.0218 -0.1522
vn -0.7984 0.5894 -0.1230
vn -0.9861 -0.0670 -0.1519
vn -0.9757 0.0722 -0.2070
vn -0.7687 -0.6185 -0.1631
vn -0.9780 0.0235 -0.2075
vn 0.9782 -0.0059 0.2076
vn 0.9782 0.0059 0.2076
vn -0.9780 -0.0235 -0.2075
vn -0.7687 0.6185 -0.1631
vn -0.9757 -0.0722 -0.2070
vn -0.8932 0.4078 -0.1895
vn -0.9704 -0.1266 -0.2059
vn -0.9393 0.2793 -0.1993
vn -0.9600 -0.1923 -0.2037
vn -0.9600 0.1923 -0.2037
vn -0.9393 -0.2793 -0.1993
vn -0.9704 0.1266 -0.2059
vn -0.9703 0.1266 -0.2059
vn -0.8932 -0.4078 -0.1895
vn -0.9519 -0.1425 -0.2712
vn -0.9138 0.3118 -0.2603
vn -0.9391 -0.2158 -0.2675
vn -0.9391 0.2158 -0.2675
vn -0.9138 -0.3118 -0.2603
vn -0.9519 0.1425 -0.2712
vn -0.8589 -0.4500 -0.2447
vn -0.9585 0.0814 -0.2731
vn -0.7192 -0.6639 -0.2049
vn -0.9614 0.0265 -0.2739
vn 0.9614 -0.0275 0.2739
vn 0.9614 0.0275 0.2739
vn -0.9614 -0.0265 -0.2739
vn -0.7192 0.6639 -0.2049
vn -0.9585 -0.0814 -0.2731
vn -0.8589 0.4499 -0.2447
vn -0.6408 -0.7265 -0.2482
vn -0.6408 -0.7264 -0.2482
vn -0.9320 0.0316 -0.3610
vn 0.9312 -0.0538 0.3606
vn 0.9312 0.0538 0.3606
vn -0.9320 -0.0316 -0.3610
vn -0.6408 0.7265 -0.2482
vn -0.9281 -0.0968 -0.3595
vn -0.7996 0.5145 -0.3097
vn -0.9191 -0.1689 -0.3560
vn -0.8686 0.3639 -0.3364
vn -0.9018 -0.2545 -0.3493
vn -0.9018 0.2545 -0.3493
vn -0.8686 -0.3639 -0.3364
vn -0.8685 -0.3640 -0.3364
vn -0.9191 0.1689 -0.3560
vn -0.7996 -0.5145 -0.3097
vn -0.9281 0.0968 -0.3595
vn -0.8275 -0.3184 -0.4624
vn -0.8275 0.3184 -0.4624
vn -0.7812 -0.4463 -0.4365
vn -0.8528 0.2137 -0.4765
vn -0.6931 -0.6079 -0.3873
vn -0.6931 -0.6080 -0.3873
vn -0.8663 0.1232 -0.4841
vn -0.5198 -0.8034 -0.2905
vn -0.8722 0.0403 -0.4874
vn 0.8694 -0.0896 0.4858
vn 0.8694 0.0896 0.4858
vn -0.8722 -0.0403 -0.4874
vn -0.5198 0.8034 -0.2905
vn -0.8663 -0.1232 -0.4841
vn -0.6931 0.6079 -0.3873
vn -0.8528 -0.2137 -0.4765
vn -0.7812 0.4463 -0.4365
vn 0.7175 -0.1436 0.6816
vn 0.7177 0.1435 0.6814
vn -0.7240 -0.0559 -0.6875
vn -0.3415 0.8822 -0.3242
vn -0.3414 0.8822 -0.3243
vn -0.7146 -0.1699 -0.6786
vn -0.4968 0.7284 -0.4718
vn -0.6938 -0.2907 -0.6589
vn -0.5961 0.5693 -0.5661
vn -0.6572 -0.4227 -0.6241
vn -0.6572 0.4227 -0.6241
vn -0.5961 -0.5693 -0.5661
vn -0.6938 0.2907 -0.6589
vn -0.4968 -0.7284 -0.4718
vn -0.7146 0.1699 -0.6786
vn -0.3415 -0.8822 -0.3243
vn -0.3414 -0.8822 -0.3243
vn -0.7240 0.0559 -0.6875
vn -0.2486 0.5515 -0.7963
vn -0.2485 0.5515 -0.7963
vn -0.2126 -0.7005 -0.6812
vn -0.2737 0.3955 -0.8767
vn -0.2737 0.3955 -0.8768
vn -0.1647 -0.8333 -0.5278
vn -0.2895 0.2374 -0.9273
vn -0.2894 0.2374 -0.9273
vn -0.1050 -0.9358 -0.3364
vn -0.1050 -0.9359 -0.3364
vn -0.2971 0.0791 -0.9516
vn -0.2970 0.0791 -0.9516
vn 0.2911 -0.2152 0.9322
vn 0.2911 0.2152 0.9322
vn -0.2971 -0.0791 -0.9516
vn -0.2970 -0.0791 -0.9516
vn -0.1050 0.9359 -0.3364
vn -0.2895 -0.2374 -0.9273
vn -0.2894 -0.2374 -0.9273
vn -0.1647 0.8333 -0.5278
vn -0.2737 -0.3955 -0.8767
vn -0.2737 -0.3955 -0.8768
vn -0.2126 0.7005 -0.6812
vn -0.2486 -0.5515 -0.7963
vn -0.2485 -0.5515 -0.7963
vn 0.4420 -0.0791 -0.8935
vn 0.1562 0.9359 -0.3159
vn 0.1563 0.9359 -0.3159
vn 0.4307 -0.2374 -0.8707
vn 0.2451 0.8333 -0.4956
vn 0.4072 -0.3955 -0.8233
vn 0.3164 0.7005 -0.6397
vn 0.3699 -0.5515 -0.7477
vn 0.3698 -0.5515 -0.7477
vn 0.3699 0.5515 -0.7477
vn 0.3698 0.5515 -0.7477
vn 0.3164 -0.7005 -0.6397
vn 0.4072 0.3955 -0.8233
vn 0.2451 -0.8333 -0.4956
vn 0.4307 0.2374 -0.8707
vn 0.1562 -0.9359 -0.3159
vn 0.1563 -0.9358 -0.3159
vn 0.4420 0.0791 -0.8935
vn -0.4331 -0.2152 0.8753
vn -0.4331 0.2152 0.8753
vn 0.6772 -0.5693 -0.4661
vn 0.7882 0.2907 -0.5425
vn 0.5644 -0.7284 -0.3884
vn 0.5643 -0.7285 -0.3884
vn 0.8118 0.1699 -0.5587
vn 0.3879 -0.8822 -0.2670
vn 0.3878 -0.8822 -0.2670
vn 0.8225 0.0559 -0.5661
vn 0.8225 0.0559 -0.5660
vn -0.8154 -0.1436 0.5608
vn -0.8153 0.1435 0.5609
vn 0.8225 -0.0559 -0.5661
vn 0.3879 0.8822 -0.2670
vn 0.3878 0.8822 -0.2670
vn 0.8118 -0.1699 -0.5587
vn 0.5644 0.7284 -0.3884
vn 0.5643 0.7284 -0.3884
vn 0.7882 -0.2907 -0.5425
vn 0.6772 0.5693 -0.4661
vn 0.7465 -0.4227 -0.5138
vn 0.7465 0.4227 -0.5138
vn 0.5587 0.8034 -0.2057
vn 0.5588 0.8034 -0.2057
vn 0.5587 0.8034 -0.2058
vn 0.9313 -0.1232 -0.3429
vn 0.7451 0.6080 -0.2743
vn 0.7451 0.6079 -0.2743
vn 0.9167 -0.2137 -0.3375
vn 0.8398 0.4463 -0.3092
vn 0.8896 -0.3184 -0.3275
vn 0.8896 0.3184 -0.3275
vn 0.8398 -0.4463 -0.3092
vn 0.9167 0.2137 -0.3375
vn 0.7451 -0.6079 -0.2743
vn 0.7451 -0.6080 -0.2743
vn 0.7450 -0.6080 -0.2743
vn 0.9313 0.1232 -0.3429
vn 0.5588 -0.8034 -0.2057
vn 0.9376 0.0403 -0.3452
vn 0.9377 0.0403 -0.3452
vn -0.9346 -0.0896 0.3441
vn -0.9346 0.0896 0.3441
vn 0.9376 -0.0403 -0.3452
vn 0.9377 -0.0403 -0.3452
vn 0.9634 0.1689 -0.2081
vn 0.8382 -0.5145 -0.1810
vn 0.8382 -0.5144 -0.1810
vn 0.9729 0.0968 -0.2101
vn 0.6717 -0.7264 -0.1451
vn 0.6717 -0.7265 -0.1451
vn 0.9770 0.0316 -0.2110
vn -0.9760 -0.0538 0.2108
vn -0.9760 0.0538 0.2108
vn 0.9770 -0.0316 -0.2110
vn 0.6717 0.7265 -0.1451
vn 0.9729 -0.0968 -0.2101
vn 0.8382 0.5145 -0.1810
vn 0.8382 0.5144 -0.1810
vn 0.9634 -0.1689 -0.2081
vn 0.9104 0.3639 -0.1966
vn 0.9453 -0.2545 -0.2042
vn 0.9453 0.2545 -0.2042
vn 0.9104 -0.3639 -0.1966
vn 0.9104 -0.3639 -0.1967
vn 0.9894 -0.0814 -0.1200
vn 0.8866 0.4499 -0.1076
vn 0.9826 -0.1425 -0.1192
vn 0.9432 0.3118 -0.1144
vn 0.9432 0.3118 -0.1145
vn 0.9693 -0.2158 -0.1176
vn 0.9693 0.2158 -0.1176
vn 0.9432 -0.3118 -0.1145
vn 0.9432 -0.3118 -0.1144
vn 0.9826 0.1425 -0.1192
vn 0.8865 -0.4500 -0.1076
vn 0.9894 0.0814 -0.1200
vn 0.7424 -0.6639 -0.0901
vn 0.9924 0.0265 -0.1204
vn -0.9923 -0.0275 0.1204
vn -0.9923 0.0275 0.1204
vn 0.9924 -0.0265 -0.1204
vn 0.7424 0.6639 -0.0901
vn 0.9118 -0.4078 -0.0477
vn 0.9960 0.0722 -0.0521
vn 0.7847 -0.6185 -0.0411
vn 0.9984 0.0235 -0.0523
vn -0.9986 -0.0059 0.0523
vn -0.9986 0.0059 0.0523
vn 0.9984 -0.0235 -0.0523
vn 0.7847 0.6185 -0.0411
vn 0.9960 -0.0722 -0.0521
vn 0.9118 0.4078 -0.0477
vn 0.9906 -0.1266 -0.0519
vn 0.9589 0.2793 -0.0502
vn 0.9800 -0.1923 -0.0513
vn 0.9800 0.1923 -0.0513
vn 0.9589 -0.2793 -0.0502
vn 0.9906 0.1266 -0.0519
vn 0.9931 -0.1175 0.0039
vn 0.9655 0.2604 0.0038
vn 0.9839 -0.1787 0.0039
vn 0.9839 0.1787 0.0039
vn 0.9655 -0.2604 0.0038
vn 0.9931 0.1175 0.0039
vn 0.9239 -0.3826 0.0036
vn 0.9977 0.0670 0.0039
vn 0.8079 -0.5894 0.0032
vn 0.9998 0.0218 0.0039
vn -0.9999 0.0135 -0.0040
vn -0.9999 -0.0135 -0.0040
vn 0.9998 -0.0218 0.0039
vn 0.8078 0.5894 0.0032
vn 0.9977 -0.0670 0.0039
vn 0.9239 0.3825 0.0036
vn 0.1540 0.3513 0.9235
vn -0.7934 -0.0265 0.6081
vn -0.7934 0.0265 0.6081
vn 0.1540 -0.3513 0.9235
vn -0.7699 0.0811 0.6330
vn -0.1679 -0.3341 0.9274
vn -0.7155 0.1406 0.6843
vn -0.4372 -0.2771 0.8556
vn -0.6135 0.2070 0.7621
vn -0.6135 -0.2070 0.7621
vn -0.4372 0.2771 0.8556
vn -0.7155 -0.1406 0.6843
vn -0.1679 0.3341 0.9274
vn -0.7699 -0.0811 0.6330
vn -0.9132 0.3826 -0.1407
vn -0.9703 -0.1266 -0.2059
vn -0.8685 0.3640 -0.3364
vn -0.3415 -0.8822 -0.3242
vn -0.1050 0.9358 -0.3364
vn 0.1563 0.9358 -0.3159
vn 0.8225 -0.0559 -0.5660
vn 0.7466 0.4227 -0.5138
vn 0.7451 0.6080 -0.2744
vn 0.9104 0.3639 -0.1967
vn 0.7424 0.6639 -0.0900
vn 0.8078 -0.5894 0.0032
vn 0.8079 0.5894 0.0032
vn 0.9239 0.3826 0.0036
vt 0.688046 0.104938
vt 0.620408 0.086058
vt 0.614531 0.080448
vt 0.671855 0.152716
vt 0.639716 0.172839
vt 0.644306 0.159144
vt 0.694601 0.091364
vt 0.610089 0.076079
vt 0.671113 0.147227
vt 0.646445 0.143762
vt 0.671268 0.140676
vt 0.644542 0.128284
vt 0.694601 0.195852
vt 0.609641 0.211278
vt 0.614104 0.206882
vt 0.672265 0.134820
vt 0.639953 0.114485
vt 0.688012 0.182260
vt 0.620012 0.201242
vt 0.673838 0.129960
vt 0.634262 0.102611
vt 0.679773 0.174139
vt 0.626494 0.194156
vt 0.680265 0.120577
vt 0.626872 0.093144
vt 0.680069 0.166951
vt 0.633937 0.184715
vt 0.680049 0.113206
vt 0.673796 0.157520
vt 0.616465 0.195710
vt 0.630493 0.119027
vt 0.626442 0.108413
vt 0.621188 0.188074
vt 0.621562 0.099193
vt 0.626147 0.178858
vt 0.616867 0.091560
vt 0.630320 0.168250
vt 0.612447 0.084773
vt 0.633108 0.156393
vt 0.609098 0.078492
vt 0.634328 0.143675
vt 0.523328 0.213756
vt 0.608643 0.208853
vt 0.524241 0.073673
vt 0.633339 0.130954
vt 0.612011 0.202534
vt 0.624519 0.154397
vt 0.610728 0.088470
vt 0.608219 0.080579
vt 0.625141 0.143615
vt 0.528750 0.214123
vt 0.607758 0.206755
vt 0.529626 0.073283
vt 0.624571 0.132817
vt 0.610281 0.198813
vt 0.622911 0.122457
vt 0.613319 0.191227
vt 0.620167 0.112777
vt 0.616645 0.183262
vt 0.617028 0.103965
vt 0.619847 0.174436
vt 0.613726 0.096003
vt 0.622619 0.164774
vt 0.615330 0.116067
vt 0.612975 0.179611
vt 0.613372 0.107581
vt 0.615023 0.171105
vt 0.611214 0.099477
vt 0.616569 0.162304
vt 0.609158 0.091434
vt 0.617738 0.153031
vt 0.607410 0.082353
vt 0.618134 0.143577
vt 0.531343 0.216259
vt 0.606944 0.204973
vt 0.532189 0.071158
vt 0.617827 0.134123
vt 0.608703 0.195826
vt 0.616786 0.124857
vt 0.610798 0.187714
vt 0.606646 0.083800
vt 0.612703 0.152075
vt 0.612922 0.143549
vt 0.532174 0.220865
vt 0.606175 0.203518
vt 0.533033 0.066600
vt 0.612796 0.135025
vt 0.607425 0.193582
vt 0.612272 0.126591
vt 0.608646 0.185111
vt 0.611411 0.118352
vt 0.610022 0.176936
vt 0.610433 0.110226
vt 0.611132 0.168778
vt 0.609068 0.102049
vt 0.612078 0.160520
vt 0.607891 0.093654
vt 0.608086 0.111981
vt 0.607747 0.175131
vt 0.608250 0.167228
vt 0.607415 0.103858
vt 0.608793 0.159350
vt 0.606765 0.095201
vt 0.609083 0.151451
vt 0.606017 0.084802
vt 0.609184 0.143527
vt 0.539387 0.225383
vt 0.605540 0.202509
vt 0.540339 0.062179
vt 0.609176 0.135608
vt 0.606285 0.192013
vt 0.608980 0.127722
vt 0.606954 0.183303
vt 0.608523 0.119862
vt 0.546907 0.240110
vt 0.604945 0.201896
vt 0.547792 0.047578
vt 0.605428 0.085411
vt 0.606699 0.135932
vt 0.605314 0.191092
vt 0.606692 0.128353
vt 0.605592 0.182241
vt 0.606467 0.120727
vt 0.606031 0.174094
vt 0.606369 0.112998
vt 0.606196 0.166336
vt 0.606041 0.104908
vt 0.606507 0.158691
vt 0.605807 0.096107
vt 0.606607 0.151097
vt 0.606635 0.143512
vt 0.604682 0.173757
vt 0.604680 0.166032
vt 0.605027 0.113321
vt 0.604893 0.105258
vt 0.604875 0.158474
vt 0.604931 0.096406
vt 0.604886 0.150977
vt 0.604889 0.085615
vt 0.604877 0.143501
vt 0.575575 0.262099
vt 0.604401 0.201692
vt 0.576176 0.025808
vt 0.604979 0.136031
vt 0.604430 0.190788
vt 0.605062 0.128550
vt 0.604445 0.181881
vt 0.604953 0.121014
vt 0.603263 0.135918
vt 0.603856 0.201894
vt 0.603544 0.191089
vt 0.603417 0.128344
vt 0.603285 0.182200
vt 0.603448 0.120746
vt 0.603319 0.174069
vt 0.603677 0.112997
vt 0.603166 0.166284
vt 0.603740 0.104929
vt 0.603224 0.158660
vt 0.604056 0.096105
vt 0.603165 0.151069
vt 0.604349 0.085416
vt 0.603139 0.143490
vt 0.632986 0.262247
vt 0.633039 0.025594
vt 0.601934 0.111996
vt 0.602362 0.103903
vt 0.600894 0.159260
vt 0.603093 0.095191
vt 0.600694 0.151375
vt 0.603776 0.084820
vt 0.600629 0.143473
vt 0.660893 0.238859
vt 0.603279 0.202498
vt 0.660696 0.048716
vt 0.600800 0.135579
vt 0.602566 0.192011
vt 0.601102 0.127716
vt 0.601892 0.183224
vt 0.601415 0.119886
vt 0.601551 0.175061
vt 0.601115 0.167124
vt 0.602640 0.203506
vt 0.601453 0.193588
vt 0.597779 0.126615
vt 0.600134 0.185000
vt 0.598573 0.118358
vt 0.599149 0.176792
vt 0.599569 0.110249
vt 0.598239 0.168625
vt 0.600675 0.102117
vt 0.597545 0.160322
vt 0.601974 0.093645
vt 0.597089 0.151924
vt 0.603142 0.083824
vt 0.596948 0.143448
vt 0.669443 0.225552
vt 0.669184 0.061826
vt 0.597209 0.134982
vt 0.592949 0.161929
vt 0.600668 0.091460
vt 0.592090 0.152759
vt 0.602373 0.082387
vt 0.591828 0.143409
vt 0.676904 0.221212
vt 0.601862 0.204964
vt 0.676329 0.066279
vt 0.592234 0.134076
vt 0.600135 0.195789
vt 0.593226 0.124951
vt 0.598043 0.187611
vt 0.594624 0.116126
vt 0.596142 0.179420
vt 0.596627 0.107616
vt 0.594234 0.170820
vt 0.598603 0.099516
vt 0.587222 0.122579
vt 0.598561 0.198772
vt 0.595494 0.191146
vt 0.589713 0.112897
vt 0.592249 0.182956
vt 0.592812 0.104077
vt 0.589236 0.174012
vt 0.596089 0.096007
vt 0.586876 0.164223
vt 0.599114 0.088506
vt 0.585432 0.153941
vt 0.601559 0.080628
vt 0.584999 0.143353
vt 0.677743 0.216606
vt 0.601037 0.206751
vt 0.677112 0.070861
vt 0.585615 0.132790
vt 0.597305 0.084896
vt 0.579046 0.167371
vt 0.576807 0.155528
vt 0.600562 0.078485
vt 0.576181 0.143269
vt 0.683992 0.217470
vt 0.600027 0.208928
vt 0.683237 0.070010
vt 0.577054 0.131051
vt 0.596724 0.202426
vt 0.579504 0.119324
vt 0.592446 0.195693
vt 0.583502 0.108553
vt 0.587457 0.187677
vt 0.588126 0.099368
vt 0.582899 0.178313
vt 0.593094 0.091509
vt 0.569581 0.114965
vt 0.575887 0.102888
vt 0.581577 0.193842
vt 0.582407 0.093248
vt 0.575093 0.183930
vt 0.589647 0.085953
vt 0.568946 0.171581
vt 0.595237 0.080605
vt 0.565860 0.157488
vt 0.599561 0.076158
vt 0.565182 0.143144
vt 0.683673 0.215056
vt 0.599010 0.211293
vt 0.682890 0.072434
vt 0.566206 0.128868
vt 0.594620 0.206783
vt 0.588925 0.201333
vt 0.515788 0.093248
vt 0.542177 0.144263
vt 0.542286 0.141470
vt 0.513999 0.194012
vt 0.539557 0.137538
vt 0.523329 0.182933
vt 0.533992 0.129763
vt 0.522638 0.174015
vt 0.532598 0.123293
vt 0.531361 0.162490
vt 0.524564 0.112328
vt 0.533207 0.155901
vt 0.525266 0.103999
vt 0.539193 0.148141
s 1
usemtl honMaguro
f 1673/1959/2870 1686/1960/2870 1687/1961/2870
f 1673/1962/2871 1679/1963/2871 1680/1964/2871
f 1673/1965/2872 1687/1961/2872 1688/1966/2872
f 1673/1967/2873 1680/1964/2873 1681/1968/2873
f 1673/1969/2874 1681/1968/2874 1682/1970/2874
f 1673/1971/2875 1674/1972/2875 1675/1973/2875
f 1673/1974/2876 1682/1970/2876 1683/1975/2876
f 1673/1976/2877 1675/1973/2877 1676/1977/2877
f 1673/1978/2878 1683/1975/2878 1684/1979/2878
f 1673/1980/2879 1676/1977/2879 1677/1981/2879
f 1673/1982/2880 1684/1979/2880 1685/1983/2880
f 1673/1984/2881 1677/1981/2881 1678/1985/2881
f 1673/1986/2882 1685/1983/2882 1686/1960/2882
f 1673/1987/2883 1678/1985/2883 1679/1963/2883
f 1675/1973/2884 1691/1988/2884 1676/1977/2884
f 1684/1979/2885 1698/1989/2885 1699/1990/2885
f 1676/1977/2886 1692/1991/2886 1677/1981/2886
f 1684/1979/2887 1700/1992/2887 1685/1983/2887
f 1678/1985/2888 1692/1991/2888 1693/1993/2888
f 1686/1960/2889 1700/1992/2889 1701/1994/2889
f 1678/1985/2890 1694/1995/2890 1679/1963/2890
f 1687/1961/2891 1701/1994/2891 1702/1996/2891
f 1680/1964/2892 1694/1995/2892 1695/1997/2892
f 1687/1961/2893 1703/1998/2893 1688/1966/2893
f 1681/1968/2894 1695/1997/2894 1696/1999/2894
f 1674/1972/2895 1673/2000/2895 1689/2001/2895
f 1673/2002/2896 1688/1966/2896 1703/1998/2896
f 1681/1968/2897 1697/2003/2897 1682/1970/2897
f 1675/1973/2898 1689/2001/2898 1690/2004/2898
f 1682/1970/2899 1698/1989/2899 1683/1975/2899
f 1694/1995/2900 1710/2005/2900 1695/1997/2900
f 1703/1998/2901 1717/2006/2901 1718/2007/2901
f 1696/1999/2902 1710/2005/2902 1711/2008/2902
f 1689/2001/2903 1673/2009/2903 1704/2010/2903
f 1673/2011/2904 1703/1998/2904 1718/2007/2904
f 1696/1999/2905 1712/2012/2905 1697/2003/2905
f 1689/2001/2906 1705/2013/2906 1690/2004/2906
f 1697/2003/2907 1713/2014/2907 1698/1989/2907
f 1691/1988/2908 1705/2013/2908 1706/2015/2908
f 1699/1990/2909 1713/2014/2909 1714/2016/2909
f 1691/1988/2910 1707/2017/2910 1692/1991/2910
f 1699/1990/2911 1715/2018/2911 1700/1992/2911
f 1693/1993/2912 1707/2017/2912 1708/2019/2912
f 1701/1994/2913 1715/2018/2913 1716/2020/2913
f 1693/1993/2914 1709/2021/2914 1694/1995/2915
f 1701/1994/2916 1717/2006/2916 1702/1996/2916
f 1713/2014/2917 1729/2022/2917 1714/2016/2917
f 1706/2015/2918 1722/2023/2918 1707/2017/2918
f 1714/2016/2919 1730/2024/2919 1715/2018/2919
f 1708/2019/2920 1722/2023/2920 1723/2025/2920
f 1716/2020/2921 1730/2024/2921 1731/2026/2921
f 1709/2021/2922 1723/2025/2922 1724/2027/2922
f 1717/2006/2923 1731/2026/2923 1732/2028/2923
f 1710/2005/2924 1724/2027/2924 1725/2029/2924
f 1718/2007/2925 1732/2028/2925 1733/2030/2925
f 1711/2008/2926 1725/2029/2926 1726/2031/2926
f 1704/2010/2927 1673/2032/2927 1719/2033/2927
f 1673/2034/2928 1718/2007/2928 1733/2030/2928
f 1711/2008/2929 1727/2035/2929 1712/2012/2929
f 1704/2010/2930 1720/2036/2930 1705/2013/2930
f 1712/2012/2931 1728/2037/2931 1713/2014/2931
f 1705/2013/2932 1721/2038/2932 1706/2015/2932
f 1732/2028/2933 1748/2039/2934 1733/2030/2934
f 1726/2031/2935 1740/2040/2935 1741/2041/2935
f 1719/2033/2936 1673/2042/2936 1734/2043/2936
f 1673/2044/2937 1733/2030/2937 1748/2039/2937
f 1726/2031/2938 1742/2045/2938 1727/2035/2938
f 1720/2036/2939 1734/2043/2939 1735/2046/2939
f 1727/2035/2940 1743/2047/2940 1728/2037/2940
f 1721/2038/2941 1735/2046/2941 1736/2048/2941
f 1729/2022/2942 1743/2047/2942 1744/2049/2942
f 1721/2038/2943 1737/2050/2943 1722/2023/2943
f 1729/2022/2944 1745/2051/2944 1730/2024/2944
f 1723/2025/2945 1737/2050/2945 1738/2052/2945
f 1731/2026/2946 1745/2051/2946 1746/2053/2947
f 1723/2025/2948 1739/2054/2948 1724/2027/2948
f 1731/2026/2949 1747/2055/2949 1732/2028/2949
f 1725/2029/2950 1739/2054/2950 1740/2040/2950
f 1744/2049/2951 1760/2056/2951 1745/2051/2951
f 1738/2052/2952 1752/2057/2952 1753/2058/2952
f 1745/2051/2953 1761/2059/2953 1746/2053/2953
f 1738/2052/2954 1754/2060/2954 1739/2054/2954
f 1747/2055/2955 1761/2059/2956 1762/2061/2955
f 1740/2040/2957 1754/2060/2957 1755/2062/2957
f 1748/2039/2958 1762/2061/2958 1763/2063/2958
f 1741/2041/2959 1755/2062/2959 1756/2064/2959
f 1734/2043/2960 1673/2065/2960 1749/2066/2960
f 1673/2067/2961 1748/2039/2961 1763/2063/2961
f 1741/2041/2962 1757/2068/2962 1742/2045/2962
f 1734/2043/2963 1750/2069/2963 1735/2046/2963
f 1742/2045/2964 1758/2070/2964 1743/2047/2964
f 1735/2046/2965 1751/2071/2965 1736/2048/2965
f 1744/2049/2966 1758/2070/2966 1759/2072/2966
f 1736/2048/2967 1752/2057/2967 1737/2050/2967
f 1749/2066/2968 1673/2073/2968 1764/2074/2968
f 1673/2075/2969 1763/2063/2969 1778/2076/2969
f 1756/2064/2970 1772/2077/2970 1757/2068/2970
f 1750/2069/2971 1764/2074/2972 1765/2078/2971
f 1757/2068/2973 1773/2079/2973 1758/2070/2973
f 1751/2071/2974 1765/2078/2974 1766/2080/2974
f 1759/2072/2975 1773/2079/2975 1774/2081/2975
f 1751/2071/2976 1767/2082/2976 1752/2057/2976
f 1759/2072/2977 1775/2083/2977 1760/2056/2977
f 1753/2058/2978 1767/2082/2978 1768/2084/2978
f 1761/2059/2979 1775/2083/2979 1776/2085/2979
f 1753/2058/2980 1769/2086/2980 1754/2060/2980
f 1761/2059/2981 1777/2087/2981 1762/2061/2981
f 1755/2062/2982 1769/2086/2982 1770/2088/2982
f 1762/2061/2983 1778/2076/2984 1763/2063/2984
f 1756/2064/2985 1770/2088/2985 1771/2089/2985
f 1768/2084/2986 1782/2090/2987 1783/2091/2986
f 1776/2085/2988 1790/2092/2988 1791/2093/2988
f 1768/2084/2989 1784/2094/2990 1769/2086/2990
f 1777/2087/2991 1791/2093/2991 1792/2095/2991
f 1770/2088/2992 1784/2094/2993 1785/2096/2992
f 1778/2076/2994 1792/2095/2995 1793/2097/2994
f 1771/2089/2996 1785/2096/2997 1786/2098/2996
f 1764/2074/2998 1673/2099/2998 1779/2100/2998
f 1673/2101/2999 1778/2076/2999 1793/2097/2999
f 1771/2089/3000 1787/2102/3001 1772/2077/3001
f 1764/2074/3002 1780/2103/3002 1765/2078/3002
f 1772/2077/3003 1788/2104/3004 1773/2079/3004
f 1765/2078/3005 1781/2105/3005 1766/2080/3005
f 1774/2081/3006 1788/2104/3007 1789/2106/3006
f 1766/2080/3008 1782/2090/3008 1767/2082/3008
f 1774/2081/3009 1790/2092/3010 1775/2083/3010
f 1786/2098/3011 1802/2107/3011 1787/2102/3011
f 1780/2103/3012 1794/2108/3013 1795/2109/3012
f 1787/2102/3014 1803/2110/3014 1788/2104/3014
f 1781/2105/3015 1795/2109/3015 1796/2111/3015
f 1789/2106/3016 1803/2110/3016 1804/2112/3016
f 1782/2090/3017 1796/2111/3017 1797/2113/3017
f 1789/2106/3018 1805/2114/3019 1790/2092/3019
f 1783/2091/3020 1797/2113/3021 1798/2115/3020
f 1790/2092/3022 1806/2116/3022 1791/2093/3022
f 1783/2091/3023 1799/2117/3023 1784/2094/3023
f 1791/2093/3024 1807/2118/3024 1792/2095/3024
f 1785/2096/3025 1799/2117/3025 1800/2119/3025
f 1792/2095/3026 1808/2120/3027 1793/2097/3027
f 1786/2098/3028 1800/2119/3028 1801/2121/3028
f 1779/2100/3029 1673/2122/3029 1794/2108/3029
f 1673/2123/3030 1793/2097/3030 1808/2120/3030
f 1806/2116/3031 1820/2124/3031 1821/2125/3031
f 1798/2115/3032 1814/2126/3032 1799/2117/3032
f 1807/2118/3033 1821/2125/3034 1822/2127/3033
f 1800/2119/3035 1814/2126/3035 1815/2128/3035
f 1807/2118/3036 1823/2129/3037 1808/2120/3037
f 1801/2121/3038 1815/2128/3038 1816/2130/3039
f 1794/2108/3040 1673/2131/3040 1809/2132/3040
f 1673/2133/3041 1808/2120/3041 1823/2129/3041
f 1801/2121/3042 1817/2134/3042 1802/2107/3042
f 1795/2109/3043 1809/2132/3044 1810/2135/3043
f 1802/2107/3045 1818/2136/3045 1803/2110/3045
f 1795/2109/3046 1811/2137/3047 1796/2111/3047
f 1804/2112/3048 1818/2136/3048 1819/2138/3048
f 1796/2111/3049 1812/2139/3049 1797/2113/3049
f 1804/2112/3050 1820/2124/3050 1805/2114/3050
f 1798/2115/3051 1812/2139/3051 1813/2140/3051
f 1810/2135/3052 1824/2141/3053 1825/2142/3054
f 1817/2134/3055 1833/2143/3055 1818/2136/3055
f 1810/2135/3056 1826/2144/3057 1811/2137/3057
f 1819/2138/3058 1833/2143/3058 1834/2145/3058
f 1811/2137/3059 1827/2146/3059 1812/2139/3059
f 1819/2138/3060 1835/2147/3060 1820/2124/3060
f 1813/2140/3061 1827/2146/3061 1828/2148/3061
f 1821/2125/3062 1835/2147/3062 1836/2149/3062
f 1813/2140/3063 1829/2150/3063 1814/2126/3063
f 1821/2125/3064 1837/2151/3065 1822/2127/3066
f 1815/2128/3067 1829/2150/3067 1830/2152/3067
f 1822/2127/3068 1838/2153/3068 1823/2129/3068
f 1816/2130/3069 1830/2152/3070 1831/2154/3069
f 1809/2132/3071 1673/2155/3071 1824/2141/3071
f 1673/2156/3072 1823/2129/3072 1838/2153/3072
f 1816/2130/3073 1832/2157/3074 1817/2134/3074
f 1828/2148/3075 1844/2158/3075 1829/2150/3075
f 1836/2149/3076 1852/2159/3077 1837/2151/3077
f 1830/2152/3078 1844/2158/3078 1845/2160/3078
f 1838/2153/3079 1852/2159/3080 1853/2161/3079
f 1831/2154/3081 1845/2160/3081 1846/2162/3081
f 1824/2141/3082 1673/2163/3082 1839/2164/3082
f 1673/2165/3083 1838/2153/3083 1853/2161/3083
f 1831/2154/3084 1847/2166/3084 1832/2157/3084
f 1824/2141/3085 1840/2167/3085 1825/2142/3085
f 1832/2157/3086 1848/2168/3086 1833/2143/3086
f 1826/2144/3087 1840/2167/3088 1841/2169/3087
f 1834/2145/3089 1848/2168/3089 1849/2170/3089
f 1826/2144/3090 1842/2171/3090 1827/2146/3090
f 1835/2147/3091 1849/2170/3091 1850/2172/3091
f 1827/2146/3092 1843/2173/3092 1828/2148/3092
f 1836/2149/3093 1850/2172/3093 1851/2174/3094
f 1847/2166/3095 1863/2175/3095 1848/2168/3095
f 1841/2169/3096 1855/2176/3096 1856/2177/3096
f 1849/2170/3097 1863/2175/3097 1864/2178/3097
f 1841/2169/3098 1857/2179/3099 1842/2171/3099
f 1849/2170/3100 1865/2180/3100 1850/2172/3100
f 1843/2173/3101 1857/2179/3101 1858/2181/3101
f 1851/2174/3102 1865/2180/3102 1866/2182/3103
f 1843/2173/3104 1859/2183/3104 1844/2158/3104
f 1851/2174/3105 1867/2184/3105 1852/2159/3105
f 1845/2160/3106 1859/2183/3106 1860/2185/3106
f 1852/2159/3107 1868/2186/3107 1853/2161/3107
f 1846/2162/3108 1860/2185/3108 1861/2187/3108
f 1839/2164/3109 1673/2188/3109 1854/2189/3109
f 1673/2190/3110 1853/2161/3110 1868/2186/3110
f 1846/2162/3111 1862/2191/3111 1847/2166/3111
f 1840/2167/3112 1854/2189/3112 1855/2176/3112
f 1866/2182/3113 1882/2192/3113 1867/2184/3113
f 1860/2185/3114 1874/2193/3114 1875/2194/3114
f 1868/2186/3115 1882/2192/3115 1883/2195/3115
f 1861/2187/3116 1875/2194/3116 1876/2196/3116
f 1854/2189/3117 1673/2197/3117 1869/2198/3117
f 1673/2199/3118 1868/2186/3118 1883/2195/3118
f 1861/2187/3119 1877/2200/3119 1862/2191/3119
f 1854/2189/3120 1870/2201/3120 1855/2176/3120
f 1862/2191/3121 1878/2202/3121 1863/2175/3121
f 1856/2177/3122 1870/2201/3122 1871/2203/3122
f 1864/2178/3123 1878/2202/3123 1879/2204/3123
f 1856/2177/3124 1872/2205/3124 1857/2179/3124
f 1864/2178/3125 1880/2206/3125 1865/2180/3125
f 1858/2181/3126 1872/2205/3126 1873/2207/3126
f 1866/2182/3127 1880/2206/3127 1881/2208/3127
f 1858/2181/3128 1874/2193/3128 1859/2183/3128
f 1879/2204/3129 1893/2209/3129 1894/2210/3129
f 1871/2203/3130 1887/2211/3130 1872/2205/3130
f 1879/2204/3131 1895/2212/3131 1880/2206/3131
f 1873/2207/3132 1887/2211/3132 1888/2213/3132
f 1881/2208/3133 1895/2212/3133 1896/2214/3133
f 1873/2207/3134 1889/2215/3134 1874/2193/3134
f 1881/2208/3135 1897/2216/3135 1882/2192/3135
f 1875/2194/3136 1889/2215/3136 1890/2217/3136
f 1882/2192/3137 1898/2218/3137 1883/2195/3137
f 1876/2196/3138 1890/2217/3138 1891/2219/3138
f 1869/2198/3139 1673/2220/3139 1884/2221/3139
f 1673/2222/3140 1883/2195/3140 1898/2218/3140
f 1876/2196/3141 1892/2223/3141 1877/2200/3141
f 1870/2201/3142 1884/2221/3142 1885/2224/3142
f 1877/2200/3143 1893/2209/3143 1878/2202/3143
f 1871/2203/3144 1885/2224/3144 1886/2225/3144
f 1898/2218/3145 1897/2216/3145 1673/2226/3145
f 1891/2219/3146 1890/2217/3146 1673/2227/3146
f 1892/2223/3147 1891/2219/3147 1673/2228/3147
f 1885/2224/3148 1884/2221/3148 1673/2229/3148
f 1893/2209/3149 1892/2223/3149 1673/2230/3149
f 1886/2225/3150 1885/2224/3150 1673/2231/3150
f 1894/2210/3151 1893/2209/3151 1673/2232/3151
f 1887/2211/3152 1886/2225/3152 1673/2233/3152
f 1895/2212/3153 1894/2210/3153 1673/2234/3153
f 1888/2213/3154 1887/2211/3154 1673/2235/3154
f 1896/2214/3155 1895/2212/3155 1673/2236/3155
f 1889/2215/3156 1888/2213/3156 1673/2237/3156
f 1897/2216/3157 1896/2214/3157 1673/2238/3157
f 1890/2217/3158 1889/2215/3158 1673/2239/3158
f 1675/1973/2884 1690/2004/3159 1691/1988/2884
f 1684/1979/2885 1683/1975/2885 1698/1989/2885
f 1676/1977/2886 1691/1988/2886 1692/1991/2886
f 1684/1979/2887 1699/1990/2887 1700/1992/2887
f 1678/1985/2888 1677/1981/2888 1692/1991/2888
f 1686/1960/2889 1685/1983/2889 1700/1992/2889
f 1678/1985/2890 1693/1993/2890 1694/1995/2890
f 1687/1961/2891 1686/1960/2891 1701/1994/2891
f 1680/1964/2892 1679/1963/2892 1694/1995/2892
f 1687/1961/2893 1702/1996/2893 1703/1998/2893
f 1681/1968/2894 1680/1964/2894 1695/1997/2894
f 1681/1968/2897 1696/1999/2897 1697/2003/2897
f 1675/1973/2898 1674/1972/2898 1689/2001/2898
f 1682/1970/2899 1697/2003/2899 1698/1989/2899
f 1694/1995/2900 1709/2021/2900 1710/2005/2900
f 1703/1998/2901 1702/1996/2901 1717/2006/2901
f 1696/1999/2902 1695/1997/2902 1710/2005/2902
f 1696/1999/2905 1711/2008/2905 1712/2012/2905
f 1689/2001/2906 1704/2010/2906 1705/2013/2906
f 1697/2003/2907 1712/2012/2907 1713/2014/2907
f 1691/1988/2908 1690/2004/2908 1705/2013/2908
f 1699/1990/2909 1698/1989/3160 1713/2014/2909
f 1691/1988/2910 1706/2015/2910 1707/2017/2910
f 1699/1990/2911 1714/2016/2911 1715/2018/2911
f 1693/1993/2912 1692/1991/2912 1707/2017/2912
f 1701/1994/2913 1700/1992/2913 1715/2018/2913
f 1693/1993/2914 1708/2019/2914 1709/2021/2914
f 1701/1994/2916 1716/2020/2916 1717/2006/2916
f 1713/2014/2917 1728/2037/2917 1729/2022/2917
f 1706/2015/2918 1721/2038/2918 1722/2023/2918
f 1714/2016/2919 1729/2022/2919 1730/2024/2919
f 1708/2019/2920 1707/2017/2920 1722/2023/2920
f 1716/2020/2921 1715/2018/2921 1730/2024/2921
f 1709/2021/2922 1708/2019/2922 1723/2025/2922
f 1717/2006/2923 1716/2020/2923 1731/2026/2923
f 1710/2005/2924 1709/2021/2924 1724/2027/2924
f 1718/2007/2925 1717/2006/2925 1732/2028/2925
f 1711/2008/2926 1710/2005/2926 1725/2029/2926
f 1711/2008/2929 1726/2031/2929 1727/2035/2929
f 1704/2010/2930 1719/2033/2930 1720/2036/2930
f 1712/2012/2931 1727/2035/2931 1728/2037/2931
f 1705/2013/2932 1720/2036/2932 1721/2038/2932
f 1732/2028/2933 1747/2055/2933 1748/2039/2934
f 1726/2031/2935 1725/2029/2935 1740/2040/2935
f 1726/2031/2938 1741/2041/2938 1742/2045/2938
f 1720/2036/2939 1719/2033/2939 1734/2043/2939
f 1727/2035/2940 1742/2045/2940 1743/2047/2940
f 1721/2038/2941 1720/2036/2941 1735/2046/2941
f 1729/2022/2942 1728/2037/2942 1743/2047/2942
f 1721/2038/2943 1736/2048/3161 1737/2050/2943
f 1729/2022/2944 1744/2049/2944 1745/2051/2944
f 1723/2025/2945 1722/2023/2945 1737/2050/2945
f 1731/2026/2946 1730/2024/2946 1745/2051/2946
f 1723/2025/2948 1738/2052/2948 1739/2054/2948
f 1731/2026/2949 1746/2053/2949 1747/2055/2949
f 1725/2029/2950 1724/2027/2950 1739/2054/2950
f 1744/2049/2951 1759/2072/2951 1760/2056/2951
f 1738/2052/2952 1737/2050/2952 1752/2057/2952
f 1745/2051/2953 1760/2056/2953 1761/2059/2953
f 1738/2052/2954 1753/2058/2954 1754/2060/2954
f 1747/2055/2955 1746/2053/2956 1761/2059/2956
f 1740/2040/2957 1739/2054/2957 1754/2060/2957
f 1748/2039/2958 1747/2055/2958 1762/2061/2958
f 1741/2041/2959 1740/2040/2959 1755/2062/2959
f 1741/2041/2962 1756/2064/2962 1757/2068/2962
f 1734/2043/2963 1749/2066/2963 1750/2069/2963
f 1742/2045/2964 1757/2068/2964 1758/2070/2964
f 1735/2046/2965 1750/2069/2965 1751/2071/2965
f 1744/2049/2966 1743/2047/2966 1758/2070/2966
f 1736/2048/2967 1751/2071/2967 1752/2057/2967
f 1756/2064/2970 1771/2089/2970 1772/2077/2970
f 1750/2069/2971 1749/2066/2972 1764/2074/2972
f 1757/2068/2973 1772/2077/2973 1773/2079/2973
f 1751/2071/2974 1750/2069/2974 1765/2078/2974
f 1759/2072/2975 1758/2070/2975 1773/2079/2975
f 1751/2071/2976 1766/2080/2976 1767/2082/2976
f 1759/2072/2977 1774/2081/2977 1775/2083/2977
f 1753/2058/2978 1752/2057/2978 1767/2082/2978
f 1761/2059/2979 1760/2056/2979 1775/2083/2979
f 1753/2058/2980 1768/2084/2980 1769/2086/2980
f 1761/2059/2981 1776/2085/2981 1777/2087/2981
f 1755/2062/2982 1754/2060/2982 1769/2086/2982
f 1762/2061/2983 1777/2087/3162 1778/2076/2984
f 1756/2064/2985 1755/2062/2985 1770/2088/2985
f 1768/2084/2986 1767/2082/2987 1782/2090/2987
f 1776/2085/2988 1775/2083/2988 1790/2092/2988
f 1768/2084/2989 1783/2091/2989 1784/2094/2990
f 1777/2087/2991 1776/2085/2991 1791/2093/2991
f 1770/2088/2992 1769/2086/2993 1784/2094/2993
f 1778/2076/2994 1777/2087/2995 1792/2095/2995
f 1771/2089/2996 1770/2088/2997 1785/2096/2997
f 1771/2089/3000 1786/2098/3000 1787/2102/3001
f 1764/2074/3002 1779/2100/3163 1780/2103/3002
f 1772/2077/3003 1787/2102/3003 1788/2104/3004
f 1765/2078/3005 1780/2103/3005 1781/2105/3005
f 1774/2081/3006 1773/2079/3007 1788/2104/3007
f 1766/2080/3008 1781/2105/3008 1782/2090/3008
f 1774/2081/3009 1789/2106/3009 1790/2092/3010
f 1786/2098/3011 1801/2121/3011 1802/2107/3011
f 1780/2103/3012 1779/2100/3164 1794/2108/3013
f 1787/2102/3014 1802/2107/3014 1803/2110/3014
f 1781/2105/3015 1780/2103/3015 1795/2109/3015
f 1789/2106/3016 1788/2104/3016 1803/2110/3016
f 1782/2090/3017 1781/2105/3017 1796/2111/3017
f 1789/2106/3018 1804/2112/3018 1805/2114/3019
f 1783/2091/3020 1782/2090/3021 1797/2113/3021
f 1790/2092/3022 1805/2114/3022 1806/2116/3022
f 1783/2091/3023 1798/2115/3023 1799/2117/3023
f 1791/2093/3024 1806/2116/3024 1807/2118/3024
f 1785/2096/3025 1784/2094/3025 1799/2117/3025
f 1792/2095/3026 1807/2118/3026 1808/2120/3027
f 1786/2098/3028 1785/2096/3028 1800/2119/3028
f 1806/2116/3031 1805/2114/3031 1820/2124/3031
f 1798/2115/3032 1813/2140/3032 1814/2126/3032
f 1807/2118/3033 1806/2116/3034 1821/2125/3034
f 1800/2119/3035 1799/2117/3035 1814/2126/3035
f 1807/2118/3036 1822/2127/3036 1823/2129/3037
f 1801/2121/3038 1800/2119/3038 1815/2128/3038
f 1801/2121/3042 1816/2130/3165 1817/2134/3042
f 1795/2109/3043 1794/2108/3044 1809/2132/3044
f 1802/2107/3045 1817/2134/3045 1818/2136/3045
f 1795/2109/3046 1810/2135/3046 1811/2137/3047
f 1804/2112/3048 1803/2110/3048 1818/2136/3048
f 1796/2111/3049 1811/2137/3049 1812/2139/3049
f 1804/2112/3050 1819/2138/3050 1820/2124/3050
f 1798/2115/3051 1797/2113/3166 1812/2139/3051
f 1810/2135/3052 1809/2132/3053 1824/2141/3053
f 1817/2134/3055 1832/2157/3055 1833/2143/3055
f 1810/2135/3056 1825/2142/3167 1826/2144/3057
f 1819/2138/3058 1818/2136/3058 1833/2143/3058
f 1811/2137/3059 1826/2144/3059 1827/2146/3059
f 1819/2138/3060 1834/2145/3060 1835/2147/3060
f 1813/2140/3061 1812/2139/3061 1827/2146/3061
f 1821/2125/3062 1820/2124/3062 1835/2147/3062
f 1813/2140/3063 1828/2148/3063 1829/2150/3063
f 1821/2125/3064 1836/2149/3064 1837/2151/3065
f 1815/2128/3067 1814/2126/3067 1829/2150/3067
f 1822/2127/3068 1837/2151/3068 1838/2153/3068
f 1816/2130/3069 1815/2128/3070 1830/2152/3070
f 1816/2130/3073 1831/2154/3073 1832/2157/3074
f 1828/2148/3075 1843/2173/3075 1844/2158/3075
f 1836/2149/3076 1851/2174/3076 1852/2159/3077
f 1830/2152/3078 1829/2150/3078 1844/2158/3078
f 1838/2153/3079 1837/2151/3080 1852/2159/3080
f 1831/2154/3081 1830/2152/3081 1845/2160/3081
f 1831/2154/3084 1846/2162/3084 1847/2166/3084
f 1824/2141/3085 1839/2164/3085 1840/2167/3085
f 1832/2157/3086 1847/2166/3086 1848/2168/3086
f 1826/2144/3087 1825/2142/3088 1840/2167/3088
f 1834/2145/3089 1833/2143/3089 1848/2168/3089
f 1826/2144/3090 1841/2169/3168 1842/2171/3090
f 1835/2147/3091 1834/2145/3091 1849/2170/3091
f 1827/2146/3092 1842/2171/3092 1843/2173/3092
f 1836/2149/3093 1835/2147/3093 1850/2172/3093
f 1847/2166/3095 1862/2191/3095 1863/2175/3095
f 1841/2169/3096 1840/2167/3096 1855/2176/3096
f 1849/2170/3097 1848/2168/3097 1863/2175/3097
f 1841/2169/3098 1856/2177/3098 1857/2179/3099
f 1849/2170/3100 1864/2178/3100 1865/2180/3100
f 1843/2173/3101 1842/2171/3101 1857/2179/3101
f 1851/2174/3102 1850/2172/3102 1865/2180/3102
f 1843/2173/3104 1858/2181/3104 1859/2183/3104
f 1851/2174/3105 1866/2182/3105 1867/2184/3105
f 1845/2160/3106 1844/2158/3106 1859/2183/3106
f 1852/2159/3107 1867/2184/3107 1868/2186/3107
f 1846/2162/3108 1845/2160/3108 1860/2185/3108
f 1846/2162/3111 1861/2187/3111 1862/2191/3111
f 1840/2167/3112 1839/2164/3169 1854/2189/3112
f 1866/2182/3113 1881/2208/3113 1882/2192/3113
f 1860/2185/3114 1859/2183/3114 1874/2193/3114
f 1868/2186/3115 1867/2184/3115 1882/2192/3115
f 1861/2187/3116 1860/2185/3116 1875/2194/3116
f 1861/2187/3119 1876/2196/3119 1877/2200/3119
f 1854/2189/3120 1869/2198/3120 1870/2201/3120
f 1862/2191/3121 1877/2200/3121 1878/2202/3121
f 1856/2177/3122 1855/2176/3122 1870/2201/3122
f 1864/2178/3123 1863/2175/3123 1878/2202/3123
f 1856/2177/3124 1871/2203/3124 1872/2205/3124
f 1864/2178/3125 1879/2204/3125 1880/2206/3125
f 1858/2181/3126 1857/2179/3126 1872/2205/3126
f 1866/2182/3127 1865/2180/3127 1880/2206/3127
f 1858/2181/3128 1873/2207/3128 1874/2193/3128
f 1879/2204/3129 1878/2202/3129 1893/2209/3129
f 1871/2203/3130 1886/2225/3130 1887/2211/3130
f 1879/2204/3131 1894/2210/3131 1895/2212/3131
f 1873/2207/3132 1872/2205/3132 1887/2211/3132
f 1881/2208/3133 1880/2206/3133 1895/2212/3133
f 1873/2207/3134 1888/2213/3134 1889/2215/3134
f 1881/2208/3135 1896/2214/3135 1897/2216/3135
f 1875/2194/3136 1874/2193/3136 1889/2215/3136
f 1882/2192/3137 1897/2216/3170 1898/2218/3137
f 1876/2196/3138 1875/2194/3138 1890/2217/3138
f 1876/2196/3141 1891/2219/3141 1892/2223/3141
f 1870/2201/3142 1869/2198/3171 1884/2221/3142
f 1877/2200/3143 1892/2223/3143 1893/2209/3143
f 1871/2203/3144 1870/2201/3172 1885/2224/3144
o 球.005
v 0.034428 2.133377 -0.438268
v -0.025809 2.378017 0.044144
v -0.043887 2.363823 0.000801
v -0.060548 2.340773 -0.039145
v -0.075152 2.309753 -0.074156
v -0.087137 2.271955 -0.102889
v -0.096042 2.228831 -0.124240
v -0.101526 2.182039 -0.137389
v -0.103378 2.133377 -0.141828
v -0.101526 2.084715 -0.137389
v -0.096042 2.037923 -0.124240
v -0.087137 1.994800 -0.102889
v -0.075152 1.957001 -0.074156
v -0.060548 1.925981 -0.039145
v -0.043887 1.902931 0.000801
v -0.025809 1.888737 0.044143
v -0.021248 2.378017 0.002579
v -0.034940 2.363823 -0.080731
v -0.047559 2.340773 -0.157510
v -0.058620 2.309753 -0.224807
v -0.067696 2.271955 -0.280035
v -0.074442 2.228831 -0.321075
v -0.078595 2.182039 -0.346347
v -0.079998 2.133377 -0.354880
v -0.078595 2.084715 -0.346347
v -0.074442 2.037923 -0.321075
v -0.067696 1.994800 -0.280035
v -0.058620 1.957001 -0.224807
v -0.047559 1.925981 -0.157510
v -0.034940 1.902931 -0.080731
v -0.021248 1.888737 0.002579
v -0.016139 2.378017 -0.035656
v -0.024920 2.363823 -0.155732
v -0.033011 2.340773 -0.266393
v -0.040104 2.309753 -0.363389
v -0.045924 2.271955 -0.442990
v -0.050249 2.228831 -0.502142
v -0.052912 2.182039 -0.538566
v -0.053812 2.133377 -0.550865
v -0.052912 2.084715 -0.538566
v -0.050249 2.037924 -0.502142
v -0.045924 1.994800 -0.442990
v -0.040104 1.957001 -0.363389
v -0.033011 1.925981 -0.266393
v -0.024920 1.902931 -0.155732
v -0.016139 1.888737 -0.035656
v -0.010680 2.378017 -0.069091
v -0.014210 2.363823 -0.221318
v -0.017464 2.340773 -0.361610
v -0.020315 2.309753 -0.484578
v -0.022656 2.271955 -0.585494
v -0.024395 2.228831 -0.660483
v -0.025466 2.182039 -0.706660
v -0.025827 2.133377 -0.722252
v -0.025466 2.084715 -0.706660
v -0.024395 2.037924 -0.660483
v -0.022656 1.994800 -0.585494
v -0.020315 1.957001 -0.484578
v -0.017464 1.925981 -0.361610
v -0.014210 1.902931 -0.221318
v -0.010680 1.888737 -0.069091
v -0.005080 2.378017 -0.096443
v -0.003224 2.363823 -0.274971
v -0.001515 2.340773 -0.439501
v -0.000016 2.309753 -0.583716
v 0.001214 2.271955 -0.702069
v 0.002128 2.228831 -0.790013
v 0.002690 2.182039 -0.844169
v 0.002880 2.133377 -0.862455
v 0.002690 2.084715 -0.844169
v 0.002128 2.037924 -0.790013
v 0.001214 1.994800 -0.702069
v -0.000016 1.957001 -0.583716
v -0.001515 1.925981 -0.439501
v -0.003224 1.902931 -0.274971
v -0.005080 1.888737 -0.096443
v 0.000446 2.378017 -0.116660
v 0.007616 2.363823 -0.314629
v 0.014224 2.340773 -0.497078
v 0.020014 2.309753 -0.656994
v 0.024767 2.271955 -0.788234
v 0.028299 2.228831 -0.885755
v 0.030474 2.182039 -0.945808
v 0.031208 2.133377 -0.966085
v 0.030474 2.084715 -0.945808
v 0.028299 2.037924 -0.885755
v 0.024767 1.994800 -0.788234
v 0.020014 1.957001 -0.656994
v 0.014224 1.925981 -0.497078
v 0.007616 1.902931 -0.314629
v 0.000446 1.888737 -0.116660
v 0.005687 2.378017 -0.128967
v 0.017894 2.363823 -0.338767
v 0.029145 2.340773 -0.532120
v 0.039007 2.309753 -0.701596
v 0.047100 2.271955 -0.840680
v 0.053113 2.228831 -0.944030
v 0.056816 2.182039 -1.007671
v 0.058067 2.133377 -1.029160
v 0.056816 2.084715 -1.007671
v 0.053113 2.037924 -0.944030
v 0.047100 1.994800 -0.840680
v 0.039007 1.957001 -0.701596
v 0.029145 1.925981 -0.532120
v 0.017894 1.902931 -0.338767
v 0.005687 1.888737 -0.128967
v 0.010439 2.378017 -0.132887
v 0.027216 2.363823 -0.346457
v 0.042678 2.340773 -0.543284
v 0.056230 2.309753 -0.715806
v 0.067353 2.271955 -0.857390
v 0.075617 2.228831 -0.962596
v 0.080706 2.182039 -1.027382
v 0.082425 2.133377 -1.049256
v 0.080706 2.084715 -1.027382
v 0.075617 2.037924 -0.962596
v 0.067353 1.994800 -0.857390
v 0.056230 1.957001 -0.715806
v 0.042678 1.925981 -0.543284
v 0.027216 1.902931 -0.346458
v 0.010439 1.888737 -0.132887
v 0.014520 2.378017 -0.128273
v 0.035223 2.363823 -0.337406
v 0.054301 2.340773 -0.530143
v 0.071024 2.309753 -0.699081
v 0.084748 2.271955 -0.837723
v 0.094946 2.228831 -0.940744
v 0.101225 2.182039 -1.004183
v 0.103346 2.133377 -1.025603
v 0.101225 2.084715 -1.004183
v 0.094946 2.037924 -0.940744
v 0.084748 1.994800 -0.837723
v 0.071024 1.957001 -0.699081
v 0.054301 1.925981 -0.530143
v 0.035223 1.902931 -0.337406
v 0.014520 1.888737 -0.128273
v 0.017775 2.378017 -0.115299
v 0.041606 2.363823 -0.311959
v 0.063569 2.340773 -0.493201
v 0.082819 2.309753 -0.652061
v 0.098617 2.271955 -0.782433
v 0.110356 2.228831 -0.879309
v 0.117585 2.182039 -0.938965
v 0.120026 2.133377 -0.959108
v 0.117585 2.084715 -0.938965
v 0.110356 2.037924 -0.879309
v 0.098617 1.994800 -0.782433
v 0.082819 1.957001 -0.652061
v 0.063569 1.925981 -0.493201
v 0.041606 1.902931 -0.311959
v 0.017775 1.888737 -0.115299
v 0.020077 2.378017 -0.094467
v 0.046121 2.363823 -0.271095
v 0.070123 2.340773 -0.433874
v 0.091161 2.309753 -0.576553
v 0.108427 2.271955 -0.693646
v 0.121257 2.228831 -0.780654
v 0.129157 2.182039 -0.834234
v 0.131825 2.133377 -0.852325
v 0.129157 2.084715 -0.834234
v 0.121257 2.037924 -0.780654
v 0.108427 1.994800 -0.693646
v 0.091161 1.957001 -0.576553
v 0.070123 1.925981 -0.433874
v 0.046121 1.902931 -0.271095
v 0.020077 1.888737 -0.094467
v 0.021337 2.378017 -0.066576
v 0.048594 2.363823 -0.216385
v 0.073714 2.340773 -0.354448
v 0.095731 2.309753 -0.475462
v 0.113801 2.271955 -0.574775
v 0.127228 2.228831 -0.648572
v 0.135496 2.182039 -0.694016
v 0.138287 2.133377 -0.709358
v 0.135496 2.084715 -0.694016
v 0.127228 2.037924 -0.648572
v 0.113801 1.994800 -0.574775
v 0.095731 1.957001 -0.475462
v 0.073714 1.925981 -0.354448
v 0.048594 1.902931 -0.216385
v 0.021337 1.888737 -0.066576
v 0.021509 2.378017 -0.032699
v 0.048931 2.363823 -0.149928
v 0.074203 2.340773 -0.257970
v 0.096354 2.309753 -0.352669
v 0.114532 2.271955 -0.430385
v 0.128040 2.228831 -0.488137
v 0.136359 2.182039 -0.523697
v 0.139168 2.133377 -0.535704
v 0.136359 2.084715 -0.523697
v 0.128040 2.037924 -0.488137
v 0.114532 1.994800 -0.430385
v 0.096354 1.957001 -0.352669
v 0.074203 1.925981 -0.257970
v 0.048931 1.902931 -0.149928
v 0.021509 1.888737 -0.032699
v 0.020585 2.378017 0.005866
v 0.047117 2.363823 -0.074284
v 0.071570 2.340773 -0.148150
v 0.093003 2.309753 -0.212896
v 0.110593 2.271955 -0.266030
v 0.123664 2.228831 -0.305513
v 0.131711 2.182039 -0.329825
v 0.134430 2.133377 -0.338034
v 0.131711 2.084715 -0.329825
v 0.123664 2.037923 -0.305513
v 0.110593 1.994800 -0.266030
v 0.093003 1.957001 -0.212896
v 0.071570 1.925981 -0.148150
v 0.047117 1.902931 -0.074284
v 0.020585 1.888737 0.005866
v 0.018600 2.378017 0.047632
v 0.043224 2.363823 0.007645
v 0.065918 2.340773 -0.029210
v 0.085810 2.309753 -0.061512
v 0.102134 2.271955 -0.088021
v 0.114264 2.228831 -0.107719
v 0.121734 2.182039 -0.119850
v 0.124256 2.133377 -0.123946
v 0.121734 2.084715 -0.119850
v 0.114264 2.037923 -0.107719
v 0.102134 1.994800 -0.088021
v 0.085810 1.957001 -0.061512
v 0.065918 1.925981 -0.029210
v 0.043224 1.902931 0.007645
v 0.018600 1.888737 0.047632
vn 0.0769 0.8771 0.4741
vn 0.8741 -0.2236 0.4311
vn -0.2878 0.8682 0.4043
vn 0.9044 -0.0728 0.4204
vn 0.9044 0.0728 0.4204
vn -0.2878 -0.8682 0.4043
vn 0.8741 0.2236 0.4312
vn 0.0769 -0.8771 0.4741
vn 0.8026 0.3895 0.4518
vn 0.4241 -0.7584 0.4950
vn 0.6646 0.5742 0.4781
vn 0.6646 -0.5742 0.4782
vn 0.4241 0.7584 0.4950
vn 0.8026 -0.3894 0.4518
vn -0.7361 0.6721 -0.0808
vn -0.7361 0.6720 -0.0808
vn -0.9622 -0.2510 -0.1056
vn -0.8557 0.5089 -0.0939
vn -0.8557 0.5088 -0.0939
vn -0.9235 -0.3699 -0.1014
vn -0.9235 0.3699 -0.1014
vn -0.8557 -0.5089 -0.0939
vn -0.9622 0.2510 -0.1056
vn -0.7361 -0.6720 -0.0808
vn -0.7361 -0.6721 -0.0808
vn -0.9834 0.1456 -0.1079
vn -0.5270 -0.8479 -0.0578
vn -0.9929 0.0477 -0.1090
vn 0.9936 0.0296 0.1090
vn 0.9936 -0.0296 0.1090
vn -0.9929 -0.0477 -0.1090
vn -0.5270 0.8479 -0.0578
vn -0.9834 -0.1456 -0.1079
vn -0.9788 0.1575 -0.1308
vn -0.4953 -0.8662 -0.0662
vn -0.9899 0.0517 -0.1323
vn 0.9911 -0.0131 0.1324
vn 0.9911 0.0131 0.1324
vn -0.9899 -0.0517 -0.1323
vn -0.4953 0.8662 -0.0662
vn -0.9788 -0.1575 -0.1308
vn -0.7066 0.7013 -0.0944
vn -0.9542 -0.2706 -0.1275
vn -0.8346 0.5395 -0.1115
vn -0.9101 -0.3962 -0.1216
vn -0.9101 0.3962 -0.1216
vn -0.8346 -0.5395 -0.1115
vn -0.9542 0.2706 -0.1275
vn -0.7066 -0.7013 -0.0944
vn -0.9400 -0.3048 -0.1535
vn -0.7973 0.5894 -0.1302
vn -0.8858 -0.4410 -0.1446
vn -0.8858 0.4410 -0.1446
vn -0.7973 -0.5894 -0.1302
vn -0.9400 0.3048 -0.1535
vn -0.6573 -0.7460 -0.1073
vn -0.9710 0.1787 -0.1586
vn -0.4461 -0.8920 -0.0728
vn -0.4460 -0.8920 -0.0728
vn -0.9852 0.0589 -0.1609
vn 0.9851 -0.0611 0.1608
vn 0.9851 0.0611 0.1608
vn -0.9852 -0.0589 -0.1609
vn -0.4461 0.8920 -0.0728
vn -0.4460 0.8920 -0.0728
vn -0.9710 -0.1787 -0.1586
vn -0.6573 0.7460 -0.1073
vn -0.3775 -0.9228 -0.0773
vn -0.9772 0.0714 -0.2001
vn 0.9725 -0.1212 0.1991
vn 0.9725 0.1212 0.1991
vn -0.9772 -0.0714 -0.2001
vn -0.3775 0.9228 -0.0773
vn -0.9567 -0.2152 -0.1959
vn -0.5806 0.8055 -0.1189
vn -0.9132 -0.3620 -0.1870
vn -0.7335 0.6628 -0.1502
vn -0.8415 -0.5121 -0.1723
vn -0.8415 0.5121 -0.1723
vn -0.7335 -0.6628 -0.1502
vn -0.9132 0.3620 -0.1870
vn -0.5806 -0.8055 -0.1189
vn -0.9567 0.2152 -0.1959
vn -0.7554 -0.6219 -0.2065
vn -0.7554 0.6219 -0.2065
vn -0.6239 -0.7627 -0.1705
vn -0.8568 0.4594 -0.2342
vn -0.4664 -0.8754 -0.1275
vn -0.9256 0.2817 -0.2530
vn -0.2885 -0.9542 -0.0789
vn -0.9603 0.0949 -0.2625
vn 0.9435 -0.2080 0.2579
vn 0.9435 0.2080 0.2579
vn -0.9603 -0.0949 -0.2625
vn -0.2885 0.9542 -0.0789
vn -0.9255 -0.2817 -0.2530
vn -0.4664 0.8754 -0.1275
vn -0.8568 -0.4594 -0.2342
vn -0.6239 0.7627 -0.1705
vn 0.8579 -0.3611 0.3654
vn 0.8579 0.3611 0.3654
vn -0.9100 -0.1477 -0.3875
vn -0.1805 0.9806 -0.0768
vn -0.1804 0.9806 -0.0768
vn -0.8358 -0.4179 -0.3559
vn -0.8359 -0.4179 -0.3559
vn -0.3058 0.9431 -0.1302
vn -0.7147 -0.6297 -0.3043
vn -0.4379 0.8795 -0.1865
vn -0.5763 -0.7795 -0.2454
vn -0.5763 0.7796 -0.2454
vn -0.4379 -0.8795 -0.1865
vn -0.7147 0.6297 -0.3043
vn -0.3058 -0.9431 -0.1302
vn -0.8359 0.4179 -0.3559
vn -0.1805 -0.9806 -0.0768
vn -0.1804 -0.9806 -0.0768
vn -0.9100 0.1477 -0.3875
vn -0.2209 0.9378 -0.2677
vn -0.1539 -0.9703 -0.1866
vn -0.3144 0.8694 -0.3811
vn -0.1020 -0.9871 -0.1236
vn -0.4503 0.7067 -0.5458
vn -0.0584 -0.9958 -0.0708
vn -0.6054 0.3085 -0.7337
vn 0.4730 -0.6691 0.5732
vn 0.4730 0.6691 0.5732
vn -0.6054 -0.3085 -0.7337
vn -0.0584 0.9958 -0.0708
vn -0.4503 -0.7067 -0.5458
vn -0.1020 0.9871 -0.1236
vn -0.3144 -0.8694 -0.3811
vn -0.1539 0.9703 -0.1866
vn -0.2209 -0.9378 -0.2677
vn 0.7125 -0.3085 -0.6302
vn 0.0687 0.9958 -0.0608
vn 0.5300 -0.7067 -0.4688
vn 0.1200 0.9871 -0.1062
vn 0.3701 -0.8694 -0.3273
vn 0.1812 0.9703 -0.1602
vn 0.2600 -0.9378 -0.2300
vn 0.2600 0.9378 -0.2299
vn 0.1812 -0.9703 -0.1602
vn 0.1811 -0.9703 -0.1602
vn 0.3701 0.8694 -0.3273
vn 0.1200 -0.9871 -0.1062
vn 0.5300 0.7067 -0.4688
vn 0.0687 -0.9958 -0.0608
vn 0.7125 0.3085 -0.6302
vn -0.5567 -0.6691 0.4923
vn -0.5567 0.6691 0.4923
vn 0.4616 -0.8795 -0.1158
vn 0.7535 0.6297 -0.1890
vn 0.3224 -0.9431 -0.0809
vn 0.8812 0.4179 -0.2210
vn 0.1902 -0.9806 -0.0477
vn 0.9593 0.1477 -0.2406
vn -0.9045 -0.3611 0.2269
vn -0.9045 0.3611 0.2269
vn 0.9593 -0.1477 -0.2406
vn 0.1902 0.9806 -0.0477
vn 0.1903 0.9806 -0.0477
vn 0.8812 -0.4179 -0.2210
vn 0.3224 0.9431 -0.0809
vn 0.7535 -0.6297 -0.1890
vn 0.4616 0.8795 -0.1158
vn 0.6075 -0.7795 -0.1524
vn 0.6075 0.7796 -0.1524
vn 0.2973 0.9542 -0.0328
vn 0.9537 -0.2817 -0.1054
vn 0.4805 0.8754 -0.0531
vn 0.4806 0.8754 -0.0531
vn 0.8828 -0.4594 -0.0975
vn 0.6429 0.7627 -0.0710
vn 0.7783 -0.6219 -0.0860
vn 0.7783 0.6219 -0.0860
vn 0.6429 -0.7627 -0.0710
vn 0.8828 0.4594 -0.0975
vn 0.4806 -0.8753 -0.0531
vn 0.4805 -0.8754 -0.0531
vn 0.9537 0.2817 -0.1054
vn 0.2973 -0.9542 -0.0328
vn 0.9895 0.0949 -0.1093
vn -0.9722 -0.2080 0.1074
vn -0.9722 0.2080 0.1074
vn 0.9895 -0.0949 -0.1093
vn 0.9312 0.3620 -0.0421
vn 0.5920 -0.8055 -0.0268
vn 0.9756 0.2152 -0.0441
vn 0.3849 -0.9228 -0.0174
vn 0.9964 0.0714 -0.0450
vn -0.9916 -0.1212 0.0448
vn -0.9916 0.1212 0.0448
vn 0.9964 -0.0714 -0.0450
vn 0.9964 -0.0714 -0.0451
vn 0.3849 0.9228 -0.0174
vn 0.9756 -0.2152 -0.0441
vn 0.5920 0.8055 -0.0268
vn 0.9312 -0.3620 -0.0421
vn 0.7480 0.6628 -0.0338
vn 0.8580 -0.5121 -0.0388
vn 0.8580 0.5121 -0.0388
vn 0.7480 -0.6628 -0.0338
vn 0.9839 -0.1787 -0.0050
vn 0.6660 0.7460 -0.0034
vn 0.9524 -0.3048 -0.0048
vn 0.8078 0.5894 -0.0041
vn 0.8975 -0.4410 -0.0045
vn 0.8975 0.4410 -0.0045
vn 0.8078 -0.5894 -0.0041
vn 0.9524 0.3048 -0.0048
vn 0.6660 -0.7460 -0.0034
vn 0.9839 0.1787 -0.0050
vn 0.4520 -0.8920 -0.0023
vn 0.9983 0.0589 -0.0051
vn -0.9981 -0.0611 0.0051
vn -0.9981 0.0611 0.0051
vn 0.9983 -0.0589 -0.0051
vn 0.9983 -0.0588 -0.0051
vn 0.4520 0.8920 -0.0023
vn 0.4519 0.8920 -0.0023
vn 0.7127 -0.7013 0.0171
vn 0.9872 0.1575 0.0237
vn 0.4996 -0.8662 0.0120
vn 0.4995 -0.8662 0.0120
vn 0.9984 0.0517 0.0239
vn -0.9996 -0.0131 -0.0240
vn -0.9996 0.0131 -0.0240
vn 0.9984 -0.0517 0.0239
vn 0.4996 0.8662 0.0120
vn 0.9872 -0.1575 0.0237
vn 0.7127 0.7013 0.0171
vn 0.9624 -0.2706 0.0231
vn 0.8417 0.5395 0.0202
vn 0.8418 0.5395 0.0202
vn 0.9179 -0.3962 0.0220
vn 0.9179 0.3962 0.0220
vn 0.8417 -0.5395 0.0202
vn 0.9624 0.2706 0.0231
vn 0.9669 -0.2510 0.0459
vn 0.8599 0.5089 0.0409
vn 0.9280 -0.3699 0.0441
vn 0.9280 0.3699 0.0441
vn 0.8599 -0.5089 0.0409
vn 0.9669 0.2510 0.0459
vn 0.9669 0.2510 0.0460
vn 0.7397 -0.6720 0.0351
vn 0.7397 -0.6720 0.0352
vn 0.7397 -0.6721 0.0351
vn 0.9882 0.1456 0.0470
vn 0.5296 -0.8479 0.0252
vn 0.9977 0.0477 0.0474
vn -0.9984 0.0296 -0.0475
vn -0.9984 -0.0296 -0.0475
vn 0.9977 -0.0477 0.0474
vn 0.5296 0.8479 0.0252
vn 0.9882 -0.1456 0.0470
vn 0.7397 0.6721 0.0351
vn 0.7397 0.6721 0.0352
vn 0.2211 0.8682 0.4443
vn -0.9590 -0.0728 0.2741
vn -0.9590 0.0728 0.2741
vn 0.2211 -0.8682 0.4443
vn -0.9307 0.2236 0.2894
vn -0.1499 -0.8771 0.4563
vn -0.8633 0.3895 0.3210
vn -0.4962 -0.7584 0.4227
vn -0.7311 0.5742 0.3685
vn -0.7311 -0.5742 0.3685
vn -0.4962 0.7584 0.4227
vn -0.8633 -0.3895 0.3210
vn -0.1499 0.8771 0.4563
vn -0.9307 -0.2236 0.2894
vn 0.1811 0.9703 -0.1602
vn 0.1903 -0.9806 -0.0477
vn 0.8812 -0.4180 -0.2210
vn 0.8975 0.4410 -0.0046
vn 0.4519 -0.8920 -0.0023
vn 0.9983 0.0588 -0.0051
vn 0.4995 0.8662 0.0120
vn 0.9669 -0.2510 0.0460
vt 0.913893 0.217052
vt 0.967441 0.134081
vt 0.976965 0.129583
vt 0.923444 0.210945
vt 0.909893 0.147754
vt 0.918536 0.150076
vt 0.905580 0.242756
vt 0.988743 0.123902
vt 0.925567 0.208646
vt 0.927142 0.150885
vt 0.934100 0.208418
vt 0.935660 0.149275
vt 0.957835 0.242756
vt 0.862589 0.129454
vt 0.875072 0.134167
vt 0.936920 0.210210
vt 0.944008 0.146099
vt 0.947080 0.217404
vt 0.885161 0.137881
vt 0.928458 0.201276
vt 0.951552 0.143613
vt 0.932317 0.201509
vt 0.893039 0.140914
vt 0.936310 0.222277
vt 0.959976 0.137768
vt 0.924911 0.223670
vt 0.902071 0.145990
vt 0.926847 0.200806
vt 0.930883 0.201688
vt 0.904564 0.128965
vt 0.931623 0.128151
vt 0.935174 0.128120
vt 0.911269 0.128971
vt 0.940928 0.127605
vt 0.917109 0.128998
vt 0.947617 0.127002
vt 0.920645 0.128700
vt 0.960310 0.125260
vt 0.923367 0.128377
vt 0.977688 0.122482
vt 0.925909 0.128319
vt 0.977436 0.036078
vt 0.873696 0.127015
vt 0.868541 0.042697
vt 0.928435 0.128270
vt 0.891578 0.128318
vt 0.925082 0.122732
vt 0.948515 0.123064
vt 0.969094 0.121267
vt 0.925826 0.122624
vt 0.959752 0.049986
vt 0.882254 0.125040
vt 0.886399 0.053975
vt 0.926575 0.122662
vt 0.903322 0.125072
vt 0.927589 0.122832
vt 0.913792 0.124413
vt 0.929528 0.122993
vt 0.919143 0.123763
vt 0.932663 0.123197
vt 0.922197 0.123265
vt 0.938100 0.123356
vt 0.924049 0.122927
vt 0.927203 0.121308
vt 0.922470 0.121829
vt 0.929125 0.121553
vt 0.924321 0.121442
vt 0.932934 0.121743
vt 0.925027 0.121181
vt 0.941764 0.121678
vt 0.925480 0.121053
vt 0.962999 0.120414
vt 0.925756 0.121008
vt 0.945291 0.064005
vt 0.888369 0.123637
vt 0.902308 0.066956
vt 0.926034 0.121029
vt 0.910095 0.123058
vt 0.926495 0.121115
vt 0.918832 0.122331
vt 0.958084 0.119617
vt 0.925639 0.120564
vt 0.925736 0.120546
vt 0.942785 0.063637
vt 0.893295 0.122392
vt 0.904780 0.066454
vt 0.925834 0.120555
vt 0.914199 0.121878
vt 0.926022 0.120590
vt 0.921224 0.121383
vt 0.926417 0.120671
vt 0.924015 0.120996
vt 0.927461 0.120834
vt 0.925071 0.120727
vt 0.930469 0.121000
vt 0.925454 0.120615
vt 0.937613 0.120858
vt 0.926788 0.120521
vt 0.924697 0.120611
vt 0.925378 0.120498
vt 0.928916 0.120552
vt 0.925607 0.120452
vt 0.935626 0.120415
vt 0.925690 0.120428
vt 0.955610 0.119183
vt 0.925730 0.120421
vt 0.925400 0.082567
vt 0.895750 0.121744
vt 0.923111 0.083041
vt 0.925770 0.120424
vt 0.916076 0.121290
vt 0.925856 0.120441
vt 0.922528 0.120870
vt 0.926088 0.120468
vt 0.918080 0.079063
vt 0.897222 0.121147
vt 0.930083 0.079065
vt 0.954112 0.118718
vt 0.925749 0.120388
vt 0.917186 0.120814
vt 0.925799 0.120393
vt 0.923092 0.120605
vt 0.925965 0.120399
vt 0.924965 0.120445
vt 0.926498 0.120378
vt 0.925495 0.120419
vt 0.928352 0.120350
vt 0.925659 0.120399
vt 0.934439 0.120019
vt 0.925708 0.120389
vt 0.925728 0.120386
vt 0.925031 0.120361
vt 0.925525 0.120383
vt 0.926424 0.120299
vt 0.928182 0.120192
vt 0.925670 0.120378
vt 0.934118 0.119724
vt 0.925713 0.120378
vt 0.953655 0.118307
vt 0.925728 0.120376
vt 0.888205 0.082265
vt 0.897649 0.120694
vt 0.959815 0.079671
vt 0.925744 0.120376
vt 0.917472 0.120501
vt 0.925786 0.120373
vt 0.923250 0.120427
vt 0.925931 0.120365
vt 0.925748 0.120364
vt 0.897216 0.120251
vt 0.917175 0.120194
vt 0.925798 0.120353
vt 0.923099 0.120265
vt 0.925956 0.120322
vt 0.924960 0.120281
vt 0.926487 0.120212
vt 0.925497 0.120342
vt 0.928316 0.120019
vt 0.925657 0.120359
vt 0.934399 0.119379
vt 0.925708 0.120366
vt 0.954044 0.117836
vt 0.925728 0.120366
vt 0.888909 0.159145
vt 0.965381 0.155381
vt 0.926746 0.120043
vt 0.928874 0.119696
vt 0.925605 0.120307
vt 0.935574 0.118792
vt 0.925686 0.120327
vt 0.955303 0.117260
vt 0.925726 0.120331
vt 0.917111 0.156838
vt 0.895891 0.119771
vt 0.937488 0.155283
vt 0.925766 0.120323
vt 0.916033 0.119741
vt 0.925845 0.120297
vt 0.922505 0.119991
vt 0.926071 0.120214
vt 0.924688 0.120136
vt 0.925372 0.120246
vt 0.893475 0.119189
vt 0.913536 0.119031
vt 0.925968 0.120110
vt 0.921182 0.119479
vt 0.926372 0.119951
vt 0.924038 0.119804
vt 0.927361 0.119652
vt 0.925049 0.120011
vt 0.930185 0.119050
vt 0.925466 0.120133
vt 0.937662 0.118005
vt 0.925623 0.120184
vt 0.957601 0.116509
vt 0.925720 0.120197
vt 0.925748 0.157466
vt 0.929286 0.156117
vt 0.925816 0.120175
vt 0.925094 0.119577
vt 0.941199 0.116765
vt 0.925444 0.119688
vt 0.962187 0.115061
vt 0.925698 0.119718
vt 0.941772 0.173813
vt 0.888773 0.118121
vt 0.914064 0.174772
vt 0.925949 0.119665
vt 0.909913 0.118083
vt 0.926288 0.119522
vt 0.918589 0.118505
vt 0.927046 0.119213
vt 0.922385 0.119018
vt 0.928953 0.118708
vt 0.924311 0.119341
vt 0.932649 0.117883
vt 0.927203 0.117711
vt 0.903159 0.116348
vt 0.913524 0.116580
vt 0.929053 0.117255
vt 0.919225 0.117105
vt 0.931899 0.116547
vt 0.922133 0.117564
vt 0.937507 0.115562
vt 0.924018 0.117855
vt 0.947778 0.114485
vt 0.924904 0.118045
vt 0.967863 0.113416
vt 0.925625 0.118092
vt 0.943916 0.172960
vt 0.882972 0.116948
vt 0.911829 0.174161
vt 0.926338 0.117981
vt 0.957843 0.110748
vt 0.920554 0.112260
vt 0.923109 0.112416
vt 0.976699 0.110036
vt 0.925378 0.112415
vt 0.962029 0.202688
vt 0.873856 0.114293
vt 0.896353 0.205017
vt 0.927638 0.112222
vt 0.892791 0.113445
vt 0.930166 0.111850
vt 0.903603 0.112716
vt 0.934225 0.111507
vt 0.911831 0.112130
vt 0.938817 0.110993
vt 0.916473 0.112260
vt 0.947047 0.110907
vt 0.939210 0.092244
vt 0.947966 0.094903
vt 0.893679 0.099171
vt 0.955804 0.096619
vt 0.901371 0.096814
vt 0.965815 0.101292
vt 0.909895 0.093447
vt 0.974677 0.103871
vt 0.917317 0.092584
vt 0.986207 0.106460
vt 0.924540 0.092340
vt 0.961642 0.201290
vt 0.864057 0.111503
vt 0.896600 0.203686
vt 0.931753 0.091992
vt 0.875395 0.107958
vt 0.884052 0.104651
vt 0.888659 0.018871
vt 0.926119 0.044054
vt 0.919017 0.044377
vt 0.954549 0.015712
vt 0.916268 0.043498
vt 0.936587 0.035453
vt 0.919809 0.029110
vt 0.932761 0.012856
vt 0.913470 0.042540
vt 0.931551 0.041654
vt 0.910007 0.013950
vt 0.924129 0.028849
vt 0.908048 0.036882
vt 0.928791 0.042912
s 1
usemtl honMaguro
f 1899/2240/3173 1912/2241/3173 1913/2242/3173
f 1899/2243/3174 1905/2244/3174 1906/2245/3174
f 1899/2246/3175 1913/2242/3175 1914/2247/3175
f 1899/2248/3176 1906/2245/3176 1907/2249/3176
f 1899/2250/3177 1907/2249/3177 1908/2251/3177
f 1899/2252/3178 1900/2253/3178 1901/2254/3178
f 1899/2255/3179 1908/2251/3179 1909/2256/3179
f 1899/2257/3180 1901/2254/3180 1902/2258/3180
f 1899/2259/3181 1909/2256/3181 1910/2260/3181
f 1899/2261/3182 1902/2258/3182 1903/2262/3182
f 1899/2263/3183 1910/2260/3183 1911/2264/3183
f 1899/2265/3184 1903/2262/3184 1904/2266/3184
f 1899/2267/3185 1911/2264/3185 1912/2241/3185
f 1899/2268/3186 1904/2266/3186 1905/2244/3186
f 1901/2254/3187 1917/2269/3187 1902/2258/3188
f 1910/2260/3189 1924/2270/3189 1925/2271/3189
f 1902/2258/3190 1918/2272/3191 1903/2262/3190
f 1910/2260/3192 1926/2273/3192 1911/2264/3192
f 1904/2266/3193 1918/2272/3193 1919/2274/3193
f 1912/2241/3194 1926/2273/3194 1927/2275/3194
f 1904/2266/3195 1920/2276/3195 1905/2244/3195
f 1913/2242/3196 1927/2275/3196 1928/2277/3197
f 1906/2245/3198 1920/2276/3198 1921/2278/3198
f 1913/2242/3199 1929/2279/3199 1914/2247/3199
f 1907/2249/3200 1921/2278/3200 1922/2280/3200
f 1900/2253/3201 1899/2281/3201 1915/2282/3201
f 1899/2283/3202 1914/2247/3202 1929/2279/3202
f 1907/2249/3203 1923/2284/3203 1908/2251/3203
f 1901/2254/3204 1915/2282/3204 1916/2285/3204
f 1908/2251/3205 1924/2270/3205 1909/2256/3205
f 1920/2276/3206 1936/2286/3206 1921/2278/3206
f 1929/2279/3207 1943/2287/3207 1944/2288/3207
f 1922/2280/3208 1936/2286/3208 1937/2289/3208
f 1915/2282/3209 1899/2290/3209 1930/2291/3209
f 1899/2292/3210 1929/2279/3210 1944/2288/3210
f 1922/2280/3211 1938/2293/3211 1923/2284/3211
f 1915/2282/3212 1931/2294/3212 1916/2285/3212
f 1923/2284/3213 1939/2295/3213 1924/2270/3213
f 1917/2269/3214 1931/2294/3214 1932/2296/3214
f 1925/2271/3215 1939/2295/3215 1940/2297/3215
f 1917/2269/3216 1933/2298/3216 1918/2272/3216
f 1925/2271/3217 1941/2299/3217 1926/2273/3217
f 1919/2274/3218 1933/2298/3218 1934/2300/3218
f 1927/2275/3219 1941/2299/3219 1942/2301/3219
f 1919/2274/3220 1935/2302/3220 1920/2276/3220
f 1927/2275/3221 1943/2287/3221 1928/2277/3221
f 1939/2295/3222 1955/2303/3222 1940/2297/3222
f 1932/2296/3223 1948/2304/3223 1933/2298/3223
f 1940/2297/3224 1956/2305/3224 1941/2299/3224
f 1934/2300/3225 1948/2304/3225 1949/2306/3225
f 1942/2301/3226 1956/2305/3226 1957/2307/3226
f 1935/2302/3227 1949/2306/3227 1950/2308/3227
f 1943/2287/3228 1957/2307/3228 1958/2309/3228
f 1936/2286/3229 1950/2308/3229 1951/2310/3229
f 1944/2288/3230 1958/2309/3231 1959/2311/3230
f 1937/2289/3232 1951/2310/3232 1952/2312/3232
f 1930/2291/3233 1899/2313/3233 1945/2314/3233
f 1899/2315/3234 1944/2288/3234 1959/2311/3234
f 1937/2289/3235 1953/2316/3235 1938/2293/3235
f 1930/2291/3236 1946/2317/3237 1931/2294/3237
f 1938/2293/3238 1954/2318/3238 1939/2295/3238
f 1931/2294/3239 1947/2319/3239 1932/2296/3239
f 1958/2309/3240 1974/2320/3240 1959/2311/3240
f 1952/2312/3241 1966/2321/3241 1967/2322/3241
f 1945/2314/3242 1899/2323/3242 1960/2324/3242
f 1899/2325/3243 1959/2311/3243 1974/2320/3243
f 1952/2312/3244 1968/2326/3244 1953/2316/3244
f 1946/2317/3245 1960/2324/3245 1961/2327/3245
f 1953/2316/3246 1969/2328/3246 1954/2318/3246
f 1947/2319/3247 1961/2327/3247 1962/2329/3247
f 1955/2303/3248 1969/2328/3248 1970/2330/3248
f 1947/2319/3249 1963/2331/3249 1948/2304/3249
f 1955/2303/3250 1971/2332/3250 1956/2305/3250
f 1949/2306/3251 1963/2331/3251 1964/2333/3251
f 1957/2307/3252 1971/2332/3252 1972/2334/3252
f 1949/2306/3253 1965/2335/3253 1950/2308/3253
f 1957/2307/3254 1973/2336/3254 1958/2309/3254
f 1951/2310/3255 1965/2335/3255 1966/2321/3255
f 1970/2330/3256 1986/2337/3256 1971/2332/3256
f 1964/2333/3257 1978/2338/3257 1979/2339/3257
f 1971/2332/3258 1987/2340/3258 1972/2334/3258
f 1964/2333/3259 1980/2341/3259 1965/2335/3259
f 1973/2336/3260 1987/2340/3260 1988/2342/3260
f 1966/2321/3261 1980/2341/3261 1981/2343/3261
f 1974/2320/3262 1988/2342/3262 1989/2344/3262
f 1967/2322/3263 1981/2343/3263 1982/2345/3263
f 1960/2324/3264 1899/2346/3264 1975/2347/3264
f 1899/2348/3265 1974/2320/3265 1989/2344/3265
f 1967/2322/3266 1983/2349/3266 1968/2326/3266
f 1960/2324/3267 1976/2350/3267 1961/2327/3267
f 1968/2326/3268 1984/2351/3268 1969/2328/3268
f 1961/2327/3269 1977/2352/3269 1962/2329/3269
f 1970/2330/3270 1984/2351/3270 1985/2353/3270
f 1962/2329/3271 1978/2338/3271 1963/2331/3271
f 1975/2347/3272 1899/2354/3272 1990/2355/3272
f 1899/2356/3273 1989/2344/3273 2004/2357/3273
f 1982/2345/3274 1998/2358/3274 1983/2349/3274
f 1976/2350/3275 1990/2355/3276 1991/2359/3275
f 1983/2349/3277 1999/2360/3278 1984/2351/3278
f 1977/2352/3279 1991/2359/3279 1992/2361/3279
f 1985/2353/3280 1999/2360/3280 2000/2362/3280
f 1977/2352/3281 1993/2363/3281 1978/2338/3281
f 1985/2353/3282 2001/2364/3282 1986/2337/3282
f 1979/2339/3283 1993/2363/3283 1994/2365/3283
f 1987/2340/3284 2001/2364/3284 2002/2366/3284
f 1979/2339/3285 1995/2367/3285 1980/2341/3285
f 1987/2340/3286 2003/2368/3286 1988/2342/3286
f 1981/2343/3287 1995/2367/3287 1996/2369/3287
f 1988/2342/3288 2004/2357/3289 1989/2344/3289
f 1982/2345/3290 1996/2369/3290 1997/2370/3290
f 1994/2365/3291 2008/2371/3291 2009/2372/3291
f 2002/2366/3292 2016/2373/3292 2017/2374/3292
f 1994/2365/3293 2010/2375/3293 1995/2367/3293
f 2003/2368/3294 2017/2374/3294 2018/2376/3294
f 1996/2369/3295 2010/2375/3295 2011/2377/3295
f 2004/2357/3296 2018/2376/3296 2019/2378/3296
f 1997/2370/3297 2011/2377/3297 2012/2379/3297
f 1990/2355/3298 1899/2380/3298 2005/2381/3298
f 1899/2382/3299 2004/2357/3299 2019/2378/3299
f 1997/2370/3300 2013/2383/3300 1998/2358/3300
f 1990/2355/3301 2006/2384/3301 1991/2359/3301
f 1998/2358/3302 2014/2385/3302 1999/2360/3302
f 1991/2359/3303 2007/2386/3303 1992/2361/3303
f 2000/2362/3304 2014/2385/3304 2015/2387/3304
f 1992/2361/3305 2008/2371/3305 1993/2363/3305
f 2000/2362/3306 2016/2373/3306 2001/2364/3306
f 2012/2379/3307 2028/2388/3307 2013/2383/3307
f 2006/2384/3308 2020/2389/3308 2021/2390/3308
f 2013/2383/3309 2029/2391/3309 2014/2385/3309
f 2007/2386/3310 2021/2390/3310 2022/2392/3310
f 2015/2387/3311 2029/2391/3311 2030/2393/3311
f 2008/2371/3312 2022/2392/3312 2023/2394/3312
f 2015/2387/3313 2031/2395/3313 2016/2373/3313
f 2009/2372/3314 2023/2394/3314 2024/2396/3314
f 2016/2373/3315 2032/2397/3316 2017/2374/3316
f 2009/2372/3317 2025/2398/3317 2010/2375/3317
f 2017/2374/3318 2033/2399/3318 2018/2376/3318
f 2011/2377/3319 2025/2398/3319 2026/2400/3319
f 2018/2376/3320 2034/2401/3320 2019/2378/3320
f 2012/2379/3321 2026/2400/3321 2027/2402/3321
f 2005/2381/3322 1899/2403/3322 2020/2389/3322
f 1899/2404/3323 2019/2378/3323 2034/2401/3323
f 2032/2397/3324 2046/2405/3324 2047/2406/3324
f 2024/2396/3325 2040/2407/3325 2025/2398/3325
f 2033/2399/3326 2047/2406/3326 2048/2408/3326
f 2026/2400/3327 2040/2407/3327 2041/2409/3327
f 2033/2399/3328 2049/2410/3328 2034/2401/3328
f 2027/2402/3329 2041/2409/3329 2042/2411/3329
f 2020/2389/3330 1899/2412/3330 2035/2413/3330
f 1899/2414/3331 2034/2401/3331 2049/2410/3331
f 2027/2402/3332 2043/2415/3332 2028/2388/3332
f 2021/2390/3333 2035/2413/3333 2036/2416/3334
f 2028/2388/3335 2044/2417/3335 2029/2391/3335
f 2021/2390/3336 2037/2418/3336 2022/2392/3336
f 2030/2393/3337 2044/2417/3337 2045/2419/3337
f 2022/2392/3338 2038/2420/3338 2023/2394/3338
f 2030/2393/3339 2046/2405/3339 2031/2395/3339
f 2024/2396/3340 2038/2420/3340 2039/2421/3340
f 2036/2416/3341 2050/2422/3341 2051/2423/3341
f 2043/2415/3342 2059/2424/3342 2044/2417/3342
f 2036/2416/3343 2052/2425/3344 2037/2418/3344
f 2045/2419/3345 2059/2424/3345 2060/2426/3345
f 2037/2418/3346 2053/2427/3346 2038/2420/3346
f 2045/2419/3347 2061/2428/3347 2046/2405/3347
f 2039/2421/3348 2053/2427/3348 2054/2429/3348
f 2047/2406/3349 2061/2428/3349 2062/2430/3349
f 2039/2421/3350 2055/2431/3350 2040/2407/3350
f 2047/2406/3351 2063/2432/3352 2048/2408/3352
f 2041/2409/3353 2055/2431/3353 2056/2433/3353
f 2048/2408/3354 2064/2434/3354 2049/2410/3354
f 2042/2411/3355 2056/2433/3355 2057/2435/3355
f 2035/2413/3356 1899/2436/3356 2050/2422/3356
f 1899/2437/3357 2049/2410/3357 2064/2434/3357
f 2042/2411/3358 2058/2438/3358 2043/2415/3358
f 2054/2429/3359 2070/2439/3359 2055/2431/3359
f 2062/2430/3360 2078/2440/3360 2063/2432/3360
f 2056/2433/3361 2070/2439/3361 2071/2441/3361
f 2064/2434/3362 2078/2440/3362 2079/2442/3362
f 2057/2435/3363 2071/2441/3363 2072/2443/3363
f 2050/2422/3364 1899/2444/3364 2065/2445/3364
f 1899/2446/3365 2064/2434/3365 2079/2442/3365
f 2057/2435/3366 2073/2447/3366 2058/2438/3367
f 2050/2422/3368 2066/2448/3368 2051/2423/3368
f 2058/2438/3369 2074/2449/3369 2059/2424/3369
f 2052/2425/3370 2066/2448/3370 2067/2450/3370
f 2060/2426/3371 2074/2449/3371 2075/2451/3371
f 2052/2425/3372 2068/2452/3372 2053/2427/3372
f 2061/2428/3373 2075/2451/3373 2076/2453/3373
f 2053/2427/3374 2069/2454/3374 2054/2429/3374
f 2062/2430/3375 2076/2453/3375 2077/2455/3375
f 2073/2447/3376 2089/2456/3376 2074/2449/3376
f 2067/2450/3377 2081/2457/3377 2082/2458/3377
f 2075/2451/3378 2089/2456/3378 2090/2459/3378
f 2067/2450/3379 2083/2460/3379 2068/2452/3379
f 2075/2451/3380 2091/2461/3380 2076/2453/3380
f 2069/2454/3381 2083/2460/3381 2084/2462/3381
f 2077/2455/3382 2091/2461/3382 2092/2463/3382
f 2069/2454/3383 2085/2464/3383 2070/2439/3383
f 2077/2455/3384 2093/2465/3384 2078/2440/3384
f 2071/2441/3385 2085/2464/3385 2086/2466/3385
f 2078/2440/3386 2094/2467/3386 2079/2442/3386
f 2072/2443/3387 2086/2466/3387 2087/2468/3387
f 2065/2445/3388 1899/2469/3388 2080/2470/3388
f 1899/2471/3389 2079/2442/3389 2094/2467/3389
f 2072/2443/3390 2088/2472/3390 2073/2447/3391
f 2066/2448/3392 2080/2470/3392 2081/2457/3393
f 2092/2463/3394 2108/2473/3394 2093/2465/3394
f 2086/2466/3395 2100/2474/3395 2101/2475/3395
f 2094/2467/3396 2108/2473/3396 2109/2476/3397
f 2087/2468/3398 2101/2475/3398 2102/2477/3398
f 2080/2470/3399 1899/2478/3399 2095/2479/3399
f 1899/2480/3400 2094/2467/3400 2109/2476/3400
f 2087/2468/3401 2103/2481/3401 2088/2472/3401
f 2080/2470/3402 2096/2482/3402 2081/2457/3402
f 2088/2472/3403 2104/2483/3403 2089/2456/3403
f 2082/2458/3404 2096/2482/3404 2097/2484/3404
f 2090/2459/3405 2104/2483/3405 2105/2485/3405
f 2082/2458/3406 2098/2486/3406 2083/2460/3407
f 2090/2459/3408 2106/2487/3408 2091/2461/3408
f 2084/2462/3409 2098/2486/3409 2099/2488/3409
f 2092/2463/3410 2106/2487/3410 2107/2489/3410
f 2084/2462/3411 2100/2474/3411 2085/2464/3411
f 2105/2485/3412 2119/2490/3412 2120/2491/3412
f 2097/2484/3413 2113/2492/3413 2098/2486/3413
f 2105/2485/3414 2121/2493/3414 2106/2487/3414
f 2099/2488/3415 2113/2492/3415 2114/2494/3415
f 2107/2489/3416 2121/2493/3416 2122/2495/3416
f 2099/2488/3417 2115/2496/3417 2100/2474/3418
f 2107/2489/3419 2123/2497/3420 2108/2473/3421
f 2101/2475/3422 2115/2496/3422 2116/2498/3422
f 2108/2473/3423 2124/2499/3423 2109/2476/3423
f 2102/2477/3424 2116/2498/3424 2117/2500/3424
f 2095/2479/3425 1899/2501/3425 2110/2502/3425
f 1899/2503/3426 2109/2476/3426 2124/2499/3426
f 2102/2477/3427 2118/2504/3427 2103/2481/3427
f 2096/2482/3428 2110/2502/3428 2111/2505/3428
f 2103/2481/3429 2119/2490/3429 2104/2483/3429
f 2097/2484/3430 2111/2505/3430 2112/2506/3431
f 2124/2499/3432 2123/2497/3432 1899/2507/3432
f 2117/2500/3433 2116/2498/3433 1899/2508/3433
f 2118/2504/3434 2117/2500/3434 1899/2509/3434
f 2111/2505/3435 2110/2502/3435 1899/2510/3435
f 2119/2490/3436 2118/2504/3436 1899/2511/3436
f 2112/2506/3437 2111/2505/3437 1899/2512/3437
f 2120/2491/3438 2119/2490/3438 1899/2513/3438
f 2113/2492/3439 2112/2506/3439 1899/2514/3439
f 2121/2493/3440 2120/2491/3440 1899/2515/3440
f 2114/2494/3441 2113/2492/3441 1899/2516/3441
f 2122/2495/3442 2121/2493/3442 1899/2517/3442
f 2115/2496/3443 2114/2494/3443 1899/2518/3443
f 2123/2497/3444 2122/2495/3444 1899/2519/3444
f 2116/2498/3445 2115/2496/3445 1899/2520/3445
f 1901/2254/3187 1916/2285/3187 1917/2269/3187
f 1910/2260/3189 1909/2256/3189 1924/2270/3189
f 1902/2258/3190 1917/2269/3191 1918/2272/3191
f 1910/2260/3192 1925/2271/3192 1926/2273/3192
f 1904/2266/3193 1903/2262/3193 1918/2272/3193
f 1912/2241/3194 1911/2264/3194 1926/2273/3194
f 1904/2266/3195 1919/2274/3195 1920/2276/3195
f 1913/2242/3196 1912/2241/3196 1927/2275/3196
f 1906/2245/3198 1905/2244/3198 1920/2276/3198
f 1913/2242/3199 1928/2277/3199 1929/2279/3199
f 1907/2249/3200 1906/2245/3200 1921/2278/3200
f 1907/2249/3203 1922/2280/3203 1923/2284/3203
f 1901/2254/3204 1900/2253/3204 1915/2282/3204
f 1908/2251/3205 1923/2284/3205 1924/2270/3205
f 1920/2276/3206 1935/2302/3206 1936/2286/3206
f 1929/2279/3207 1928/2277/3207 1943/2287/3207
f 1922/2280/3208 1921/2278/3208 1936/2286/3208
f 1922/2280/3211 1937/2289/3211 1938/2293/3211
f 1915/2282/3212 1930/2291/3212 1931/2294/3212
f 1923/2284/3213 1938/2293/3213 1939/2295/3213
f 1917/2269/3214 1916/2285/3214 1931/2294/3214
f 1925/2271/3215 1924/2270/3215 1939/2295/3215
f 1917/2269/3216 1932/2296/3216 1933/2298/3216
f 1925/2271/3217 1940/2297/3217 1941/2299/3217
f 1919/2274/3218 1918/2272/3218 1933/2298/3218
f 1927/2275/3219 1926/2273/3219 1941/2299/3219
f 1919/2274/3220 1934/2300/3220 1935/2302/3220
f 1927/2275/3221 1942/2301/3221 1943/2287/3221
f 1939/2295/3222 1954/2318/3222 1955/2303/3222
f 1932/2296/3223 1947/2319/3223 1948/2304/3223
f 1940/2297/3224 1955/2303/3224 1956/2305/3224
f 1934/2300/3225 1933/2298/3225 1948/2304/3225
f 1942/2301/3226 1941/2299/3226 1956/2305/3226
f 1935/2302/3227 1934/2300/3227 1949/2306/3227
f 1943/2287/3228 1942/2301/3228 1957/2307/3228
f 1936/2286/3229 1935/2302/3229 1950/2308/3229
f 1944/2288/3230 1943/2287/3231 1958/2309/3231
f 1937/2289/3232 1936/2286/3232 1951/2310/3232
f 1937/2289/3235 1952/2312/3235 1953/2316/3235
f 1930/2291/3236 1945/2314/3236 1946/2317/3237
f 1938/2293/3238 1953/2316/3238 1954/2318/3238
f 1931/2294/3239 1946/2317/3239 1947/2319/3239
f 1958/2309/3240 1973/2336/3240 1974/2320/3240
f 1952/2312/3241 1951/2310/3241 1966/2321/3241
f 1952/2312/3244 1967/2322/3244 1968/2326/3244
f 1946/2317/3245 1945/2314/3245 1960/2324/3245
f 1953/2316/3246 1968/2326/3246 1969/2328/3246
f 1947/2319/3247 1946/2317/3247 1961/2327/3247
f 1955/2303/3248 1954/2318/3248 1969/2328/3248
f 1947/2319/3249 1962/2329/3249 1963/2331/3249
f 1955/2303/3250 1970/2330/3250 1971/2332/3250
f 1949/2306/3251 1948/2304/3251 1963/2331/3251
f 1957/2307/3252 1956/2305/3252 1971/2332/3252
f 1949/2306/3253 1964/2333/3253 1965/2335/3253
f 1957/2307/3254 1972/2334/3254 1973/2336/3254
f 1951/2310/3255 1950/2308/3255 1965/2335/3255
f 1970/2330/3256 1985/2353/3256 1986/2337/3256
f 1964/2333/3257 1963/2331/3257 1978/2338/3257
f 1971/2332/3258 1986/2337/3258 1987/2340/3258
f 1964/2333/3259 1979/2339/3259 1980/2341/3259
f 1973/2336/3260 1972/2334/3260 1987/2340/3260
f 1966/2321/3261 1965/2335/3261 1980/2341/3261
f 1974/2320/3262 1973/2336/3262 1988/2342/3262
f 1967/2322/3263 1966/2321/3263 1981/2343/3263
f 1967/2322/3266 1982/2345/3266 1983/2349/3266
f 1960/2324/3267 1975/2347/3267 1976/2350/3267
f 1968/2326/3268 1983/2349/3268 1984/2351/3268
f 1961/2327/3269 1976/2350/3269 1977/2352/3269
f 1970/2330/3270 1969/2328/3270 1984/2351/3270
f 1962/2329/3271 1977/2352/3271 1978/2338/3271
f 1982/2345/3274 1997/2370/3274 1998/2358/3274
f 1976/2350/3275 1975/2347/3276 1990/2355/3276
f 1983/2349/3277 1998/2358/3277 1999/2360/3278
f 1977/2352/3279 1976/2350/3279 1991/2359/3279
f 1985/2353/3280 1984/2351/3280 1999/2360/3280
f 1977/2352/3281 1992/2361/3281 1993/2363/3281
f 1985/2353/3282 2000/2362/3282 2001/2364/3282
f 1979/2339/3283 1978/2338/3283 1993/2363/3283
f 1987/2340/3284 1986/2337/3284 2001/2364/3284
f 1979/2339/3285 1994/2365/3285 1995/2367/3285
f 1987/2340/3286 2002/2366/3286 2003/2368/3286
f 1981/2343/3287 1980/2341/3287 1995/2367/3287
f 1988/2342/3288 2003/2368/3288 2004/2357/3289
f 1982/2345/3290 1981/2343/3290 1996/2369/3290
f 1994/2365/3291 1993/2363/3291 2008/2371/3291
f 2002/2366/3292 2001/2364/3292 2016/2373/3292
f 1994/2365/3293 2009/2372/3293 2010/2375/3293
f 2003/2368/3294 2002/2366/3294 2017/2374/3294
f 1996/2369/3295 1995/2367/3295 2010/2375/3295
f 2004/2357/3296 2003/2368/3296 2018/2376/3296
f 1997/2370/3297 1996/2369/3297 2011/2377/3297
f 1997/2370/3300 2012/2379/3300 2013/2383/3300
f 1990/2355/3301 2005/2381/3301 2006/2384/3301
f 1998/2358/3302 2013/2383/3302 2014/2385/3302
f 1991/2359/3303 2006/2384/3303 2007/2386/3303
f 2000/2362/3304 1999/2360/3304 2014/2385/3304
f 1992/2361/3305 2007/2386/3305 2008/2371/3305
f 2000/2362/3306 2015/2387/3306 2016/2373/3306
f 2012/2379/3307 2027/2402/3307 2028/2388/3307
f 2006/2384/3308 2005/2381/3308 2020/2389/3308
f 2013/2383/3309 2028/2388/3309 2029/2391/3309
f 2007/2386/3310 2006/2384/3310 2021/2390/3310
f 2015/2387/3311 2014/2385/3311 2029/2391/3311
f 2008/2371/3312 2007/2386/3446 2022/2392/3312
f 2015/2387/3313 2030/2393/3313 2031/2395/3313
f 2009/2372/3314 2008/2371/3314 2023/2394/3314
f 2016/2373/3315 2031/2395/3315 2032/2397/3316
f 2009/2372/3317 2024/2396/3317 2025/2398/3317
f 2017/2374/3318 2032/2397/3318 2033/2399/3318
f 2011/2377/3319 2010/2375/3319 2025/2398/3319
f 2018/2376/3320 2033/2399/3320 2034/2401/3320
f 2012/2379/3321 2011/2377/3321 2026/2400/3321
f 2032/2397/3324 2031/2395/3324 2046/2405/3324
f 2024/2396/3325 2039/2421/3325 2040/2407/3325
f 2033/2399/3326 2032/2397/3326 2047/2406/3326
f 2026/2400/3327 2025/2398/3327 2040/2407/3327
f 2033/2399/3328 2048/2408/3447 2049/2410/3328
f 2027/2402/3329 2026/2400/3329 2041/2409/3329
f 2027/2402/3332 2042/2411/3332 2043/2415/3332
f 2021/2390/3333 2020/2389/3333 2035/2413/3333
f 2028/2388/3335 2043/2415/3448 2044/2417/3335
f 2021/2390/3336 2036/2416/3336 2037/2418/3336
f 2030/2393/3337 2029/2391/3337 2044/2417/3337
f 2022/2392/3338 2037/2418/3338 2038/2420/3338
f 2030/2393/3339 2045/2419/3339 2046/2405/3339
f 2024/2396/3340 2023/2394/3340 2038/2420/3340
f 2036/2416/3341 2035/2413/3341 2050/2422/3341
f 2043/2415/3342 2058/2438/3342 2059/2424/3342
f 2036/2416/3343 2051/2423/3343 2052/2425/3344
f 2045/2419/3345 2044/2417/3345 2059/2424/3345
f 2037/2418/3346 2052/2425/3346 2053/2427/3346
f 2045/2419/3347 2060/2426/3347 2061/2428/3347
f 2039/2421/3348 2038/2420/3348 2053/2427/3348
f 2047/2406/3349 2046/2405/3349 2061/2428/3349
f 2039/2421/3350 2054/2429/3350 2055/2431/3350
f 2047/2406/3351 2062/2430/3351 2063/2432/3352
f 2041/2409/3353 2040/2407/3353 2055/2431/3353
f 2048/2408/3354 2063/2432/3354 2064/2434/3354
f 2042/2411/3355 2041/2409/3355 2056/2433/3355
f 2042/2411/3358 2057/2435/3358 2058/2438/3358
f 2054/2429/3359 2069/2454/3359 2070/2439/3359
f 2062/2430/3360 2077/2455/3360 2078/2440/3360
f 2056/2433/3361 2055/2431/3361 2070/2439/3361
f 2064/2434/3362 2063/2432/3362 2078/2440/3362
f 2057/2435/3363 2056/2433/3363 2071/2441/3363
f 2057/2435/3366 2072/2443/3366 2073/2447/3366
f 2050/2422/3368 2065/2445/3368 2066/2448/3368
f 2058/2438/3369 2073/2447/3369 2074/2449/3369
f 2052/2425/3370 2051/2423/3370 2066/2448/3370
f 2060/2426/3371 2059/2424/3371 2074/2449/3371
f 2052/2425/3372 2067/2450/3372 2068/2452/3372
f 2061/2428/3373 2060/2426/3373 2075/2451/3373
f 2053/2427/3374 2068/2452/3374 2069/2454/3374
f 2062/2430/3375 2061/2428/3375 2076/2453/3375
f 2073/2447/3376 2088/2472/3376 2089/2456/3376
f 2067/2450/3377 2066/2448/3377 2081/2457/3377
f 2075/2451/3378 2074/2449/3378 2089/2456/3378
f 2067/2450/3379 2082/2458/3379 2083/2460/3379
f 2075/2451/3380 2090/2459/3380 2091/2461/3380
f 2069/2454/3381 2068/2452/3449 2083/2460/3381
f 2077/2455/3382 2076/2453/3382 2091/2461/3382
f 2069/2454/3383 2084/2462/3383 2085/2464/3383
f 2077/2455/3384 2092/2463/3384 2093/2465/3384
f 2071/2441/3385 2070/2439/3385 2085/2464/3385
f 2078/2440/3386 2093/2465/3450 2094/2467/3386
f 2072/2443/3387 2071/2441/3451 2086/2466/3387
f 2072/2443/3390 2087/2468/3390 2088/2472/3390
f 2066/2448/3392 2065/2445/3392 2080/2470/3392
f 2092/2463/3394 2107/2489/3394 2108/2473/3394
f 2086/2466/3395 2085/2464/3395 2100/2474/3395
f 2094/2467/3396 2093/2465/3396 2108/2473/3396
f 2087/2468/3398 2086/2466/3398 2101/2475/3398
f 2087/2468/3401 2102/2477/3401 2103/2481/3401
f 2080/2470/3402 2095/2479/3452 2096/2482/3402
f 2088/2472/3403 2103/2481/3403 2104/2483/3403
f 2082/2458/3404 2081/2457/3404 2096/2482/3404
f 2090/2459/3405 2089/2456/3405 2104/2483/3405
f 2082/2458/3406 2097/2484/3406 2098/2486/3406
f 2090/2459/3408 2105/2485/3408 2106/2487/3408
f 2084/2462/3409 2083/2460/3409 2098/2486/3409
f 2092/2463/3410 2091/2461/3410 2106/2487/3410
f 2084/2462/3411 2099/2488/3411 2100/2474/3411
f 2105/2485/3412 2104/2483/3453 2119/2490/3412
f 2097/2484/3413 2112/2506/3413 2113/2492/3413
f 2105/2485/3414 2120/2491/3414 2121/2493/3414
f 2099/2488/3415 2098/2486/3415 2113/2492/3415
f 2107/2489/3416 2106/2487/3416 2121/2493/3416
f 2099/2488/3417 2114/2494/3417 2115/2496/3417
f 2107/2489/3419 2122/2495/3420 2123/2497/3420
f 2101/2475/3422 2100/2474/3422 2115/2496/3422
f 2108/2473/3423 2123/2497/3423 2124/2499/3423
f 2102/2477/3424 2101/2475/3424 2116/2498/3424
f 2102/2477/3427 2117/2500/3427 2118/2504/3427
f 2096/2482/3428 2095/2479/3428 2110/2502/3428
f 2103/2481/3429 2118/2504/3429 2119/2490/3429
f 2097/2484/3430 2096/2482/3430 2111/2505/3430
o 球.006
v 0.969284 1.290094 -0.413873
v 0.995942 1.644047 -0.508040
v 1.013702 1.623511 -0.498360
v 1.030070 1.590161 -0.489440
v 1.044415 1.545280 -0.481622
v 1.056189 1.490592 -0.475205
v 1.064937 1.428200 -0.470436
v 1.070325 1.360500 -0.467500
v 1.072144 1.290094 -0.466509
v 1.070325 1.219688 -0.467500
v 1.064937 1.151988 -0.470436
v 1.056189 1.089596 -0.475205
v 1.044415 1.034908 -0.481622
v 1.030070 0.990027 -0.489440
v 1.013702 0.956677 -0.498360
v 0.995942 0.936141 -0.508040
v 0.994184 1.644047 -0.499894
v 1.010254 1.623511 -0.482381
v 1.025064 1.590161 -0.466242
v 1.038046 1.545280 -0.452096
v 1.048699 1.490592 -0.440487
v 1.056615 1.428200 -0.431859
v 1.061490 1.360500 -0.426547
v 1.063136 1.290094 -0.424754
v 1.061490 1.219688 -0.426547
v 1.056615 1.151988 -0.431860
v 1.048699 1.089596 -0.440487
v 1.038046 1.034908 -0.452096
v 1.025064 0.990027 -0.466242
v 1.010254 0.956677 -0.482381
v 0.994184 0.936141 -0.499894
v 0.991785 1.644047 -0.492448
v 1.005548 1.623511 -0.467775
v 1.018231 1.590161 -0.445037
v 1.029348 1.545280 -0.425107
v 1.038471 1.490592 -0.408751
v 1.045251 1.428200 -0.396597
v 1.049426 1.360500 -0.389113
v 1.050835 1.290094 -0.386586
v 1.049426 1.219688 -0.389113
v 1.045251 1.151988 -0.396597
v 1.038471 1.089596 -0.408751
v 1.029348 1.034908 -0.425107
v 1.018231 0.990027 -0.445037
v 1.005548 0.956677 -0.467775
v 0.991785 0.936141 -0.492448
v 0.988836 1.644047 -0.485988
v 0.999761 1.623511 -0.455103
v 1.009831 1.590161 -0.426640
v 1.018657 1.545280 -0.401693
v 1.025901 1.490592 -0.381218
v 1.031283 1.428200 -0.366004
v 1.034597 1.360500 -0.356636
v 1.035716 1.290094 -0.353472
v 1.034597 1.219688 -0.356636
v 1.031283 1.151988 -0.366004
v 1.025901 1.089596 -0.381218
v 1.018657 1.034908 -0.401693
v 1.009831 0.990027 -0.426640
v 0.999761 0.956677 -0.455103
v 0.988836 0.936141 -0.485988
v 0.985449 1.644047 -0.480762
v 0.993119 1.623511 -0.444853
v 1.000187 1.590161 -0.411759
v 1.006384 1.545280 -0.382751
v 1.011468 1.490592 -0.358946
v 1.015246 1.428200 -0.341257
v 1.017573 1.360500 -0.330364
v 1.018359 1.290094 -0.326686
v 1.017573 1.219688 -0.330364
v 1.015246 1.151988 -0.341257
v 1.011468 1.089596 -0.358946
v 1.006384 1.034908 -0.382752
v 1.000187 0.990027 -0.411759
v 0.993119 0.956677 -0.444853
v 0.985449 0.936141 -0.480762
v 0.981756 1.644047 -0.476971
v 0.985875 1.623511 -0.437416
v 0.989672 1.590161 -0.400963
v 0.992998 1.545280 -0.369012
v 0.995729 1.490592 -0.342790
v 0.997758 1.428200 -0.323305
v 0.999008 1.360500 -0.311307
v 0.999430 1.290094 -0.307255
v 0.999008 1.219688 -0.311307
v 0.997758 1.151988 -0.323305
v 0.995729 1.089596 -0.342790
v 0.992998 1.034908 -0.369012
v 0.989672 0.990027 -0.400963
v 0.985875 0.956677 -0.437417
v 0.981756 0.936141 -0.476971
v 0.977899 1.644047 -0.474761
v 0.978308 1.623511 -0.433082
v 0.978686 1.590161 -0.394670
v 0.979017 1.545280 -0.361002
v 0.979288 1.490592 -0.333372
v 0.979490 1.428200 -0.312840
v 0.979615 1.360500 -0.300197
v 0.979657 1.290094 -0.295928
v 0.979615 1.219688 -0.300197
v 0.979490 1.151988 -0.312840
v 0.979288 1.089596 -0.333372
v 0.979017 1.034908 -0.361002
v 0.978686 0.990027 -0.394670
v 0.978308 0.956677 -0.433082
v 0.977899 0.936141 -0.474761
v 0.974024 1.644047 -0.474217
v 0.970709 1.623511 -0.432015
v 0.967654 1.590161 -0.393120
v 0.964976 1.545280 -0.359029
v 0.962778 1.490592 -0.331053
v 0.961145 1.428200 -0.310263
v 0.960139 1.360500 -0.297461
v 0.959800 1.290094 -0.293139
v 0.960139 1.219688 -0.297461
v 0.961145 1.151988 -0.310263
v 0.962778 1.089596 -0.331052
v 0.964976 1.034908 -0.359029
v 0.967654 0.990027 -0.393120
v 0.970709 0.956677 -0.432015
v 0.974024 0.936141 -0.474217
v 0.970283 1.644047 -0.475359
v 0.963370 1.623511 -0.434255
v 0.957000 1.590161 -0.396374
v 0.951415 1.545280 -0.363170
v 0.946832 1.490592 -0.335921
v 0.943427 1.428200 -0.315673
v 0.941330 1.360500 -0.303205
v 0.940622 1.290094 -0.298994
v 0.941330 1.219688 -0.303205
v 0.943427 1.151988 -0.315673
v 0.946832 1.089596 -0.335921
v 0.951415 1.034908 -0.363170
v 0.957000 0.990027 -0.396374
v 0.963370 0.956677 -0.434255
v 0.970283 0.936141 -0.475359
v 0.966818 1.644047 -0.478144
v 0.956573 1.623511 -0.439718
v 0.947132 1.590161 -0.404305
v 0.938856 1.545280 -0.373265
v 0.932065 1.490592 -0.347791
v 0.927018 1.428200 -0.328862
v 0.923910 1.360500 -0.317206
v 0.922861 1.290094 -0.313270
v 0.923910 1.219688 -0.317206
v 0.927018 1.151988 -0.328862
v 0.932065 1.089596 -0.347791
v 0.938856 1.034908 -0.373265
v 0.947132 0.990027 -0.404305
v 0.956573 0.956677 -0.439718
v 0.966818 0.936141 -0.478144
v 0.963763 1.644047 -0.482466
v 0.950579 1.623511 -0.448195
v 0.938431 1.590161 -0.416610
v 0.927781 1.545280 -0.388926
v 0.919042 1.490592 -0.366207
v 0.912548 1.428200 -0.349325
v 0.908548 1.360500 -0.338929
v 0.907198 1.290094 -0.335419
v 0.908548 1.219688 -0.338929
v 0.912548 1.151988 -0.349325
v 0.919042 1.089596 -0.366207
v 0.927781 1.034908 -0.388926
v 0.938431 0.990027 -0.416610
v 0.950579 0.956677 -0.448195
v 0.963763 0.936141 -0.482466
v 0.961234 1.644047 -0.488156
v 0.945619 1.623511 -0.459357
v 0.931229 1.590161 -0.432815
v 0.918615 1.545280 -0.409551
v 0.908264 1.490592 -0.390459
v 0.900572 1.428200 -0.376272
v 0.895836 1.360500 -0.367536
v 0.894236 1.290094 -0.364587
v 0.895836 1.219688 -0.367536
v 0.900572 1.151988 -0.376272
v 0.908264 1.089596 -0.390459
v 0.918615 1.034908 -0.409551
v 0.931229 0.990027 -0.432815
v 0.945619 0.956677 -0.459357
v 0.961234 0.936141 -0.488156
v 0.959329 1.644047 -0.494997
v 0.941883 1.623511 -0.472776
v 0.925805 1.590161 -0.452299
v 0.911712 1.545280 -0.434348
v 0.900146 1.490592 -0.419618
v 0.891552 1.428200 -0.408671
v 0.886260 1.360500 -0.401931
v 0.884472 1.290094 -0.399655
v 0.886260 1.219688 -0.401931
v 0.891552 1.151988 -0.408671
v 0.900146 1.089596 -0.419618
v 0.911712 1.034908 -0.434348
v 0.925805 0.990027 -0.452299
v 0.941883 0.956677 -0.472776
v 0.959329 0.936141 -0.494997
v 0.958121 1.644047 -0.502727
v 0.939514 1.623511 -0.487938
v 0.922366 1.590161 -0.474309
v 0.907335 1.545280 -0.462364
v 0.895000 1.490592 -0.452561
v 0.885833 1.428200 -0.445275
v 0.880189 1.360500 -0.440790
v 0.878283 1.290094 -0.439275
v 0.880189 1.219688 -0.440790
v 0.885833 1.151988 -0.445275
v 0.895000 1.089596 -0.452561
v 0.907335 1.034908 -0.462364
v 0.922366 0.990027 -0.474309
v 0.939514 0.956677 -0.487938
v 0.958121 0.936141 -0.502727
v 0.957657 1.644047 -0.511047
v 0.938604 1.623511 -0.504260
v 0.921045 1.590161 -0.498005
v 0.905654 1.545280 -0.492522
v 0.893023 1.490592 -0.488023
v 0.883637 1.428200 -0.484678
v 0.877857 1.360500 -0.482620
v 0.875906 1.290094 -0.481924
v 0.877857 1.219688 -0.482620
v 0.883637 1.151988 -0.484678
v 0.893023 1.089596 -0.488023
v 0.905654 1.034908 -0.492522
v 0.921045 0.990027 -0.498005
v 0.938604 0.956677 -0.504260
v 0.957657 0.936141 -0.511048
vn 0.0218 0.2483 -0.9684
vn -0.4273 -0.0731 -0.9011
vn 0.2057 0.2660 -0.9418
vn -0.4554 -0.0243 -0.8899
vn -0.4554 0.0243 -0.8900
vn 0.2057 -0.2660 -0.9418
vn -0.4273 0.0731 -0.9011
vn 0.0218 -0.2483 -0.9684
vn -0.3686 0.1221 -0.9215
vn -0.1436 -0.2142 -0.9662
vn -0.2750 0.1702 -0.9462
vn -0.2750 -0.1702 -0.9462
vn -0.1436 0.2142 -0.9662
vn -0.3686 -0.1221 -0.9215
vn 0.8615 0.4725 0.1859
vn 0.9662 -0.1514 0.2085
vn 0.9229 0.3297 0.1991
vn 0.9515 -0.2289 0.2053
vn 0.9515 0.2289 0.2053
vn 0.9229 -0.3297 0.1991
vn 0.9662 0.1514 0.2085
vn 0.8615 -0.4725 0.1859
vn 0.9738 0.0866 0.2101
vn 0.7105 -0.6868 0.1533
vn 0.7105 -0.6868 0.1534
vn 0.9771 0.0282 0.2108
vn -0.9773 0.0175 -0.2110
vn -0.9773 -0.0175 -0.2110
vn 0.9771 -0.0282 0.2108
vn 0.7105 0.6868 0.1533
vn 0.9738 -0.0866 0.2101
vn 0.9477 0.0922 0.3054
vn 0.6709 -0.7094 0.2162
vn 0.6709 -0.7093 0.2162
vn 0.9514 0.0301 0.3066
vn -0.9518 -0.0076 -0.3067
vn -0.9518 0.0076 -0.3067
vn 0.9514 -0.0301 0.3066
vn 0.6709 0.7094 0.2162
vn 0.6709 0.7093 0.2162
vn 0.9477 -0.0922 0.3054
vn 0.8265 0.4959 0.2663
vn 0.8265 0.4959 0.2664
vn 0.9394 -0.1610 0.3027
vn 0.9394 -0.1611 0.3027
vn 0.8921 0.3486 0.2875
vn 0.9233 -0.2430 0.2975
vn 0.9233 0.2430 0.2975
vn 0.9233 0.2430 0.2976
vn 0.8921 -0.3486 0.2875
vn 0.9394 0.1610 0.3027
vn 0.8265 -0.4959 0.2663
vn 0.8953 -0.1769 0.4088
vn 0.8417 0.3792 0.3843
vn 0.8769 -0.2660 0.4004
vn 0.8769 0.2660 0.4004
vn 0.8417 -0.3792 0.3843
vn 0.8953 0.1769 0.4088
vn 0.7699 -0.5325 0.3516
vn 0.7700 -0.5325 0.3516
vn 0.9050 0.1015 0.4132
vn 0.6093 -0.7425 0.2782
vn 0.6093 -0.7426 0.2782
vn 0.9092 0.0331 0.4151
vn -0.9092 -0.0343 -0.4150
vn -0.9092 0.0343 -0.4150
vn 0.9092 -0.0331 0.4151
vn 0.6093 0.7425 0.2782
vn 0.6093 0.7426 0.2782
vn 0.9050 -0.1015 0.4132
vn 0.7699 0.5325 0.3516
vn 0.7700 0.5325 0.3516
vn 0.5206 -0.7843 0.3373
vn 0.5206 -0.7843 0.3374
vn 0.8386 0.0377 0.5434
vn -0.8375 -0.0643 -0.5427
vn -0.8375 0.0643 -0.5427
vn 0.8386 -0.0377 0.5434
vn 0.5206 0.7843 0.3373
vn 0.5206 0.7843 0.3374
vn 0.8336 -0.1156 0.5402
vn 0.6818 0.5830 0.4419
vn 0.6819 0.5830 0.4418
vn 0.8221 -0.2008 0.5327
vn 0.7603 0.4234 0.4927
vn 0.8005 -0.3002 0.5187
vn 0.8005 0.3002 0.5187
vn 0.7603 -0.4234 0.4927
vn 0.8221 0.2008 0.5327
vn 0.6818 -0.5830 0.4419
vn 0.6819 -0.5830 0.4418
vn 0.8336 0.1156 0.5402
vn 0.6717 -0.3473 0.6544
vn 0.6717 0.3473 0.6544
vn 0.6277 -0.4818 0.6114
vn 0.6963 0.2345 0.6783
vn 0.6963 0.2345 0.6784
vn 0.5473 -0.6451 0.5332
vn 0.5474 -0.6451 0.5332
vn 0.7097 0.1356 0.6914
vn 0.7097 0.1356 0.6913
vn 0.3996 -0.8299 0.3893
vn 0.7156 0.0444 0.6971
vn -0.7128 -0.0987 -0.6944
vn -0.7128 0.0987 -0.6944
vn 0.7156 -0.0444 0.6971
vn 0.3996 0.8299 0.3893
vn 0.7097 -0.1356 0.6914
vn 0.5473 0.6451 0.5332
vn 0.5474 0.6451 0.5332
vn 0.6963 -0.2345 0.6783
vn 0.6963 -0.2345 0.6784
vn 0.6277 0.4818 0.6114
vn 0.6277 0.4818 0.6115
vn -0.4925 -0.1359 -0.8596
vn -0.4925 0.1359 -0.8596
vn 0.4964 -0.0528 0.8665
vn 0.2444 0.8708 0.4266
vn 0.4906 -0.1608 0.8564
vn 0.3506 0.7089 0.6120
vn 0.4778 -0.2760 0.8340
vn 0.4159 0.5477 0.7260
vn 0.4548 -0.4034 0.7940
vn 0.4549 -0.4034 0.7940
vn 0.4548 0.4034 0.7940
vn 0.4159 -0.5477 0.7260
vn 0.4778 0.2760 0.8340
vn 0.3506 -0.7089 0.6120
vn 0.4906 0.1608 0.8564
vn 0.2444 -0.8708 0.4266
vn 0.4964 0.0528 0.8665
vn 0.1244 0.4479 0.8854
vn 0.1116 -0.5969 0.7945
vn 0.1322 0.3102 0.9414
vn 0.1323 0.3102 0.9414
vn 0.0916 -0.7524 0.6523
vn 0.1368 0.1821 0.9737
vn 0.0619 -0.8955 0.4406
vn 0.1389 0.0600 0.9885
vn -0.1372 -0.1647 -0.9768
vn -0.1372 0.1647 -0.9768
vn 0.1389 -0.0600 0.9885
vn 0.0619 0.8955 0.4406
vn 0.1368 -0.1821 0.9737
vn 0.0916 0.7524 0.6523
vn 0.1323 -0.3102 0.9414
vn 0.1116 0.5969 0.7945
vn 0.1244 -0.4479 0.8854
vn -0.2915 -0.0600 0.9547
vn -0.1299 0.8955 0.4256
vn -0.1300 0.8955 0.4256
vn -0.2872 -0.1821 0.9404
vn -0.1924 0.7524 0.6300
vn -0.1923 0.7524 0.6300
vn -0.2777 -0.3102 0.9092
vn -0.2776 -0.3102 0.9092
vn -0.2343 0.5969 0.7674
vn -0.2611 -0.4479 0.8551
vn -0.2611 0.4479 0.8551
vn -0.2343 -0.5969 0.7674
vn -0.2776 0.3102 0.9092
vn -0.1924 -0.7524 0.6300
vn -0.1923 -0.7524 0.6300
vn -0.2872 0.1821 0.9404
vn -0.1299 -0.8955 0.4256
vn -0.1300 -0.8955 0.4256
vn -0.2915 0.0600 0.9547
vn 0.2881 -0.1647 -0.9433
vn 0.2881 0.1647 -0.9433
vn -0.5242 -0.5477 0.6522
vn -0.5242 -0.5477 0.6521
vn -0.5241 -0.5477 0.6522
vn -0.6022 0.2760 0.7492
vn -0.4419 -0.7089 0.5498
vn -0.6183 0.1608 0.7693
vn -0.3080 -0.8708 0.3833
vn -0.6256 0.0528 0.7784
vn 0.6206 -0.1359 -0.7723
vn 0.6206 0.1359 -0.7723
vn -0.6256 -0.0528 0.7784
vn -0.3080 0.8708 0.3833
vn -0.6183 -0.1608 0.7693
vn -0.4419 0.7089 0.5498
vn -0.6022 -0.2760 0.7492
vn -0.5242 0.5477 0.6522
vn -0.5242 0.5477 0.6521
vn -0.5733 -0.4034 0.7132
vn -0.5732 -0.4034 0.7132
vn -0.5733 0.4034 0.7132
vn -0.5732 0.4034 0.7132
vn -0.4555 0.8299 0.3221
vn -0.4556 0.8299 0.3221
vn -0.8089 -0.1356 0.5721
vn -0.8089 -0.1356 0.5720
vn -0.6239 0.6451 0.4412
vn -0.7937 -0.2345 0.5613
vn -0.7155 0.4818 0.5059
vn -0.7154 0.4818 0.5059
vn -0.7657 -0.3473 0.5414
vn -0.7657 -0.3473 0.5415
vn -0.7656 -0.3473 0.5415
vn -0.7657 0.3473 0.5414
vn -0.7657 0.3473 0.5415
vn -0.7155 -0.4818 0.5059
vn -0.7154 -0.4818 0.5059
vn -0.7937 0.2345 0.5613
vn -0.6239 -0.6451 0.4412
vn -0.8089 0.1356 0.5721
vn -0.8089 0.1356 0.5720
vn -0.4555 -0.8299 0.3221
vn -0.4556 -0.8299 0.3221
vn -0.4556 -0.8299 0.3220
vn -0.8157 0.0444 0.5768
vn 0.8126 -0.0986 -0.5744
vn 0.8126 0.0986 -0.5744
vn -0.8157 -0.0444 0.5768
vn -0.8952 0.2008 0.3978
vn -0.7425 -0.5830 0.3300
vn -0.9077 0.1156 0.4034
vn -0.5669 -0.7843 0.2519
vn -0.9132 0.0377 0.4058
vn 0.9119 -0.0643 -0.4053
vn 0.9119 0.0643 -0.4053
vn -0.9132 -0.0377 0.4058
vn -0.5669 0.7843 0.2519
vn -0.9077 -0.1156 0.4034
vn -0.7425 0.5830 0.3300
vn -0.8952 -0.2008 0.3978
vn -0.8279 0.4234 0.3679
vn -0.8717 -0.3002 0.3874
vn -0.8717 0.3002 0.3874
vn -0.8279 -0.4234 0.3679
vn -0.9584 -0.1015 0.2668
vn -0.8154 0.5325 0.2270
vn -0.9482 -0.1769 0.2640
vn -0.8914 0.3792 0.2482
vn -0.9286 -0.2660 0.2585
vn -0.9287 -0.2660 0.2585
vn -0.9286 0.2660 0.2585
vn -0.9286 0.2660 0.2586
vn -0.8914 -0.3792 0.2482
vn -0.9482 0.1769 0.2640
vn -0.8154 -0.5325 0.2270
vn -0.9584 0.1015 0.2668
vn -0.6452 -0.7426 0.1797
vn -0.9628 0.0331 0.2681
vn 0.9628 -0.0344 -0.2681
vn 0.9628 0.0344 -0.2681
vn -0.9628 -0.0331 0.2681
vn -0.6452 0.7426 0.1797
vn -0.6452 0.7425 0.1797
vn -0.8580 -0.4959 0.1340
vn -0.9838 0.0922 0.1537
vn -0.6964 -0.7093 0.1088
vn -0.9876 0.0301 0.1543
vn 0.9880 -0.0076 -0.1543
vn 0.9880 0.0076 -0.1543
vn -0.9876 -0.0301 0.1543
vn -0.6964 0.7093 0.1088
vn -0.9838 -0.0922 0.1537
vn -0.8580 0.4959 0.1340
vn -0.9751 -0.1610 0.1523
vn -0.9751 -0.1611 0.1523
vn -0.9260 0.3486 0.1447
vn -0.9584 -0.2430 0.1497
vn -0.9584 0.2430 0.1497
vn -0.9260 -0.3486 0.1447
vn -0.9751 0.1610 0.1523
vn -0.9751 0.1610 0.1524
vn -0.9869 -0.1514 0.0550
vn -0.9426 0.3297 0.0526
vn -0.9719 -0.2289 0.0542
vn -0.9719 0.2289 0.0542
vn -0.9426 -0.3297 0.0526
vn -0.9869 0.1514 0.0550
vn -0.8800 -0.4725 0.0491
vn -0.8800 -0.4725 0.0490
vn -0.9947 0.0866 0.0555
vn -0.9947 0.0866 0.0554
vn -0.7258 -0.6867 0.0405
vn -0.9981 0.0282 0.0556
vn 0.9983 0.0175 -0.0556
vn 0.9983 -0.0175 -0.0556
vn -0.9981 -0.0282 0.0556
vn -0.7258 0.6867 0.0405
vn -0.7258 0.6867 0.0404
vn -0.9947 -0.0866 0.0555
vn -0.9947 -0.0866 0.0554
vn -0.8800 0.4725 0.0491
vn -0.0561 0.2660 -0.9623
vn 0.5888 -0.0243 -0.8079
vn 0.5888 0.0243 -0.8079
vn -0.0561 -0.2660 -0.9623
vn 0.5628 0.0731 -0.8233
vn 0.1296 -0.2483 -0.9600
vn 0.5080 0.1221 -0.8527
vn 0.2927 -0.2142 -0.9319
vn 0.4194 0.1702 -0.8917
vn 0.4194 -0.1702 -0.8917
vn 0.2927 0.2142 -0.9319
vn 0.5080 -0.1221 -0.8527
vn 0.1296 0.2483 -0.9600
vn 0.5628 -0.0731 -0.8233
vn 0.9233 -0.2430 0.2976
vn 0.9394 0.1611 0.3027
vn 0.8265 -0.4959 0.2664
vn 0.7700 -0.5325 0.3515
vn 0.6277 -0.4818 0.6115
vn 0.4549 0.4034 0.7940
vn -0.4556 0.8299 0.3220
vn -0.7656 0.3473 0.5415
vn -0.9286 -0.2660 0.2586
vn -0.9287 0.2660 0.2585
vn -0.9751 0.1611 0.1523
vn -0.7258 -0.6867 0.0404
vn -0.8800 0.4725 0.0490
vt 0.472456 0.808932
vt 0.430830 0.802504
vt 0.427238 0.798878
vt 0.460176 0.844064
vt 0.441206 0.857147
vt 0.443304 0.848563
vt 0.474806 0.793994
vt 0.424224 0.796288
vt 0.459456 0.840994
vt 0.444211 0.839253
vt 0.459501 0.837608
vt 0.443363 0.829917
vt 0.474880 0.884601
vt 0.424067 0.882245
vt 0.427097 0.879645
vt 0.460274 0.834385
vt 0.441242 0.821323
vt 0.472528 0.869604
vt 0.430709 0.876009
vt 0.461965 0.831159
vt 0.438370 0.813667
vt 0.467841 0.859892
vt 0.434453 0.871154
vt 0.465779 0.825202
vt 0.434555 0.807353
vt 0.465839 0.853355
vt 0.438303 0.864833
vt 0.467836 0.818646
vt 0.462053 0.847314
vt 0.428718 0.873783
vt 0.436670 0.822924
vt 0.434449 0.815808
vt 0.431581 0.868803
vt 0.431687 0.809688
vt 0.434376 0.862672
vt 0.428842 0.804717
vt 0.436637 0.855540
vt 0.426054 0.800675
vt 0.438119 0.847634
vt 0.423663 0.797291
vt 0.438726 0.839237
vt 0.374658 0.894340
vt 0.423504 0.881237
vt 0.375056 0.784197
vt 0.438182 0.830836
vt 0.425910 0.877839
vt 0.433735 0.846904
vt 0.424982 0.802198
vt 0.423119 0.798166
vt 0.434106 0.839225
vt 0.377429 0.895875
vt 0.422958 0.880356
vt 0.377817 0.782669
vt 0.433745 0.831544
vt 0.424835 0.876307
vt 0.432712 0.824223
vt 0.426884 0.871942
vt 0.431073 0.817515
vt 0.429014 0.866882
vt 0.429127 0.811596
vt 0.430985 0.860948
vt 0.427011 0.806545
vt 0.432630 0.854232
vt 0.428243 0.818850
vt 0.426789 0.865378
vt 0.426908 0.813088
vt 0.428151 0.859601
vt 0.425424 0.807995
vt 0.429235 0.853233
vt 0.423963 0.803428
vt 0.429994 0.846357
vt 0.422587 0.798907
vt 0.430248 0.839217
vt 0.379746 0.898440
vt 0.422425 0.879612
vt 0.380125 0.780117
vt 0.430019 0.832077
vt 0.423813 0.875070
vt 0.429304 0.825207
vt 0.425293 0.870481
vt 0.422057 0.799505
vt 0.426924 0.845958
vt 0.427082 0.839209
vt 0.382124 0.903062
vt 0.421893 0.879011
vt 0.382499 0.775525
vt 0.426954 0.832463
vt 0.422899 0.874122
vt 0.426519 0.825939
vt 0.423865 0.869380
vt 0.425816 0.819820
vt 0.424870 0.864253
vt 0.424997 0.814204
vt 0.425725 0.858620
vt 0.423999 0.809087
vt 0.426453 0.852489
vt 0.423052 0.804369
vt 0.423347 0.814962
vt 0.423237 0.863481
vt 0.423715 0.857950
vt 0.422774 0.809858
vt 0.424169 0.851985
vt 0.422200 0.805029
vt 0.424433 0.845687
vt 0.421578 0.799930
vt 0.424519 0.839203
vt 0.387714 0.906574
vt 0.421412 0.878582
vt 0.388078 0.772057
vt 0.424465 0.832722
vt 0.422042 0.873456
vt 0.424235 0.826432
vt 0.422625 0.868609
vt 0.423808 0.820479
vt 0.396253 0.914302
vt 0.420937 0.878325
vt 0.396578 0.764381
vt 0.421105 0.800186
vt 0.422432 0.832869
vt 0.421250 0.873060
vt 0.422350 0.826714
vt 0.421516 0.868154
vt 0.422130 0.820862
vt 0.421828 0.863033
vt 0.421944 0.815404
vt 0.422034 0.857558
vt 0.421664 0.810308
vt 0.422282 0.851693
vt 0.421412 0.805421
vt 0.422398 0.845529
vt 0.422431 0.839197
vt 0.420551 0.862885
vt 0.420543 0.857422
vt 0.420673 0.815546
vt 0.420635 0.810457
vt 0.420625 0.851592
vt 0.420654 0.805549
vt 0.420630 0.845472
vt 0.420653 0.800274
vt 0.420623 0.839192
vt 0.410762 0.919620
vt 0.420482 0.878236
vt 0.411007 0.759120
vt 0.420666 0.832917
vt 0.420487 0.872929
vt 0.420695 0.826806
vt 0.420485 0.868001
vt 0.420643 0.820991
vt 0.418900 0.832869
vt 0.420028 0.878325
vt 0.419725 0.873060
vt 0.419038 0.826715
vt 0.419449 0.868140
vt 0.419158 0.820872
vt 0.419272 0.863023
vt 0.419401 0.815404
vt 0.419053 0.857534
vt 0.419603 0.810314
vt 0.418963 0.851673
vt 0.419898 0.805417
vt 0.418862 0.845509
vt 0.420202 0.800186
vt 0.418821 0.839187
vt 0.430131 0.919637
vt 0.430262 0.759120
vt 0.417990 0.814965
vt 0.418491 0.809867
vt 0.417063 0.851940
vt 0.419109 0.805021
vt 0.416832 0.845645
vt 0.419741 0.799928
vt 0.416750 0.839181
vt 0.444819 0.913362
vt 0.419564 0.878584
vt 0.444851 0.765373
vt 0.416873 0.832721
vt 0.418930 0.873456
vt 0.417144 0.826439
vt 0.418332 0.868586
vt 0.417487 0.820493
vt 0.417852 0.863457
vt 0.417374 0.857904
vt 0.419083 0.879013
vt 0.418083 0.874129
vt 0.414845 0.825959
vt 0.417071 0.869350
vt 0.415495 0.819832
vt 0.416187 0.864206
vt 0.416338 0.814211
vt 0.415370 0.858556
vt 0.417252 0.809099
vt 0.414757 0.852406
vt 0.418263 0.804356
vt 0.414350 0.845886
vt 0.419262 0.799501
vt 0.414214 0.839172
vt 0.453332 0.906581
vt 0.453289 0.772114
vt 0.414396 0.832464
vt 0.411936 0.853095
vt 0.417346 0.803422
vt 0.411298 0.846242
vt 0.418733 0.798903
vt 0.411091 0.839161
vt 0.458944 0.903126
vt 0.418549 0.879616
vt 0.458855 0.775592
vt 0.411351 0.832086
vt 0.417159 0.875066
vt 0.412037 0.825253
vt 0.415661 0.870459
vt 0.413053 0.818873
vt 0.414260 0.865318
vt 0.414429 0.813096
vt 0.412913 0.859505
vt 0.415852 0.807992
vt 0.408649 0.824289
vt 0.416142 0.876305
vt 0.414065 0.871933
vt 0.410197 0.817550
vt 0.411967 0.866794
vt 0.412158 0.811616
vt 0.410034 0.860815
vt 0.414269 0.806521
vt 0.408529 0.854038
vt 0.416338 0.802190
vt 0.407599 0.846725
vt 0.418204 0.798162
vt 0.407308 0.839146
vt 0.461317 0.898493
vt 0.418015 0.880362
vt 0.461198 0.780209
vt 0.407663 0.831575
vt 0.415244 0.800686
vt 0.404478 0.855263
vt 0.403202 0.847337
vt 0.417625 0.797271
vt 0.402826 0.839125
vt 0.464699 0.897436
vt 0.417431 0.881259
vt 0.464547 0.781263
vt 0.403279 0.830927
vt 0.415036 0.877817
vt 0.404622 0.823035
vt 0.412276 0.873793
vt 0.406844 0.815845
vt 0.409314 0.868699
vt 0.409534 0.809709
vt 0.406651 0.862505
vt 0.412498 0.804669
vt 0.399882 0.821464
vt 0.402995 0.813738
vt 0.406264 0.871082
vt 0.406523 0.807326
vt 0.402761 0.864592
vt 0.410562 0.802424
vt 0.399704 0.856797
vt 0.414080 0.798902
vt 0.398078 0.848055
vt 0.417071 0.796287
vt 0.397659 0.839099
vt 0.465531 0.894418
vt 0.416871 0.882250
vt 0.465364 0.784267
vt 0.398173 0.830160
vt 0.413861 0.879612
vt 0.410315 0.876050
vt 0.366495 0.794429
vt 0.382982 0.840030
vt 0.383012 0.838013
vt 0.365906 0.884074
vt 0.381477 0.835439
vt 0.369306 0.869815
vt 0.378534 0.830970
vt 0.371047 0.860262
vt 0.376290 0.826277
vt 0.375954 0.851740
vt 0.371577 0.817873
vt 0.378335 0.847043
vt 0.369924 0.808520
vt 0.381380 0.842589
s 1
usemtl honMaguro
f 2125/2521/3454 2138/2522/3454 2139/2523/3454
f 2125/2524/3455 2131/2525/3455 2132/2526/3455
f 2125/2527/3456 2139/2523/3456 2140/2528/3456
f 2125/2529/3457 2132/2526/3457 2133/2530/3457
f 2125/2531/3458 2133/2530/3458 2134/2532/3458
f 2125/2533/3459 2126/2534/3459 2127/2535/3459
f 2125/2536/3460 2134/2532/3460 2135/2537/3460
f 2125/2538/3461 2127/2535/3461 2128/2539/3461
f 2125/2540/3462 2135/2537/3462 2136/2541/3462
f 2125/2542/3463 2128/2539/3463 2129/2543/3463
f 2125/2544/3464 2136/2541/3464 2137/2545/3464
f 2125/2546/3465 2129/2543/3465 2130/2547/3465
f 2125/2548/3466 2137/2545/3466 2138/2522/3466
f 2125/2549/3467 2130/2547/3467 2131/2525/3467
f 2127/2535/3468 2143/2550/3468 2128/2539/3468
f 2136/2541/3469 2150/2551/3469 2151/2552/3469
f 2128/2539/3470 2144/2553/3470 2129/2543/3470
f 2136/2541/3471 2152/2554/3471 2137/2545/3471
f 2130/2547/3472 2144/2553/3472 2145/2555/3472
f 2138/2522/3473 2152/2554/3473 2153/2556/3473
f 2130/2547/3474 2146/2557/3474 2131/2525/3474
f 2139/2523/3475 2153/2556/3475 2154/2558/3475
f 2132/2526/3476 2146/2557/3476 2147/2559/3476
f 2139/2523/3477 2155/2560/3478 2140/2528/3478
f 2133/2530/3479 2147/2559/3479 2148/2561/3479
f 2126/2534/3480 2125/2562/3480 2141/2563/3480
f 2125/2564/3481 2140/2528/3481 2155/2560/3481
f 2133/2530/3482 2149/2565/3482 2134/2532/3482
f 2127/2535/3483 2141/2563/3483 2142/2566/3483
f 2134/2532/3484 2150/2551/3484 2135/2537/3484
f 2146/2557/3485 2162/2567/3485 2147/2559/3485
f 2155/2560/3486 2169/2568/3487 2170/2569/3486
f 2148/2561/3488 2162/2567/3488 2163/2570/3488
f 2141/2563/3489 2125/2571/3489 2156/2572/3489
f 2125/2573/3490 2155/2560/3490 2170/2569/3490
f 2148/2561/3491 2164/2574/3491 2149/2565/3491
f 2141/2563/3492 2157/2575/3493 2142/2566/3493
f 2149/2565/3494 2165/2576/3494 2150/2551/3494
f 2143/2550/3495 2157/2575/3495 2158/2577/3496
f 2151/2552/3497 2165/2576/3497 2166/2578/3498
f 2143/2550/3499 2159/2579/3499 2144/2553/3499
f 2151/2552/3500 2167/2580/3500 2152/2554/3500
f 2145/2555/3501 2159/2579/3501 2160/2581/3502
f 2153/2556/3503 2167/2580/3503 2168/2582/3503
f 2145/2555/3504 2161/2583/3504 2146/2557/3504
f 2153/2556/3505 2169/2568/3505 2154/2558/3505
f 2165/2576/3506 2181/2584/3506 2166/2578/3506
f 2158/2577/3507 2174/2585/3507 2159/2579/3507
f 2166/2578/3508 2182/2586/3508 2167/2580/3508
f 2160/2581/3509 2174/2585/3509 2175/2587/3509
f 2168/2582/3510 2182/2586/3510 2183/2588/3510
f 2161/2583/3511 2175/2587/3511 2176/2589/3511
f 2169/2568/3512 2183/2588/3513 2184/2590/3512
f 2162/2567/3514 2176/2589/3514 2177/2591/3514
f 2170/2569/3515 2184/2590/3516 2185/2592/3515
f 2163/2570/3517 2177/2591/3517 2178/2593/3517
f 2156/2572/3518 2125/2594/3518 2171/2595/3518
f 2125/2596/3519 2170/2569/3519 2185/2592/3519
f 2163/2570/3520 2179/2597/3520 2164/2574/3520
f 2156/2572/3521 2172/2598/3522 2157/2575/3522
f 2164/2574/3523 2180/2599/3523 2165/2576/3523
f 2157/2575/3524 2173/2600/3525 2158/2577/3525
f 2184/2590/3526 2200/2601/3527 2185/2592/3527
f 2178/2593/3528 2192/2602/3528 2193/2603/3528
f 2171/2595/3529 2125/2604/3529 2186/2605/3529
f 2125/2606/3530 2185/2592/3530 2200/2601/3530
f 2178/2593/3531 2194/2607/3531 2179/2597/3531
f 2172/2598/3532 2186/2605/3533 2187/2608/3532
f 2179/2597/3534 2195/2609/3534 2180/2599/3534
f 2173/2600/3535 2187/2608/3536 2188/2610/3535
f 2181/2584/3537 2195/2609/3537 2196/2611/3537
f 2173/2600/3538 2189/2612/3538 2174/2585/3538
f 2181/2584/3539 2197/2613/3539 2182/2586/3539
f 2175/2587/3540 2189/2612/3540 2190/2614/3540
f 2183/2588/3541 2197/2613/3541 2198/2615/3541
f 2175/2587/3542 2191/2616/3542 2176/2589/3542
f 2183/2588/3543 2199/2617/3544 2184/2590/3544
f 2177/2591/3545 2191/2616/3545 2192/2602/3545
f 2196/2611/3546 2212/2618/3546 2197/2613/3546
f 2190/2614/3547 2204/2619/3547 2205/2620/3547
f 2197/2613/3548 2213/2621/3548 2198/2615/3548
f 2190/2614/3549 2206/2622/3550 2191/2616/3550
f 2199/2617/3551 2213/2621/3552 2214/2623/3551
f 2192/2602/3553 2206/2622/3553 2207/2624/3554
f 2200/2601/3555 2214/2623/3555 2215/2625/3555
f 2193/2603/3556 2207/2624/3556 2208/2626/3556
f 2186/2605/3557 2125/2627/3557 2201/2628/3557
f 2125/2629/3558 2200/2601/3558 2215/2625/3558
f 2193/2603/3559 2209/2630/3559 2194/2607/3559
f 2186/2605/3560 2202/2631/3560 2187/2608/3560
f 2194/2607/3561 2210/2632/3561 2195/2609/3561
f 2187/2608/3562 2203/2633/3563 2188/2610/3563
f 2196/2611/3564 2210/2632/3565 2211/2634/3564
f 2188/2610/3566 2204/2619/3566 2189/2612/3567
f 2201/2628/3568 2125/2635/3568 2216/2636/3568
f 2125/2637/3569 2215/2625/3569 2230/2638/3569
f 2208/2626/3570 2224/2639/3570 2209/2630/3570
f 2202/2631/3571 2216/2636/3571 2217/2640/3571
f 2209/2630/3572 2225/2641/3572 2210/2632/3572
f 2203/2633/3573 2217/2640/3573 2218/2642/3573
f 2211/2634/3574 2225/2641/3574 2226/2643/3574
f 2203/2633/3575 2219/2644/3575 2204/2619/3575
f 2211/2634/3576 2227/2645/3576 2212/2618/3577
f 2205/2620/3578 2219/2644/3578 2220/2646/3578
f 2213/2621/3579 2227/2645/3579 2228/2647/3579
f 2205/2620/3580 2221/2648/3580 2206/2622/3580
f 2213/2621/3581 2229/2649/3581 2214/2623/3581
f 2207/2624/3582 2221/2648/3582 2222/2650/3582
f 2214/2623/3583 2230/2638/3583 2215/2625/3583
f 2208/2626/3584 2222/2650/3584 2223/2651/3584
f 2220/2646/3585 2234/2652/3585 2235/2653/3585
f 2228/2647/3586 2242/2654/3586 2243/2655/3586
f 2220/2646/3587 2236/2656/3588 2221/2648/3588
f 2229/2649/3589 2243/2655/3589 2244/2657/3589
f 2222/2650/3590 2236/2656/3590 2237/2658/3590
f 2230/2638/3591 2244/2657/3591 2245/2659/3591
f 2223/2651/3592 2237/2658/3592 2238/2660/3592
f 2216/2636/3593 2125/2661/3593 2231/2662/3593
f 2125/2663/3594 2230/2638/3594 2245/2659/3594
f 2223/2651/3595 2239/2664/3595 2224/2639/3595
f 2216/2636/3596 2232/2665/3596 2217/2640/3596
f 2224/2639/3597 2240/2666/3597 2225/2641/3597
f 2217/2640/3598 2233/2667/3598 2218/2642/3598
f 2226/2643/3599 2240/2666/3599 2241/2668/3599
f 2218/2642/3600 2234/2652/3600 2219/2644/3600
f 2226/2643/3601 2242/2654/3601 2227/2645/3601
f 2238/2660/3602 2254/2669/3602 2239/2664/3602
f 2232/2665/3603 2246/2670/3604 2247/2671/3603
f 2239/2664/3605 2255/2672/3605 2240/2666/3605
f 2233/2667/3606 2247/2671/3607 2248/2673/3606
f 2241/2668/3608 2255/2672/3609 2256/2674/3608
f 2234/2652/3610 2248/2673/3610 2249/2675/3610
f 2241/2668/3611 2257/2676/3611 2242/2654/3611
f 2235/2653/3612 2249/2675/3612 2250/2677/3612
f 2242/2654/3613 2258/2678/3613 2243/2655/3613
f 2235/2653/3614 2251/2679/3614 2236/2656/3614
f 2243/2655/3615 2259/2680/3616 2244/2657/3616
f 2237/2658/3617 2251/2679/3617 2252/2681/3617
f 2244/2657/3618 2260/2682/3619 2245/2659/3619
f 2238/2660/3620 2252/2681/3620 2253/2683/3620
f 2231/2662/3621 2125/2684/3621 2246/2670/3621
f 2125/2685/3622 2245/2659/3622 2260/2682/3622
f 2258/2678/3623 2272/2686/3624 2273/2687/3625
f 2250/2677/3626 2266/2688/3626 2251/2679/3626
f 2259/2680/3627 2273/2687/3627 2274/2689/3627
f 2252/2681/3628 2266/2688/3628 2267/2690/3628
f 2259/2680/3629 2275/2691/3629 2260/2682/3629
f 2253/2683/3630 2267/2690/3630 2268/2692/3630
f 2246/2670/3631 2125/2693/3631 2261/2694/3631
f 2125/2695/3632 2260/2682/3632 2275/2691/3632
f 2253/2683/3633 2269/2696/3633 2254/2669/3633
f 2247/2671/3634 2261/2694/3634 2262/2697/3634
f 2254/2669/3635 2270/2698/3635 2255/2672/3635
f 2247/2671/3636 2263/2699/3636 2248/2673/3636
f 2256/2674/3637 2270/2698/3637 2271/2700/3637
f 2248/2673/3638 2264/2701/3639 2249/2675/3639
f 2256/2674/3640 2272/2686/3641 2257/2676/3641
f 2250/2677/3642 2264/2701/3643 2265/2702/3642
f 2262/2697/3644 2276/2703/3645 2277/2704/3644
f 2269/2696/3646 2285/2705/3647 2270/2698/3647
f 2262/2697/3648 2278/2706/3648 2263/2699/3648
f 2271/2700/3649 2285/2705/3649 2286/2707/3649
f 2263/2699/3650 2279/2708/3651 2264/2701/3651
f 2271/2700/3652 2287/2709/3653 2272/2686/3654
f 2265/2702/3655 2279/2708/3656 2280/2710/3655
f 2273/2687/3657 2287/2709/3658 2288/2711/3657
f 2265/2702/3659 2281/2712/3659 2266/2688/3659
f 2273/2687/3660 2289/2713/3660 2274/2689/3660
f 2267/2690/3661 2281/2712/3662 2282/2714/3661
f 2274/2689/3663 2290/2715/3664 2275/2691/3665
f 2268/2692/3666 2282/2714/3666 2283/2716/3666
f 2261/2694/3667 2125/2717/3667 2276/2703/3667
f 2125/2718/3668 2275/2691/3668 2290/2715/3668
f 2268/2692/3669 2284/2719/3669 2269/2696/3669
f 2280/2710/3670 2296/2720/3670 2281/2712/3670
f 2288/2711/3671 2304/2721/3671 2289/2713/3671
f 2282/2714/3672 2296/2720/3672 2297/2722/3672
f 2290/2715/3673 2304/2721/3673 2305/2723/3673
f 2283/2716/3674 2297/2722/3674 2298/2724/3674
f 2276/2703/3675 2125/2725/3675 2291/2726/3675
f 2125/2727/3676 2290/2715/3676 2305/2723/3676
f 2283/2716/3677 2299/2728/3677 2284/2719/3677
f 2276/2703/3678 2292/2729/3678 2277/2704/3678
f 2284/2719/3679 2300/2730/3679 2285/2705/3679
f 2278/2706/3680 2292/2729/3680 2293/2731/3680
f 2286/2707/3681 2300/2730/3681 2301/2732/3681
f 2278/2706/3682 2294/2733/3682 2279/2708/3682
f 2287/2709/3683 2301/2732/3683 2302/2734/3683
f 2279/2708/3684 2295/2735/3684 2280/2710/3684
f 2288/2711/3685 2302/2734/3685 2303/2736/3685
f 2299/2728/3686 2315/2737/3686 2300/2730/3686
f 2293/2731/3687 2307/2738/3687 2308/2739/3687
f 2301/2732/3688 2315/2737/3688 2316/2740/3688
f 2293/2731/3689 2309/2741/3689 2294/2733/3689
f 2301/2732/3690 2317/2742/3690 2302/2734/3691
f 2295/2735/3692 2309/2741/3692 2310/2743/3693
f 2303/2736/3694 2317/2742/3694 2318/2744/3694
f 2295/2735/3695 2311/2745/3695 2296/2720/3695
f 2303/2736/3696 2319/2746/3696 2304/2721/3696
f 2297/2722/3697 2311/2745/3697 2312/2747/3697
f 2304/2721/3698 2320/2748/3698 2305/2723/3698
f 2298/2724/3699 2312/2747/3699 2313/2749/3699
f 2291/2726/3700 2125/2750/3700 2306/2751/3700
f 2125/2752/3701 2305/2723/3701 2320/2748/3701
f 2298/2724/3702 2314/2753/3702 2299/2728/3702
f 2292/2729/3703 2306/2751/3703 2307/2738/3704
f 2318/2744/3705 2334/2754/3705 2319/2746/3705
f 2312/2747/3706 2326/2755/3706 2327/2756/3706
f 2320/2748/3707 2334/2754/3707 2335/2757/3707
f 2313/2749/3708 2327/2756/3708 2328/2758/3708
f 2306/2751/3709 2125/2759/3709 2321/2760/3709
f 2125/2761/3710 2320/2748/3710 2335/2757/3710
f 2313/2749/3711 2329/2762/3711 2314/2753/3711
f 2306/2751/3712 2322/2763/3712 2307/2738/3712
f 2314/2753/3713 2330/2764/3713 2315/2737/3713
f 2308/2739/3714 2322/2763/3714 2323/2765/3714
f 2316/2740/3715 2330/2764/3715 2331/2766/3716
f 2308/2739/3717 2324/2767/3717 2309/2741/3717
f 2316/2740/3718 2332/2768/3718 2317/2742/3718
f 2310/2743/3719 2324/2767/3719 2325/2769/3719
f 2318/2744/3720 2332/2768/3720 2333/2770/3720
f 2310/2743/3721 2326/2755/3721 2311/2745/3722
f 2331/2766/3723 2345/2771/3723 2346/2772/3723
f 2323/2765/3724 2339/2773/3724 2324/2767/3724
f 2331/2766/3725 2347/2774/3725 2332/2768/3725
f 2325/2769/3726 2339/2773/3726 2340/2775/3726
f 2333/2770/3727 2347/2774/3727 2348/2776/3727
f 2325/2769/3728 2341/2777/3728 2326/2755/3728
f 2333/2770/3729 2349/2778/3729 2334/2754/3730
f 2327/2756/3731 2341/2777/3732 2342/2779/3731
f 2334/2754/3733 2350/2780/3733 2335/2757/3733
f 2328/2758/3734 2342/2779/3734 2343/2781/3734
f 2321/2760/3735 2125/2782/3735 2336/2783/3735
f 2125/2784/3736 2335/2757/3736 2350/2780/3736
f 2328/2758/3737 2344/2785/3737 2329/2762/3737
f 2322/2763/3738 2336/2783/3738 2337/2786/3739
f 2329/2762/3740 2345/2771/3741 2330/2764/3741
f 2323/2765/3742 2337/2786/3742 2338/2787/3742
f 2350/2780/3743 2349/2778/3743 2125/2788/3743
f 2343/2781/3744 2342/2779/3744 2125/2789/3744
f 2344/2785/3745 2343/2781/3745 2125/2790/3745
f 2337/2786/3746 2336/2783/3746 2125/2791/3746
f 2345/2771/3747 2344/2785/3747 2125/2792/3747
f 2338/2787/3748 2337/2786/3748 2125/2793/3748
f 2346/2772/3749 2345/2771/3749 2125/2794/3749
f 2339/2773/3750 2338/2787/3750 2125/2795/3750
f 2347/2774/3751 2346/2772/3751 2125/2796/3751
f 2340/2775/3752 2339/2773/3752 2125/2797/3752
f 2348/2776/3753 2347/2774/3753 2125/2798/3753
f 2341/2777/3754 2340/2775/3754 2125/2799/3754
f 2349/2778/3755 2348/2776/3755 2125/2800/3755
f 2342/2779/3756 2341/2777/3756 2125/2801/3756
f 2127/2535/3468 2142/2566/3468 2143/2550/3468
f 2136/2541/3469 2135/2537/3469 2150/2551/3469
f 2128/2539/3470 2143/2550/3470 2144/2553/3470
f 2136/2541/3471 2151/2552/3471 2152/2554/3471
f 2130/2547/3472 2129/2543/3472 2144/2553/3472
f 2138/2522/3473 2137/2545/3473 2152/2554/3473
f 2130/2547/3474 2145/2555/3474 2146/2557/3474
f 2139/2523/3475 2138/2522/3475 2153/2556/3475
f 2132/2526/3476 2131/2525/3476 2146/2557/3476
f 2139/2523/3477 2154/2558/3477 2155/2560/3478
f 2133/2530/3479 2132/2526/3479 2147/2559/3479
f 2133/2530/3482 2148/2561/3482 2149/2565/3482
f 2127/2535/3483 2126/2534/3483 2141/2563/3483
f 2134/2532/3484 2149/2565/3484 2150/2551/3484
f 2146/2557/3485 2161/2583/3485 2162/2567/3485
f 2155/2560/3486 2154/2558/3487 2169/2568/3487
f 2148/2561/3488 2147/2559/3488 2162/2567/3488
f 2148/2561/3491 2163/2570/3491 2164/2574/3491
f 2141/2563/3492 2156/2572/3492 2157/2575/3493
f 2149/2565/3494 2164/2574/3494 2165/2576/3494
f 2143/2550/3495 2142/2566/3495 2157/2575/3495
f 2151/2552/3497 2150/2551/3497 2165/2576/3497
f 2143/2550/3499 2158/2577/3499 2159/2579/3499
f 2151/2552/3500 2166/2578/3757 2167/2580/3500
f 2145/2555/3501 2144/2553/3501 2159/2579/3501
f 2153/2556/3503 2152/2554/3503 2167/2580/3503
f 2145/2555/3504 2160/2581/3758 2161/2583/3504
f 2153/2556/3505 2168/2582/3759 2169/2568/3505
f 2165/2576/3506 2180/2599/3506 2181/2584/3506
f 2158/2577/3507 2173/2600/3507 2174/2585/3507
f 2166/2578/3508 2181/2584/3508 2182/2586/3508
f 2160/2581/3509 2159/2579/3509 2174/2585/3509
f 2168/2582/3510 2167/2580/3510 2182/2586/3510
f 2161/2583/3511 2160/2581/3511 2175/2587/3511
f 2169/2568/3512 2168/2582/3760 2183/2588/3513
f 2162/2567/3514 2161/2583/3514 2176/2589/3514
f 2170/2569/3515 2169/2568/3516 2184/2590/3516
f 2163/2570/3517 2162/2567/3517 2177/2591/3517
f 2163/2570/3520 2178/2593/3520 2179/2597/3520
f 2156/2572/3521 2171/2595/3521 2172/2598/3522
f 2164/2574/3523 2179/2597/3523 2180/2599/3523
f 2157/2575/3524 2172/2598/3524 2173/2600/3525
f 2184/2590/3526 2199/2617/3526 2200/2601/3527
f 2178/2593/3528 2177/2591/3528 2192/2602/3528
f 2178/2593/3531 2193/2603/3531 2194/2607/3531
f 2172/2598/3532 2171/2595/3533 2186/2605/3533
f 2179/2597/3534 2194/2607/3534 2195/2609/3534
f 2173/2600/3535 2172/2598/3536 2187/2608/3536
f 2181/2584/3537 2180/2599/3537 2195/2609/3537
f 2173/2600/3538 2188/2610/3538 2189/2612/3538
f 2181/2584/3539 2196/2611/3539 2197/2613/3539
f 2175/2587/3540 2174/2585/3540 2189/2612/3540
f 2183/2588/3541 2182/2586/3541 2197/2613/3541
f 2175/2587/3542 2190/2614/3542 2191/2616/3542
f 2183/2588/3543 2198/2615/3543 2199/2617/3544
f 2177/2591/3545 2176/2589/3545 2191/2616/3545
f 2196/2611/3546 2211/2634/3546 2212/2618/3546
f 2190/2614/3547 2189/2612/3547 2204/2619/3547
f 2197/2613/3548 2212/2618/3761 2213/2621/3548
f 2190/2614/3549 2205/2620/3549 2206/2622/3550
f 2199/2617/3551 2198/2615/3552 2213/2621/3552
f 2192/2602/3553 2191/2616/3553 2206/2622/3553
f 2200/2601/3555 2199/2617/3555 2214/2623/3555
f 2193/2603/3556 2192/2602/3556 2207/2624/3556
f 2193/2603/3559 2208/2626/3559 2209/2630/3559
f 2186/2605/3560 2201/2628/3560 2202/2631/3560
f 2194/2607/3561 2209/2630/3561 2210/2632/3561
f 2187/2608/3562 2202/2631/3562 2203/2633/3563
f 2196/2611/3564 2195/2609/3565 2210/2632/3565
f 2188/2610/3566 2203/2633/3566 2204/2619/3566
f 2208/2626/3570 2223/2651/3570 2224/2639/3570
f 2202/2631/3571 2201/2628/3571 2216/2636/3571
f 2209/2630/3572 2224/2639/3572 2225/2641/3572
f 2203/2633/3573 2202/2631/3573 2217/2640/3573
f 2211/2634/3574 2210/2632/3574 2225/2641/3574
f 2203/2633/3575 2218/2642/3575 2219/2644/3575
f 2211/2634/3576 2226/2643/3576 2227/2645/3576
f 2205/2620/3578 2204/2619/3762 2219/2644/3578
f 2213/2621/3579 2212/2618/3579 2227/2645/3579
f 2205/2620/3580 2220/2646/3580 2221/2648/3580
f 2213/2621/3581 2228/2647/3581 2229/2649/3581
f 2207/2624/3582 2206/2622/3582 2221/2648/3582
f 2214/2623/3583 2229/2649/3583 2230/2638/3583
f 2208/2626/3584 2207/2624/3584 2222/2650/3584
f 2220/2646/3585 2219/2644/3585 2234/2652/3585
f 2228/2647/3586 2227/2645/3586 2242/2654/3586
f 2220/2646/3587 2235/2653/3587 2236/2656/3588
f 2229/2649/3589 2228/2647/3589 2243/2655/3589
f 2222/2650/3590 2221/2648/3590 2236/2656/3590
f 2230/2638/3591 2229/2649/3591 2244/2657/3591
f 2223/2651/3592 2222/2650/3592 2237/2658/3592
f 2223/2651/3595 2238/2660/3595 2239/2664/3595
f 2216/2636/3596 2231/2662/3596 2232/2665/3596
f 2224/2639/3597 2239/2664/3597 2240/2666/3597
f 2217/2640/3598 2232/2665/3598 2233/2667/3598
f 2226/2643/3599 2225/2641/3599 2240/2666/3599
f 2218/2642/3600 2233/2667/3600 2234/2652/3600
f 2226/2643/3601 2241/2668/3601 2242/2654/3601
f 2238/2660/3602 2253/2683/3602 2254/2669/3602
f 2232/2665/3603 2231/2662/3604 2246/2670/3604
f 2239/2664/3605 2254/2669/3605 2255/2672/3605
f 2233/2667/3606 2232/2665/3607 2247/2671/3607
f 2241/2668/3608 2240/2666/3609 2255/2672/3609
f 2234/2652/3610 2233/2667/3610 2248/2673/3610
f 2241/2668/3611 2256/2674/3611 2257/2676/3611
f 2235/2653/3612 2234/2652/3612 2249/2675/3612
f 2242/2654/3613 2257/2676/3613 2258/2678/3613
f 2235/2653/3614 2250/2677/3614 2251/2679/3614
f 2243/2655/3615 2258/2678/3615 2259/2680/3616
f 2237/2658/3617 2236/2656/3617 2251/2679/3617
f 2244/2657/3618 2259/2680/3618 2260/2682/3619
f 2238/2660/3620 2237/2658/3620 2252/2681/3620
f 2258/2678/3623 2257/2676/3624 2272/2686/3624
f 2250/2677/3626 2265/2702/3626 2266/2688/3626
f 2259/2680/3627 2258/2678/3627 2273/2687/3627
f 2252/2681/3628 2251/2679/3628 2266/2688/3628
f 2259/2680/3629 2274/2689/3629 2275/2691/3629
f 2253/2683/3630 2252/2681/3630 2267/2690/3630
f 2253/2683/3633 2268/2692/3633 2269/2696/3633
f 2247/2671/3634 2246/2670/3634 2261/2694/3634
f 2254/2669/3635 2269/2696/3635 2270/2698/3635
f 2247/2671/3636 2262/2697/3636 2263/2699/3636
f 2256/2674/3637 2255/2672/3637 2270/2698/3637
f 2248/2673/3638 2263/2699/3638 2264/2701/3639
f 2256/2674/3640 2271/2700/3640 2272/2686/3641
f 2250/2677/3642 2249/2675/3643 2264/2701/3643
f 2262/2697/3644 2261/2694/3763 2276/2703/3645
f 2269/2696/3646 2284/2719/3646 2285/2705/3647
f 2262/2697/3648 2277/2704/3648 2278/2706/3648
f 2271/2700/3649 2270/2698/3649 2285/2705/3649
f 2263/2699/3650 2278/2706/3650 2279/2708/3651
f 2271/2700/3652 2286/2707/3652 2287/2709/3653
f 2265/2702/3655 2264/2701/3764 2279/2708/3656
f 2273/2687/3657 2272/2686/3658 2287/2709/3658
f 2265/2702/3659 2280/2710/3659 2281/2712/3659
f 2273/2687/3660 2288/2711/3660 2289/2713/3660
f 2267/2690/3661 2266/2688/3662 2281/2712/3662
f 2274/2689/3663 2289/2713/3663 2290/2715/3664
f 2268/2692/3666 2267/2690/3666 2282/2714/3666
f 2268/2692/3669 2283/2716/3669 2284/2719/3669
f 2280/2710/3670 2295/2735/3670 2296/2720/3670
f 2288/2711/3671 2303/2736/3671 2304/2721/3671
f 2282/2714/3672 2281/2712/3672 2296/2720/3672
f 2290/2715/3673 2289/2713/3673 2304/2721/3673
f 2283/2716/3674 2282/2714/3674 2297/2722/3674
f 2283/2716/3677 2298/2724/3677 2299/2728/3677
f 2276/2703/3678 2291/2726/3678 2292/2729/3678
f 2284/2719/3679 2299/2728/3679 2300/2730/3679
f 2278/2706/3680 2277/2704/3680 2292/2729/3680
f 2286/2707/3681 2285/2705/3681 2300/2730/3681
f 2278/2706/3682 2293/2731/3682 2294/2733/3682
f 2287/2709/3683 2286/2707/3683 2301/2732/3683
f 2279/2708/3684 2294/2733/3684 2295/2735/3684
f 2288/2711/3685 2287/2709/3685 2302/2734/3685
f 2299/2728/3686 2314/2753/3686 2315/2737/3686
f 2293/2731/3687 2292/2729/3687 2307/2738/3687
f 2301/2732/3688 2300/2730/3688 2315/2737/3688
f 2293/2731/3689 2308/2739/3689 2309/2741/3689
f 2301/2732/3690 2316/2740/3765 2317/2742/3690
f 2295/2735/3692 2294/2733/3766 2309/2741/3692
f 2303/2736/3694 2302/2734/3694 2317/2742/3694
f 2295/2735/3695 2310/2743/3695 2311/2745/3695
f 2303/2736/3696 2318/2744/3696 2319/2746/3696
f 2297/2722/3697 2296/2720/3697 2311/2745/3697
f 2304/2721/3698 2319/2746/3698 2320/2748/3698
f 2298/2724/3699 2297/2722/3699 2312/2747/3699
f 2298/2724/3702 2313/2749/3702 2314/2753/3702
f 2292/2729/3703 2291/2726/3703 2306/2751/3703
f 2318/2744/3705 2333/2770/3705 2334/2754/3705
f 2312/2747/3706 2311/2745/3706 2326/2755/3706
f 2320/2748/3707 2319/2746/3707 2334/2754/3707
f 2313/2749/3708 2312/2747/3708 2327/2756/3708
f 2313/2749/3711 2328/2758/3711 2329/2762/3711
f 2306/2751/3712 2321/2760/3712 2322/2763/3712
f 2314/2753/3713 2329/2762/3713 2330/2764/3713
f 2308/2739/3714 2307/2738/3714 2322/2763/3714
f 2316/2740/3715 2315/2737/3715 2330/2764/3715
f 2308/2739/3717 2323/2765/3717 2324/2767/3717
f 2316/2740/3718 2331/2766/3718 2332/2768/3718
f 2310/2743/3719 2309/2741/3719 2324/2767/3719
f 2318/2744/3720 2317/2742/3720 2332/2768/3720
f 2310/2743/3721 2325/2769/3767 2326/2755/3721
f 2331/2766/3723 2330/2764/3723 2345/2771/3723
f 2323/2765/3724 2338/2787/3724 2339/2773/3724
f 2331/2766/3725 2346/2772/3725 2347/2774/3725
f 2325/2769/3726 2324/2767/3726 2339/2773/3726
f 2333/2770/3727 2332/2768/3727 2347/2774/3727
f 2325/2769/3728 2340/2775/3728 2341/2777/3728
f 2333/2770/3729 2348/2776/3729 2349/2778/3729
f 2327/2756/3731 2326/2755/3732 2341/2777/3732
f 2334/2754/3733 2349/2778/3768 2350/2780/3733
f 2328/2758/3734 2327/2756/3734 2342/2779/3734
f 2328/2758/3737 2343/2781/3737 2344/2785/3737
f 2322/2763/3738 2321/2760/3738 2336/2783/3738
f 2329/2762/3740 2344/2785/3740 2345/2771/3741
f 2323/2765/3742 2322/2763/3769 2337/2786/3742
o 球.007
v -0.901364 1.290094 -0.560822
v -0.874707 1.644047 -0.654989
v -0.856947 1.623511 -0.645310
v -0.840579 1.590161 -0.636389
v -0.826233 1.545280 -0.628571
v -0.814459 1.490592 -0.622154
v -0.805711 1.428200 -0.617385
v -0.800323 1.360500 -0.614450
v -0.798504 1.290094 -0.613458
v -0.800323 1.219688 -0.614450
v -0.805711 1.151988 -0.617386
v -0.814459 1.089596 -0.622154
v -0.826233 1.034908 -0.628571
v -0.840579 0.990027 -0.636390
v -0.856947 0.956677 -0.645310
v -0.874707 0.936141 -0.654989
v -0.876464 1.644047 -0.646843
v -0.860394 1.623511 -0.629331
v -0.845584 1.590161 -0.613191
v -0.832603 1.545280 -0.599045
v -0.821949 1.490592 -0.587436
v -0.814033 1.428200 -0.578809
v -0.809158 1.360500 -0.573497
v -0.807513 1.290094 -0.571703
v -0.809158 1.219688 -0.573497
v -0.814033 1.151988 -0.578809
v -0.821949 1.089596 -0.587436
v -0.832603 1.034908 -0.599045
v -0.845584 0.990027 -0.613191
v -0.860394 0.956677 -0.629331
v -0.876464 0.936141 -0.646843
v -0.878864 1.644047 -0.639397
v -0.865101 1.623511 -0.614724
v -0.852417 1.590161 -0.591986
v -0.841300 1.545280 -0.572056
v -0.832177 1.490592 -0.555701
v -0.825397 1.428200 -0.543546
v -0.821222 1.360500 -0.536062
v -0.819813 1.290094 -0.533535
v -0.821222 1.219688 -0.536062
v -0.825397 1.151988 -0.543546
v -0.832177 1.089596 -0.555701
v -0.841300 1.034908 -0.572056
v -0.852417 0.990027 -0.591986
v -0.865101 0.956677 -0.614724
v -0.878864 0.936141 -0.639397
v -0.881813 1.644047 -0.632937
v -0.870888 1.623511 -0.602053
v -0.860818 1.590161 -0.573590
v -0.851991 1.545280 -0.548642
v -0.844748 1.490592 -0.528168
v -0.839365 1.428200 -0.512953
v -0.836051 1.360500 -0.503585
v -0.834932 1.290094 -0.500422
v -0.836051 1.219688 -0.503585
v -0.839365 1.151988 -0.512953
v -0.844748 1.089596 -0.528168
v -0.851991 1.034908 -0.548642
v -0.860818 0.990027 -0.573590
v -0.870888 0.956677 -0.602053
v -0.881813 0.936141 -0.632937
v -0.885199 1.644047 -0.627711
v -0.877530 1.623511 -0.591802
v -0.870461 1.590161 -0.558708
v -0.864265 1.545280 -0.529701
v -0.859180 1.490592 -0.505895
v -0.855402 1.428200 -0.488206
v -0.853076 1.360500 -0.477314
v -0.852290 1.290094 -0.473635
v -0.853076 1.219688 -0.477314
v -0.855402 1.151988 -0.488206
v -0.859180 1.089596 -0.505895
v -0.864265 1.034908 -0.529701
v -0.870461 0.990027 -0.558708
v -0.877530 0.956677 -0.591802
v -0.885199 0.936141 -0.627711
v -0.888892 1.644047 -0.623920
v -0.884773 1.623511 -0.584366
v -0.880978 1.590161 -0.547913
v -0.877650 1.545280 -0.515961
v -0.874920 1.490592 -0.489739
v -0.872890 1.428200 -0.470255
v -0.871641 1.360500 -0.458256
v -0.871219 1.290094 -0.454205
v -0.871641 1.219688 -0.458256
v -0.872890 1.151988 -0.470255
v -0.874920 1.089596 -0.489739
v -0.877650 1.034908 -0.515961
v -0.880978 0.990027 -0.547913
v -0.884773 0.956677 -0.584366
v -0.888892 0.936141 -0.623920
v -0.892750 1.644047 -0.621710
v -0.892340 1.623511 -0.580031
v -0.891962 1.590161 -0.541619
v -0.891632 1.545280 -0.507951
v -0.891360 1.490592 -0.480321
v -0.891158 1.428200 -0.459789
v -0.891034 1.360500 -0.447147
v -0.890992 1.290094 -0.442877
v -0.891034 1.219688 -0.447147
v -0.891158 1.151988 -0.459789
v -0.891360 1.089596 -0.480321
v -0.891632 1.034908 -0.507951
v -0.891962 0.990027 -0.541619
v -0.892340 0.956677 -0.580031
v -0.892750 0.936141 -0.621710
v -0.896624 1.644047 -0.621166
v -0.899939 1.623511 -0.578964
v -0.902994 1.590161 -0.540070
v -0.905672 1.545280 -0.505979
v -0.907870 1.490592 -0.478002
v -0.909503 1.428200 -0.457212
v -0.910509 1.360500 -0.444410
v -0.910848 1.290094 -0.440088
v -0.910509 1.219688 -0.444410
v -0.909503 1.151988 -0.457212
v -0.907870 1.089596 -0.478001
v -0.905672 1.034908 -0.505979
v -0.902994 0.990027 -0.540070
v -0.899939 0.956677 -0.578964
v -0.896624 0.936141 -0.621166
v -0.900365 1.644047 -0.622308
v -0.907278 1.623511 -0.581204
v -0.913649 1.590161 -0.543323
v -0.919233 1.545280 -0.510119
v -0.923816 1.490592 -0.482871
v -0.927221 1.428200 -0.462622
v -0.929318 1.360500 -0.450154
v -0.930026 1.290094 -0.445944
v -0.929318 1.219688 -0.450154
v -0.927221 1.151988 -0.462622
v -0.923816 1.089596 -0.482871
v -0.919233 1.034908 -0.510119
v -0.913649 0.990027 -0.543323
v -0.907278 0.956677 -0.581205
v -0.900365 0.936141 -0.622308
v -0.903830 1.644047 -0.625093
v -0.914075 1.623511 -0.586668
v -0.923516 1.590161 -0.551254
v -0.931793 1.545280 -0.520214
v -0.938584 1.490592 -0.494741
v -0.943630 1.428200 -0.475812
v -0.946738 1.360500 -0.464155
v -0.947787 1.290094 -0.460219
v -0.946738 1.219688 -0.464155
v -0.943630 1.151988 -0.475812
v -0.938584 1.089596 -0.494741
v -0.931793 1.034908 -0.520214
v -0.923516 0.990027 -0.551254
v -0.914075 0.956677 -0.586668
v -0.903830 0.936141 -0.625093
v -0.906886 1.644047 -0.629415
v -0.920069 1.623511 -0.595144
v -0.932218 1.590161 -0.563559
v -0.942867 1.545280 -0.535875
v -0.951607 1.490592 -0.513156
v -0.958101 1.428200 -0.496274
v -0.962100 1.360500 -0.485878
v -0.963450 1.290094 -0.482368
v -0.962100 1.219688 -0.485878
v -0.958101 1.151988 -0.496274
v -0.951607 1.089596 -0.513156
v -0.942867 1.034908 -0.535875
v -0.932218 0.990027 -0.563560
v -0.920069 0.956677 -0.595144
v -0.906886 0.936141 -0.629415
v -0.909414 1.644047 -0.635105
v -0.925030 1.623511 -0.606306
v -0.939420 1.590161 -0.579764
v -0.952033 1.545280 -0.556501
v -0.962385 1.490592 -0.537409
v -0.970077 1.428200 -0.523221
v -0.974813 1.360500 -0.514486
v -0.976412 1.290094 -0.511537
v -0.974813 1.219688 -0.514486
v -0.970077 1.151988 -0.523221
v -0.962385 1.089596 -0.537409
v -0.952033 1.034908 -0.556501
v -0.939420 0.990027 -0.579764
v -0.925030 0.956677 -0.606306
v -0.909414 0.936141 -0.635105
v -0.911319 1.644047 -0.641947
v -0.928765 1.623511 -0.619726
v -0.944844 1.590161 -0.599248
v -0.958937 1.545280 -0.581297
v -0.970502 1.490592 -0.566567
v -0.979097 1.428200 -0.555620
v -0.984389 1.360500 -0.548880
v -0.986176 1.290094 -0.546604
v -0.984389 1.219688 -0.548880
v -0.979097 1.151988 -0.555620
v -0.970502 1.089596 -0.566567
v -0.958937 1.034908 -0.581297
v -0.944844 0.990027 -0.599248
v -0.928765 0.956677 -0.619726
v -0.911319 0.936141 -0.641947
v -0.912527 1.644047 -0.649676
v -0.931134 1.623511 -0.634888
v -0.948283 1.590161 -0.621259
v -0.963314 1.545280 -0.609313
v -0.975649 1.490592 -0.599510
v -0.984815 1.428200 -0.592225
v -0.990460 1.360500 -0.587739
v -0.992365 1.290094 -0.586224
v -0.990460 1.219688 -0.587739
v -0.984815 1.151988 -0.592225
v -0.975649 1.089596 -0.599510
v -0.963314 1.034908 -0.609313
v -0.948283 0.990027 -0.621259
v -0.931134 0.956677 -0.634888
v -0.912527 0.936141 -0.649676
v -0.912991 1.644047 -0.657997
v -0.932044 1.623511 -0.651209
v -0.949604 1.590161 -0.644954
v -0.964995 1.545280 -0.639471
v -0.977626 1.490592 -0.634972
v -0.987012 1.428200 -0.631628
v -0.992792 1.360500 -0.629569
v -0.994744 1.290094 -0.628874
v -0.992792 1.219688 -0.629569
v -0.987012 1.151988 -0.631628
v -0.977626 1.089596 -0.634972
v -0.964995 1.034908 -0.639472
v -0.949604 0.990027 -0.644954
v -0.932044 0.956677 -0.651209
v -0.912991 0.936141 -0.657997
vn 0.0218 0.2483 -0.9684
vn -0.4273 -0.0731 -0.9011
vn 0.2057 0.2660 -0.9418
vn -0.4554 -0.0243 -0.8899
vn -0.4554 0.0243 -0.8900
vn 0.2057 -0.2660 -0.9418
vn -0.4273 0.0731 -0.9011
vn 0.0218 -0.2483 -0.9684
vn -0.3686 0.1221 -0.9215
vn -0.1436 -0.2142 -0.9662
vn -0.2750 0.1702 -0.9462
vn -0.2750 -0.1702 -0.9462
vn -0.1436 0.2142 -0.9662
vn -0.3686 -0.1221 -0.9215
vn 0.8615 0.4725 0.1858
vn 0.9662 -0.1514 0.2085
vn 0.9229 0.3297 0.1991
vn 0.9515 -0.2289 0.2053
vn 0.9515 0.2289 0.2053
vn 0.9229 -0.3297 0.1991
vn 0.9662 0.1514 0.2085
vn 0.8615 -0.4725 0.1858
vn 0.9738 0.0866 0.2101
vn 0.7106 -0.6867 0.1533
vn 0.9771 0.0282 0.2108
vn -0.9774 0.0175 -0.2108
vn -0.9774 -0.0175 -0.2108
vn 0.9771 -0.0282 0.2108
vn 0.7106 0.6867 0.1533
vn 0.9738 -0.0866 0.2101
vn 0.9477 0.0922 0.3054
vn 0.6709 -0.7093 0.2162
vn 0.6709 -0.7094 0.2162
vn 0.9514 0.0300 0.3066
vn -0.9518 -0.0076 -0.3067
vn -0.9518 0.0076 -0.3067
vn 0.9514 -0.0300 0.3066
vn 0.6709 0.7093 0.2162
vn 0.6709 0.7094 0.2162
vn 0.9477 -0.0922 0.3054
vn 0.8265 0.4959 0.2664
vn 0.9394 -0.1610 0.3027
vn 0.9394 -0.1611 0.3027
vn 0.8921 0.3486 0.2875
vn 0.9233 -0.2430 0.2975
vn 0.9233 0.2430 0.2975
vn 0.9233 0.2430 0.2976
vn 0.8921 -0.3486 0.2875
vn 0.9394 0.1610 0.3027
vn 0.8265 -0.4959 0.2664
vn 0.8953 -0.1769 0.4088
vn 0.8417 0.3792 0.3844
vn 0.8417 0.3792 0.3843
vn 0.8769 -0.2660 0.4004
vn 0.8769 0.2660 0.4004
vn 0.8417 -0.3792 0.3844
vn 0.8417 -0.3792 0.3843
vn 0.8953 0.1769 0.4088
vn 0.7699 -0.5325 0.3516
vn 0.9050 0.1015 0.4132
vn 0.6093 -0.7426 0.2782
vn 0.6092 -0.7426 0.2782
vn 0.9092 0.0331 0.4151
vn -0.9091 -0.0344 -0.4152
vn -0.9091 0.0344 -0.4152
vn 0.9092 -0.0331 0.4151
vn 0.6093 0.7426 0.2782
vn 0.6093 0.7425 0.2782
vn 0.9050 -0.1015 0.4132
vn 0.7699 0.5325 0.3516
vn 0.5206 -0.7843 0.3374
vn 0.5207 -0.7843 0.3373
vn 0.8386 0.0377 0.5434
vn -0.8375 -0.0643 -0.5426
vn -0.8375 0.0643 -0.5426
vn 0.8386 -0.0377 0.5434
vn 0.5206 0.7843 0.3374
vn 0.5207 0.7843 0.3373
vn 0.8336 -0.1156 0.5402
vn 0.6819 0.5830 0.4418
vn 0.8221 -0.2008 0.5327
vn 0.7603 0.4234 0.4927
vn 0.8005 -0.3002 0.5187
vn 0.8005 0.3002 0.5187
vn 0.7603 -0.4234 0.4927
vn 0.8221 0.2008 0.5327
vn 0.6819 -0.5830 0.4418
vn 0.8336 0.1156 0.5402
vn 0.6717 -0.3473 0.6544
vn 0.6717 0.3473 0.6544
vn 0.6277 -0.4818 0.6115
vn 0.6963 0.2345 0.6784
vn 0.5474 -0.6451 0.5332
vn 0.5473 -0.6451 0.5332
vn 0.7097 0.1356 0.6914
vn 0.3996 -0.8299 0.3893
vn 0.7156 0.0444 0.6971
vn -0.7128 -0.0987 -0.6944
vn -0.7128 0.0987 -0.6944
vn 0.7156 -0.0444 0.6971
vn 0.3996 0.8299 0.3893
vn 0.7097 -0.1356 0.6914
vn 0.5474 0.6451 0.5332
vn 0.5473 0.6451 0.5332
vn 0.6963 -0.2345 0.6784
vn 0.6277 0.4818 0.6115
vn -0.4924 -0.1359 -0.8597
vn -0.4924 0.1359 -0.8597
vn 0.4964 -0.0528 0.8665
vn 0.2444 0.8708 0.4266
vn 0.4906 -0.1608 0.8564
vn 0.3506 0.7089 0.6120
vn 0.4778 -0.2760 0.8340
vn 0.4159 0.5477 0.7260
vn 0.4549 -0.4034 0.7940
vn 0.4548 -0.4034 0.7940
vn 0.4549 0.4034 0.7940
vn 0.4159 -0.5477 0.7260
vn 0.4778 0.2760 0.8340
vn 0.3506 -0.7089 0.6120
vn 0.4906 0.1608 0.8564
vn 0.2444 -0.8708 0.4266
vn 0.4964 0.0528 0.8665
vn 0.1244 0.4479 0.8854
vn 0.1116 -0.5969 0.7945
vn 0.1322 0.3102 0.9414
vn 0.1323 0.3102 0.9414
vn 0.0916 -0.7524 0.6523
vn 0.1368 0.1821 0.9737
vn 0.0619 -0.8955 0.4407
vn 0.0619 -0.8955 0.4406
vn 0.1389 0.0600 0.9885
vn -0.1373 -0.1647 -0.9767
vn -0.1373 0.1647 -0.9767
vn 0.1389 -0.0600 0.9885
vn 0.0619 0.8955 0.4407
vn 0.1368 -0.1821 0.9737
vn 0.0916 0.7524 0.6523
vn 0.1323 -0.3102 0.9414
vn 0.1116 0.5969 0.7945
vn 0.1244 -0.4479 0.8854
vn -0.2915 -0.0600 0.9547
vn -0.1299 0.8955 0.4256
vn -0.1300 0.8955 0.4256
vn -0.2872 -0.1821 0.9404
vn -0.1924 0.7524 0.6300
vn -0.1923 0.7524 0.6300
vn -0.2777 -0.3102 0.9092
vn -0.2776 -0.3102 0.9092
vn -0.2343 0.5969 0.7674
vn -0.2611 -0.4479 0.8551
vn -0.2611 0.4479 0.8551
vn -0.2343 -0.5969 0.7674
vn -0.2776 0.3102 0.9092
vn -0.1924 -0.7524 0.6300
vn -0.1923 -0.7524 0.6300
vn -0.2872 0.1821 0.9404
vn -0.1299 -0.8955 0.4256
vn -0.1300 -0.8955 0.4256
vn -0.2915 0.0600 0.9547
vn 0.2881 -0.1647 -0.9433
vn 0.2881 0.1647 -0.9433
vn -0.5242 -0.5477 0.6521
vn -0.5242 -0.5477 0.6522
vn -0.6022 0.2760 0.7492
vn -0.4419 -0.7089 0.5498
vn -0.6183 0.1608 0.7693
vn -0.3080 -0.8708 0.3833
vn -0.6256 0.0528 0.7784
vn 0.6206 -0.1359 -0.7723
vn 0.6206 0.1359 -0.7723
vn -0.6256 -0.0528 0.7784
vn -0.3080 0.8708 0.3833
vn -0.6183 -0.1608 0.7693
vn -0.4419 0.7089 0.5498
vn -0.6022 -0.2760 0.7492
vn -0.5242 0.5477 0.6521
vn -0.5242 0.5477 0.6522
vn -0.5241 0.5477 0.6522
vn -0.5732 -0.4034 0.7132
vn -0.5732 0.4034 0.7132
vn -0.5733 0.4034 0.7132
vn -0.4555 0.8299 0.3221
vn -0.8089 -0.1356 0.5721
vn -0.6239 0.6451 0.4412
vn -0.7937 -0.2345 0.5613
vn -0.7154 0.4818 0.5059
vn -0.7155 0.4818 0.5059
vn -0.7656 -0.3473 0.5415
vn -0.7657 -0.3473 0.5414
vn -0.7656 0.3473 0.5415
vn -0.7657 0.3473 0.5414
vn -0.7154 -0.4818 0.5059
vn -0.7155 -0.4818 0.5059
vn -0.7937 0.2345 0.5613
vn -0.6239 -0.6451 0.4412
vn -0.8089 0.1356 0.5721
vn -0.4555 -0.8299 0.3221
vn -0.8157 0.0444 0.5768
vn 0.8125 -0.0987 -0.5745
vn 0.8125 0.0987 -0.5745
vn -0.8157 -0.0444 0.5768
vn -0.8952 0.2008 0.3978
vn -0.7425 -0.5830 0.3300
vn -0.7424 -0.5830 0.3300
vn -0.9077 0.1156 0.4034
vn -0.5669 -0.7843 0.2519
vn -0.5669 -0.7843 0.2520
vn -0.9132 0.0377 0.4058
vn 0.9120 -0.0643 -0.4052
vn 0.9120 0.0643 -0.4052
vn -0.9132 -0.0377 0.4058
vn -0.5669 0.7843 0.2519
vn -0.5669 0.7843 0.2520
vn -0.9077 -0.1156 0.4034
vn -0.7425 0.5830 0.3300
vn -0.7425 0.5830 0.3299
vn -0.8952 -0.2008 0.3978
vn -0.8279 0.4234 0.3679
vn -0.8717 -0.3002 0.3874
vn -0.8717 0.3002 0.3874
vn -0.8279 -0.4234 0.3679
vn -0.9584 -0.1015 0.2668
vn -0.8154 0.5325 0.2270
vn -0.9482 -0.1769 0.2640
vn -0.8914 0.3792 0.2482
vn -0.9286 -0.2660 0.2585
vn -0.9286 -0.2660 0.2586
vn -0.9286 0.2660 0.2585
vn -0.9286 0.2660 0.2586
vn -0.9287 0.2660 0.2585
vn -0.8914 -0.3792 0.2482
vn -0.9482 0.1769 0.2640
vn -0.8154 -0.5325 0.2270
vn -0.9584 0.1015 0.2668
vn -0.6453 -0.7425 0.1796
vn -0.6452 -0.7426 0.1797
vn -0.9628 0.0331 0.2681
vn 0.9628 -0.0344 -0.2681
vn 0.9628 0.0344 -0.2681
vn -0.9628 -0.0331 0.2681
vn -0.6453 0.7425 0.1796
vn -0.6452 0.7426 0.1797
vn -0.8579 -0.4959 0.1340
vn -0.9838 0.0922 0.1537
vn -0.6964 -0.7093 0.1088
vn -0.9876 0.0300 0.1543
vn 0.9880 -0.0076 -0.1543
vn 0.9880 0.0076 -0.1543
vn -0.9876 -0.0300 0.1543
vn -0.9876 -0.0301 0.1543
vn -0.6964 0.7093 0.1088
vn -0.9838 -0.0922 0.1537
vn -0.8579 0.4959 0.1340
vn -0.9751 -0.1610 0.1523
vn -0.9751 -0.1610 0.1524
vn -0.9260 0.3486 0.1447
vn -0.9584 -0.2430 0.1497
vn -0.9584 0.2430 0.1497
vn -0.9260 -0.3486 0.1447
vn -0.9751 0.1610 0.1523
vn -0.9869 -0.1514 0.0550
vn -0.9426 0.3297 0.0525
vn -0.9426 0.3297 0.0526
vn -0.9719 -0.2289 0.0542
vn -0.9719 0.2289 0.0542
vn -0.9426 -0.3297 0.0525
vn -0.9869 0.1514 0.0550
vn -0.8800 -0.4725 0.0490
vn -0.9947 0.0866 0.0555
vn -0.7258 -0.6867 0.0404
vn -0.7258 -0.6868 0.0404
vn -0.9981 0.0282 0.0557
vn 0.9983 0.0175 -0.0556
vn 0.9983 -0.0175 -0.0556
vn -0.9981 -0.0282 0.0557
vn -0.9981 -0.0282 0.0556
vn -0.7258 0.6867 0.0405
vn -0.7258 0.6867 0.0404
vn -0.9947 -0.0866 0.0555
vn -0.8800 0.4725 0.0490
vn -0.0561 0.2660 -0.9623
vn 0.5888 -0.0243 -0.8079
vn 0.5888 0.0243 -0.8079
vn -0.0561 -0.2660 -0.9623
vn 0.5628 0.0731 -0.8233
vn 0.1296 -0.2483 -0.9600
vn 0.5080 0.1221 -0.8527
vn 0.2927 -0.2142 -0.9319
vn 0.4194 0.1702 -0.8917
vn 0.4194 -0.1702 -0.8917
vn 0.2927 0.2142 -0.9319
vn 0.5080 -0.1221 -0.8527
vn 0.1296 0.2483 -0.9600
vn 0.5628 -0.0731 -0.8233
vn 0.9394 0.1611 0.3027
vn 0.6093 -0.7425 0.2782
vn 0.6092 0.7426 0.2782
vn 0.4548 0.4034 0.7940
vn -0.5241 -0.5477 0.6522
vn -0.5733 -0.4034 0.7132
vn -0.6239 0.6451 0.4411
vn -0.7425 -0.5830 0.3299
vn -0.7424 0.5830 0.3300
vn -0.9287 -0.2660 0.2585
vn -0.9876 0.0301 0.1543
vn -0.9426 -0.3297 0.0526
vn -0.9981 0.0282 0.0556
vn -0.7258 0.6868 0.0405
vt 0.343104 0.847915
vt 0.301478 0.841486
vt 0.297887 0.837861
vt 0.330825 0.883046
vt 0.311855 0.896130
vt 0.313953 0.887545
vt 0.345454 0.832977
vt 0.294873 0.835271
vt 0.330104 0.879977
vt 0.314860 0.878236
vt 0.330150 0.876590
vt 0.314011 0.868900
vt 0.345528 0.923584
vt 0.294715 0.921227
vt 0.297746 0.918628
vt 0.330923 0.873368
vt 0.311890 0.860305
vt 0.343176 0.908587
vt 0.301358 0.914991
vt 0.332614 0.870142
vt 0.309019 0.852650
vt 0.338490 0.898875
vt 0.305102 0.910136
vt 0.336427 0.864185
vt 0.305204 0.846336
vt 0.336488 0.892338
vt 0.308951 0.903815
vt 0.338485 0.857629
vt 0.332701 0.886297
vt 0.299367 0.912766
vt 0.307318 0.861907
vt 0.305098 0.854791
vt 0.302230 0.907786
vt 0.302336 0.848671
vt 0.305024 0.901655
vt 0.299490 0.843699
vt 0.307286 0.894522
vt 0.296703 0.839657
vt 0.308767 0.886617
vt 0.294311 0.836273
vt 0.309374 0.878219
vt 0.245306 0.933323
vt 0.294152 0.920219
vt 0.245704 0.823180
vt 0.308830 0.869819
vt 0.296559 0.916822
vt 0.304384 0.885886
vt 0.295630 0.841181
vt 0.293767 0.837149
vt 0.304754 0.878208
vt 0.248078 0.934857
vt 0.293606 0.919339
vt 0.248465 0.821652
vt 0.304394 0.870527
vt 0.295484 0.915289
vt 0.303361 0.863205
vt 0.297533 0.910925
vt 0.301721 0.856498
vt 0.299663 0.905864
vt 0.299775 0.850579
vt 0.301634 0.899931
vt 0.297660 0.845528
vt 0.303279 0.893215
vt 0.298891 0.857833
vt 0.297437 0.904360
vt 0.297557 0.852071
vt 0.298799 0.898584
vt 0.296072 0.846977
vt 0.299884 0.892215
vt 0.294611 0.842410
vt 0.300643 0.885340
vt 0.293236 0.837890
vt 0.300896 0.878199
vt 0.250395 0.937423
vt 0.293074 0.918594
vt 0.250773 0.819100
vt 0.300667 0.871060
vt 0.294462 0.914053
vt 0.299953 0.864190
vt 0.295942 0.909464
vt 0.292705 0.838487
vt 0.297572 0.884941
vt 0.297730 0.878192
vt 0.252772 0.942045
vt 0.292541 0.917993
vt 0.253147 0.814508
vt 0.297602 0.871446
vt 0.293547 0.913104
vt 0.297168 0.864922
vt 0.294513 0.908362
vt 0.296465 0.858803
vt 0.295519 0.903236
vt 0.295646 0.853186
vt 0.296373 0.897602
vt 0.294647 0.848069
vt 0.297102 0.891472
vt 0.293700 0.843352
vt 0.293995 0.853945
vt 0.293885 0.902464
vt 0.294364 0.896932
vt 0.293423 0.848841
vt 0.294817 0.890967
vt 0.292849 0.844012
vt 0.295081 0.884670
vt 0.292226 0.838913
vt 0.295167 0.878186
vt 0.258362 0.945557
vt 0.292060 0.917565
vt 0.258727 0.811040
vt 0.295114 0.871704
vt 0.292691 0.912438
vt 0.294884 0.865415
vt 0.293273 0.907592
vt 0.294457 0.859461
vt 0.266901 0.953285
vt 0.291585 0.917308
vt 0.267226 0.803364
vt 0.291754 0.839168
vt 0.293081 0.871852
vt 0.291898 0.912043
vt 0.292998 0.865697
vt 0.292164 0.907137
vt 0.292779 0.859845
vt 0.292477 0.902015
vt 0.292592 0.854387
vt 0.292682 0.896540
vt 0.292313 0.849291
vt 0.292930 0.890675
vt 0.292061 0.844404
vt 0.293047 0.884511
vt 0.293080 0.878180
vt 0.291200 0.901868
vt 0.291192 0.896404
vt 0.291321 0.854529
vt 0.291283 0.849440
vt 0.291273 0.890575
vt 0.291303 0.844532
vt 0.291278 0.884454
vt 0.291302 0.839257
vt 0.291272 0.878175
vt 0.281411 0.958603
vt 0.291131 0.917219
vt 0.281655 0.798102
vt 0.291314 0.871899
vt 0.291136 0.911912
vt 0.291344 0.865788
vt 0.291133 0.906983
vt 0.291292 0.859973
vt 0.289549 0.871851
vt 0.290676 0.917307
vt 0.290374 0.912042
vt 0.289686 0.865698
vt 0.290098 0.907123
vt 0.289807 0.859854
vt 0.289920 0.902005
vt 0.290049 0.854387
vt 0.289702 0.896516
vt 0.290251 0.849297
vt 0.289612 0.890656
vt 0.290546 0.844400
vt 0.289511 0.884492
vt 0.290850 0.839169
vt 0.289470 0.878170
vt 0.300779 0.958620
vt 0.300911 0.798102
vt 0.288639 0.853948
vt 0.289139 0.848850
vt 0.287712 0.890922
vt 0.289758 0.844003
vt 0.287480 0.884628
vt 0.290390 0.838911
vt 0.287399 0.878163
vt 0.315468 0.952344
vt 0.290213 0.917567
vt 0.315499 0.804356
vt 0.287522 0.871703
vt 0.289579 0.912439
vt 0.287792 0.865421
vt 0.288980 0.907568
vt 0.288136 0.859476
vt 0.288500 0.902439
vt 0.288023 0.896887
vt 0.289731 0.917996
vt 0.288732 0.913112
vt 0.285494 0.864942
vt 0.287720 0.908333
vt 0.286143 0.858815
vt 0.286836 0.903188
vt 0.286987 0.853194
vt 0.286019 0.897538
vt 0.287901 0.848082
vt 0.285405 0.891388
vt 0.288912 0.843339
vt 0.284998 0.884868
vt 0.289911 0.838484
vt 0.284862 0.878155
vt 0.323981 0.945564
vt 0.323938 0.811096
vt 0.285044 0.871447
vt 0.282584 0.892078
vt 0.287994 0.842405
vt 0.281947 0.885225
vt 0.289382 0.837886
vt 0.281740 0.878143
vt 0.329593 0.942108
vt 0.289198 0.918598
vt 0.329504 0.814575
vt 0.282000 0.871069
vt 0.287807 0.914049
vt 0.282686 0.864236
vt 0.286310 0.909442
vt 0.283702 0.857855
vt 0.284908 0.904300
vt 0.285077 0.852079
vt 0.283561 0.898487
vt 0.286500 0.846974
vt 0.279297 0.863271
vt 0.286791 0.915287
vt 0.284713 0.910916
vt 0.280846 0.856532
vt 0.282615 0.905777
vt 0.282807 0.850598
vt 0.280683 0.899798
vt 0.284918 0.845504
vt 0.279178 0.893020
vt 0.286987 0.841172
vt 0.278248 0.885708
vt 0.288853 0.837144
vt 0.277957 0.878128
vt 0.331966 0.937476
vt 0.288664 0.919345
vt 0.331847 0.819191
vt 0.278311 0.870558
vt 0.285892 0.839668
vt 0.275127 0.894246
vt 0.273850 0.886319
vt 0.288274 0.836254
vt 0.273474 0.878108
vt 0.335347 0.936419
vt 0.288079 0.920242
vt 0.335196 0.820245
vt 0.273927 0.869909
vt 0.285685 0.916799
vt 0.275271 0.862018
vt 0.282924 0.912776
vt 0.277492 0.854828
vt 0.279963 0.907682
vt 0.280183 0.848692
vt 0.277299 0.901487
vt 0.283147 0.843652
vt 0.270530 0.860447
vt 0.273644 0.852721
vt 0.276913 0.910065
vt 0.277172 0.846309
vt 0.273410 0.903575
vt 0.281210 0.841407
vt 0.270353 0.895780
vt 0.284729 0.837885
vt 0.268727 0.887038
vt 0.287719 0.835270
vt 0.268308 0.878082
vt 0.336179 0.933401
vt 0.287520 0.921233
vt 0.336012 0.823250
vt 0.268822 0.869143
vt 0.284509 0.918595
vt 0.280964 0.915033
vt 0.237143 0.833412
vt 0.253630 0.879012
vt 0.253660 0.876996
vt 0.236555 0.923056
vt 0.252126 0.874422
vt 0.239955 0.908798
vt 0.249182 0.869953
vt 0.241696 0.899245
vt 0.246939 0.865260
vt 0.246603 0.890722
vt 0.242226 0.856855
vt 0.248983 0.886026
vt 0.240572 0.847502
vt 0.252028 0.881571
s 1
usemtl honMaguro
f 2351/2802/3770 2364/2803/3770 2365/2804/3770
f 2351/2805/3771 2357/2806/3771 2358/2807/3771
f 2351/2808/3772 2365/2804/3772 2366/2809/3772
f 2351/2810/3773 2358/2807/3773 2359/2811/3773
f 2351/2812/3774 2359/2811/3774 2360/2813/3774
f 2351/2814/3775 2352/2815/3775 2353/2816/3775
f 2351/2817/3776 2360/2813/3776 2361/2818/3776
f 2351/2819/3777 2353/2816/3777 2354/2820/3777
f 2351/2821/3778 2361/2818/3778 2362/2822/3778
f 2351/2823/3779 2354/2820/3779 2355/2824/3779
f 2351/2825/3780 2362/2822/3780 2363/2826/3780
f 2351/2827/3781 2355/2824/3781 2356/2828/3781
f 2351/2829/3782 2363/2826/3782 2364/2803/3782
f 2351/2830/3783 2356/2828/3783 2357/2806/3783
f 2353/2816/3784 2369/2831/3784 2354/2820/3784
f 2362/2822/3785 2376/2832/3785 2377/2833/3785
f 2354/2820/3786 2370/2834/3786 2355/2824/3786
f 2362/2822/3787 2378/2835/3787 2363/2826/3787
f 2356/2828/3788 2370/2834/3788 2371/2836/3788
f 2364/2803/3789 2378/2835/3789 2379/2837/3789
f 2356/2828/3790 2372/2838/3790 2357/2806/3790
f 2365/2804/3791 2379/2837/3791 2380/2839/3791
f 2358/2807/3792 2372/2838/3792 2373/2840/3792
f 2365/2804/3793 2381/2841/3793 2366/2809/3793
f 2359/2811/3794 2373/2840/3794 2374/2842/3794
f 2352/2815/3795 2351/2843/3795 2367/2844/3795
f 2351/2845/3796 2366/2809/3796 2381/2841/3796
f 2359/2811/3797 2375/2846/3797 2360/2813/3797
f 2353/2816/3798 2367/2844/3798 2368/2847/3798
f 2360/2813/3799 2376/2832/3799 2361/2818/3799
f 2372/2838/3800 2388/2848/3800 2373/2840/3800
f 2381/2841/3801 2395/2849/3802 2396/2850/3801
f 2374/2842/3803 2388/2848/3803 2389/2851/3803
f 2367/2844/3804 2351/2852/3804 2382/2853/3804
f 2351/2854/3805 2381/2841/3805 2396/2850/3805
f 2374/2842/3806 2390/2855/3806 2375/2846/3806
f 2367/2844/3807 2383/2856/3807 2368/2847/3808
f 2375/2846/3809 2391/2857/3809 2376/2832/3809
f 2369/2831/3810 2383/2856/3810 2384/2858/3810
f 2377/2833/3811 2391/2857/3811 2392/2859/3812
f 2369/2831/3813 2385/2860/3813 2370/2834/3813
f 2377/2833/3814 2393/2861/3814 2378/2835/3814
f 2371/2836/3815 2385/2860/3815 2386/2862/3816
f 2379/2837/3817 2393/2861/3817 2394/2863/3817
f 2371/2836/3818 2387/2864/3818 2372/2838/3818
f 2379/2837/3819 2395/2849/3819 2380/2839/3819
f 2391/2857/3820 2407/2865/3820 2392/2859/3820
f 2384/2858/3821 2400/2866/3822 2385/2860/3822
f 2392/2859/3823 2408/2867/3823 2393/2861/3823
f 2386/2862/3824 2400/2866/3824 2401/2868/3824
f 2394/2863/3825 2408/2867/3826 2409/2869/3825
f 2387/2864/3827 2401/2868/3827 2402/2870/3827
f 2395/2849/3828 2409/2869/3828 2410/2871/3828
f 2388/2848/3829 2402/2870/3829 2403/2872/3829
f 2396/2850/3830 2410/2871/3830 2411/2873/3831
f 2389/2851/3832 2403/2872/3832 2404/2874/3832
f 2382/2853/3833 2351/2875/3833 2397/2876/3833
f 2351/2877/3834 2396/2850/3834 2411/2873/3834
f 2389/2851/3835 2405/2878/3835 2390/2855/3835
f 2382/2853/3836 2398/2879/3836 2383/2856/3837
f 2390/2855/3838 2406/2880/3838 2391/2857/3838
f 2383/2856/3839 2399/2881/3839 2384/2858/3839
f 2410/2871/3840 2426/2882/3841 2411/2873/3841
f 2404/2874/3842 2418/2883/3842 2419/2884/3842
f 2397/2876/3843 2351/2885/3843 2412/2886/3843
f 2351/2887/3844 2411/2873/3844 2426/2882/3844
f 2404/2874/3845 2420/2888/3845 2405/2878/3845
f 2398/2879/3846 2412/2886/3847 2413/2889/3846
f 2405/2878/3848 2421/2890/3848 2406/2880/3848
f 2399/2881/3849 2413/2889/3849 2414/2891/3849
f 2407/2865/3850 2421/2890/3850 2422/2892/3850
f 2399/2881/3851 2415/2893/3851 2400/2866/3851
f 2407/2865/3852 2423/2894/3852 2408/2867/3852
f 2401/2868/3853 2415/2893/3853 2416/2895/3853
f 2409/2869/3854 2423/2894/3854 2424/2896/3854
f 2401/2868/3855 2417/2897/3855 2402/2870/3855
f 2409/2869/3856 2425/2898/3856 2410/2871/3856
f 2403/2872/3857 2417/2897/3857 2418/2883/3857
f 2422/2892/3858 2438/2899/3858 2423/2894/3858
f 2416/2895/3859 2430/2900/3859 2431/2901/3859
f 2423/2894/3860 2439/2902/3860 2424/2896/3860
f 2416/2895/3861 2432/2903/3861 2417/2897/3861
f 2425/2898/3862 2439/2902/3863 2440/2904/3862
f 2418/2883/3864 2432/2903/3864 2433/2905/3864
f 2426/2882/3865 2440/2904/3865 2441/2906/3865
f 2419/2884/3866 2433/2905/3866 2434/2907/3866
f 2412/2886/3867 2351/2908/3867 2427/2909/3867
f 2351/2910/3868 2426/2882/3868 2441/2906/3868
f 2419/2884/3869 2435/2911/3869 2420/2888/3869
f 2412/2886/3870 2428/2912/3870 2413/2889/3870
f 2420/2888/3871 2436/2913/3871 2421/2890/3871
f 2413/2889/3872 2429/2914/3873 2414/2891/3873
f 2422/2892/3874 2436/2913/3874 2437/2915/3874
f 2414/2891/3875 2430/2900/3875 2415/2893/3875
f 2427/2909/3876 2351/2916/3876 2442/2917/3876
f 2351/2918/3877 2441/2906/3877 2456/2919/3877
f 2434/2907/3878 2450/2920/3878 2435/2911/3878
f 2428/2912/3879 2442/2917/3879 2443/2921/3879
f 2435/2911/3880 2451/2922/3880 2436/2913/3880
f 2429/2914/3881 2443/2921/3881 2444/2923/3881
f 2437/2915/3882 2451/2922/3882 2452/2924/3882
f 2429/2914/3883 2445/2925/3883 2430/2900/3883
f 2437/2915/3884 2453/2926/3884 2438/2899/3885
f 2431/2901/3886 2445/2925/3886 2446/2927/3886
f 2439/2902/3887 2453/2926/3887 2454/2928/3887
f 2431/2901/3888 2447/2929/3888 2432/2903/3888
f 2439/2902/3889 2455/2930/3889 2440/2904/3889
f 2433/2905/3890 2447/2929/3890 2448/2931/3890
f 2440/2904/3891 2456/2919/3891 2441/2906/3891
f 2434/2907/3892 2448/2931/3892 2449/2932/3892
f 2446/2927/3893 2460/2933/3893 2461/2934/3893
f 2454/2928/3894 2468/2935/3894 2469/2936/3894
f 2446/2927/3895 2462/2937/3896 2447/2929/3896
f 2455/2930/3897 2469/2936/3897 2470/2938/3897
f 2448/2931/3898 2462/2937/3898 2463/2939/3898
f 2456/2919/3899 2470/2938/3900 2471/2940/3899
f 2449/2932/3901 2463/2939/3901 2464/2941/3901
f 2442/2917/3902 2351/2942/3902 2457/2943/3902
f 2351/2944/3903 2456/2919/3903 2471/2940/3903
f 2449/2932/3904 2465/2945/3904 2450/2920/3904
f 2442/2917/3905 2458/2946/3905 2443/2921/3905
f 2450/2920/3906 2466/2947/3906 2451/2922/3906
f 2443/2921/3907 2459/2948/3907 2444/2923/3907
f 2452/2924/3908 2466/2947/3908 2467/2949/3908
f 2444/2923/3909 2460/2933/3909 2445/2925/3909
f 2452/2924/3910 2468/2935/3910 2453/2926/3910
f 2464/2941/3911 2480/2950/3911 2465/2945/3911
f 2458/2946/3912 2472/2951/3913 2473/2952/3912
f 2465/2945/3914 2481/2953/3914 2466/2947/3914
f 2459/2948/3915 2473/2952/3916 2474/2954/3915
f 2467/2949/3917 2481/2953/3918 2482/2955/3917
f 2460/2933/3919 2474/2954/3919 2475/2956/3919
f 2467/2949/3920 2483/2957/3920 2468/2935/3920
f 2461/2934/3921 2475/2956/3921 2476/2958/3921
f 2468/2935/3922 2484/2959/3922 2469/2936/3922
f 2461/2934/3923 2477/2960/3923 2462/2937/3923
f 2469/2936/3924 2485/2961/3925 2470/2938/3925
f 2463/2939/3926 2477/2960/3926 2478/2962/3926
f 2470/2938/3927 2486/2963/3928 2471/2940/3928
f 2464/2941/3929 2478/2962/3929 2479/2964/3929
f 2457/2943/3930 2351/2965/3930 2472/2951/3930
f 2351/2966/3931 2471/2940/3931 2486/2963/3931
f 2484/2959/3932 2498/2967/3933 2499/2968/3932
f 2476/2958/3934 2492/2969/3934 2477/2960/3934
f 2485/2961/3935 2499/2968/3935 2500/2970/3935
f 2478/2962/3936 2492/2969/3936 2493/2971/3936
f 2485/2961/3937 2501/2972/3937 2486/2963/3937
f 2479/2964/3938 2493/2971/3938 2494/2973/3938
f 2472/2951/3939 2351/2974/3939 2487/2975/3939
f 2351/2976/3940 2486/2963/3940 2501/2972/3940
f 2479/2964/3941 2495/2977/3941 2480/2950/3941
f 2473/2952/3942 2487/2975/3942 2488/2978/3942
f 2480/2950/3943 2496/2979/3943 2481/2953/3943
f 2473/2952/3944 2489/2980/3944 2474/2954/3944
f 2482/2955/3945 2496/2979/3945 2497/2981/3945
f 2474/2954/3946 2490/2982/3947 2475/2956/3948
f 2482/2955/3949 2498/2967/3949 2483/2957/3949
f 2476/2958/3950 2490/2982/3950 2491/2983/3951
f 2488/2978/3952 2502/2984/3952 2503/2985/3952
f 2495/2977/3953 2511/2986/3953 2496/2979/3953
f 2488/2978/3954 2504/2987/3954 2489/2980/3954
f 2497/2981/3955 2511/2986/3955 2512/2988/3955
f 2489/2980/3956 2505/2989/3957 2490/2982/3957
f 2497/2981/3958 2513/2990/3959 2498/2967/3959
f 2491/2983/3960 2505/2989/3961 2506/2991/3960
f 2499/2968/3962 2513/2990/3963 2514/2992/3962
f 2491/2983/3964 2507/2993/3964 2492/2969/3964
f 2499/2968/3965 2515/2994/3965 2500/2970/3965
f 2493/2971/3966 2507/2993/3966 2508/2995/3966
f 2500/2970/3967 2516/2996/3967 2501/2972/3967
f 2494/2973/3968 2508/2995/3968 2509/2997/3968
f 2487/2975/3969 2351/2998/3969 2502/2984/3969
f 2351/2999/3970 2501/2972/3970 2516/2996/3970
f 2494/2973/3971 2510/3000/3971 2495/2977/3971
f 2506/2991/3972 2522/3001/3972 2507/2993/3972
f 2514/2992/3973 2530/3002/3973 2515/2994/3974
f 2508/2995/3975 2522/3001/3975 2523/3003/3975
f 2516/2996/3976 2530/3002/3977 2531/3004/3976
f 2509/2997/3978 2523/3003/3978 2524/3005/3978
f 2502/2984/3979 2351/3006/3979 2517/3007/3979
f 2351/3008/3980 2516/2996/3980 2531/3004/3980
f 2509/2997/3981 2525/3009/3981 2510/3000/3981
f 2502/2984/3982 2518/3010/3982 2503/2985/3983
f 2510/3000/3984 2526/3011/3984 2511/2986/3984
f 2504/2987/3985 2518/3010/3985 2519/3012/3986
f 2512/2988/3987 2526/3011/3987 2527/3013/3987
f 2504/2987/3988 2520/3014/3988 2505/2989/3988
f 2513/2990/3989 2527/3013/3989 2528/3015/3989
f 2505/2989/3990 2521/3016/3990 2506/2991/3990
f 2514/2992/3991 2528/3015/3991 2529/3017/3991
f 2525/3009/3992 2541/3018/3992 2526/3011/3992
f 2519/3012/3993 2533/3019/3993 2534/3020/3993
f 2527/3013/3994 2541/3018/3994 2542/3021/3994
f 2519/3012/3995 2535/3022/3995 2520/3014/3995
f 2527/3013/3996 2543/3023/3997 2528/3015/3997
f 2521/3016/3998 2535/3022/3999 2536/3024/4000
f 2529/3017/4001 2543/3023/4001 2544/3025/4001
f 2521/3016/4002 2537/3026/4002 2522/3001/4002
f 2529/3017/4003 2545/3027/4003 2530/3002/4003
f 2523/3003/4004 2537/3026/4004 2538/3028/4004
f 2530/3002/4005 2546/3029/4006 2531/3004/4006
f 2524/3005/4007 2538/3028/4007 2539/3030/4007
f 2517/3007/4008 2351/3031/4008 2532/3032/4008
f 2351/3033/4009 2531/3004/4009 2546/3029/4009
f 2524/3005/4010 2540/3034/4010 2525/3009/4010
f 2518/3010/4011 2532/3032/4012 2533/3019/4011
f 2544/3025/4013 2560/3035/4013 2545/3027/4013
f 2538/3028/4014 2552/3036/4014 2553/3037/4014
f 2546/3029/4015 2560/3035/4015 2561/3038/4015
f 2539/3030/4016 2553/3037/4016 2554/3039/4016
f 2532/3032/4017 2351/3040/4017 2547/3041/4017
f 2351/3042/4018 2546/3029/4018 2561/3038/4018
f 2539/3030/4019 2555/3043/4019 2540/3034/4020
f 2532/3032/4021 2548/3044/4021 2533/3019/4021
f 2540/3034/4022 2556/3045/4022 2541/3018/4022
f 2534/3020/4023 2548/3044/4023 2549/3046/4023
f 2542/3021/4024 2556/3045/4024 2557/3047/4025
f 2534/3020/4026 2550/3048/4026 2535/3022/4026
f 2542/3021/4027 2558/3049/4027 2543/3023/4027
f 2536/3024/4028 2550/3048/4028 2551/3050/4028
f 2544/3025/4029 2558/3049/4029 2559/3051/4029
f 2536/3024/4030 2552/3036/4030 2537/3026/4030
f 2557/3047/4031 2571/3052/4031 2572/3053/4031
f 2549/3046/4032 2565/3054/4032 2550/3048/4033
f 2557/3047/4034 2573/3055/4034 2558/3049/4034
f 2551/3050/4035 2565/3054/4035 2566/3056/4035
f 2559/3051/4036 2573/3055/4036 2574/3057/4036
f 2551/3050/4037 2567/3058/4037 2552/3036/4037
f 2559/3051/4038 2575/3059/4038 2560/3035/4038
f 2553/3037/4039 2567/3058/4039 2568/3060/4039
f 2560/3035/4040 2576/3061/4040 2561/3038/4041
f 2554/3039/4042 2568/3060/4042 2569/3062/4042
f 2547/3041/4043 2351/3063/4043 2562/3064/4043
f 2351/3065/4044 2561/3038/4044 2576/3061/4044
f 2554/3039/4045 2570/3066/4045 2555/3043/4046
f 2548/3044/4047 2562/3064/4047 2563/3067/4048
f 2555/3043/4049 2571/3052/4049 2556/3045/4049
f 2549/3046/4050 2563/3067/4050 2564/3068/4050
f 2576/3061/4051 2575/3059/4051 2351/3069/4051
f 2569/3062/4052 2568/3060/4052 2351/3070/4052
f 2570/3066/4053 2569/3062/4053 2351/3071/4053
f 2563/3067/4054 2562/3064/4054 2351/3072/4054
f 2571/3052/4055 2570/3066/4055 2351/3073/4055
f 2564/3068/4056 2563/3067/4056 2351/3074/4056
f 2572/3053/4057 2571/3052/4057 2351/3075/4057
f 2565/3054/4058 2564/3068/4058 2351/3076/4058
f 2573/3055/4059 2572/3053/4059 2351/3077/4059
f 2566/3056/4060 2565/3054/4060 2351/3078/4060
f 2574/3057/4061 2573/3055/4061 2351/3079/4061
f 2567/3058/4062 2566/3056/4062 2351/3080/4062
f 2575/3059/4063 2574/3057/4063 2351/3081/4063
f 2568/3060/4064 2567/3058/4064 2351/3082/4064
f 2353/2816/3784 2368/2847/3784 2369/2831/3784
f 2362/2822/3785 2361/2818/3785 2376/2832/3785
f 2354/2820/3786 2369/2831/3786 2370/2834/3786
f 2362/2822/3787 2377/2833/3787 2378/2835/3787
f 2356/2828/3788 2355/2824/3788 2370/2834/3788
f 2364/2803/3789 2363/2826/3789 2378/2835/3789
f 2356/2828/3790 2371/2836/3790 2372/2838/3790
f 2365/2804/3791 2364/2803/3791 2379/2837/3791
f 2358/2807/3792 2357/2806/3792 2372/2838/3792
f 2365/2804/3793 2380/2839/3793 2381/2841/3793
f 2359/2811/3794 2358/2807/3794 2373/2840/3794
f 2359/2811/3797 2374/2842/3797 2375/2846/3797
f 2353/2816/3798 2352/2815/3798 2367/2844/3798
f 2360/2813/3799 2375/2846/3799 2376/2832/3799
f 2372/2838/3800 2387/2864/3800 2388/2848/3800
f 2381/2841/3801 2380/2839/3802 2395/2849/3802
f 2374/2842/3803 2373/2840/3803 2388/2848/3803
f 2374/2842/3806 2389/2851/3806 2390/2855/3806
f 2367/2844/3807 2382/2853/3807 2383/2856/3807
f 2375/2846/3809 2390/2855/3809 2391/2857/3809
f 2369/2831/3810 2368/2847/3810 2383/2856/3810
f 2377/2833/3811 2376/2832/3811 2391/2857/3811
f 2369/2831/3813 2384/2858/3813 2385/2860/3813
f 2377/2833/3814 2392/2859/3814 2393/2861/3814
f 2371/2836/3815 2370/2834/3815 2385/2860/3815
f 2379/2837/3817 2378/2835/3817 2393/2861/3817
f 2371/2836/3818 2386/2862/4065 2387/2864/3818
f 2379/2837/3819 2394/2863/3819 2395/2849/3819
f 2391/2857/3820 2406/2880/3820 2407/2865/3820
f 2384/2858/3821 2399/2881/3821 2400/2866/3822
f 2392/2859/3823 2407/2865/3823 2408/2867/3823
f 2386/2862/3824 2385/2860/3824 2400/2866/3824
f 2394/2863/3825 2393/2861/3826 2408/2867/3826
f 2387/2864/3827 2386/2862/3827 2401/2868/3827
f 2395/2849/3828 2394/2863/3828 2409/2869/3828
f 2388/2848/3829 2387/2864/3829 2402/2870/3829
f 2396/2850/3830 2395/2849/4066 2410/2871/3830
f 2389/2851/3832 2388/2848/3832 2403/2872/3832
f 2389/2851/3835 2404/2874/3835 2405/2878/3835
f 2382/2853/3836 2397/2876/4067 2398/2879/3836
f 2390/2855/3838 2405/2878/3838 2406/2880/3838
f 2383/2856/3839 2398/2879/3839 2399/2881/3839
f 2410/2871/3840 2425/2898/3840 2426/2882/3841
f 2404/2874/3842 2403/2872/3842 2418/2883/3842
f 2404/2874/3845 2419/2884/3845 2420/2888/3845
f 2398/2879/3846 2397/2876/3847 2412/2886/3847
f 2405/2878/3848 2420/2888/3848 2421/2890/3848
f 2399/2881/3849 2398/2879/3849 2413/2889/3849
f 2407/2865/3850 2406/2880/3850 2421/2890/3850
f 2399/2881/3851 2414/2891/3851 2415/2893/3851
f 2407/2865/3852 2422/2892/3852 2423/2894/3852
f 2401/2868/3853 2400/2866/3853 2415/2893/3853
f 2409/2869/3854 2408/2867/3854 2423/2894/3854
f 2401/2868/3855 2416/2895/3855 2417/2897/3855
f 2409/2869/3856 2424/2896/3856 2425/2898/3856
f 2403/2872/3857 2402/2870/3857 2417/2897/3857
f 2422/2892/3858 2437/2915/3858 2438/2899/3858
f 2416/2895/3859 2415/2893/3859 2430/2900/3859
f 2423/2894/3860 2438/2899/3860 2439/2902/3860
f 2416/2895/3861 2431/2901/3861 2432/2903/3861
f 2425/2898/3862 2424/2896/3863 2439/2902/3863
f 2418/2883/3864 2417/2897/3864 2432/2903/3864
f 2426/2882/3865 2425/2898/3865 2440/2904/3865
f 2419/2884/3866 2418/2883/3866 2433/2905/3866
f 2419/2884/3869 2434/2907/3869 2435/2911/3869
f 2412/2886/3870 2427/2909/3870 2428/2912/3870
f 2420/2888/3871 2435/2911/3871 2436/2913/3871
f 2413/2889/3872 2428/2912/3872 2429/2914/3873
f 2422/2892/3874 2421/2890/3874 2436/2913/3874
f 2414/2891/3875 2429/2914/3875 2430/2900/3875
f 2434/2907/3878 2449/2932/3878 2450/2920/3878
f 2428/2912/3879 2427/2909/3879 2442/2917/3879
f 2435/2911/3880 2450/2920/3880 2451/2922/3880
f 2429/2914/3881 2428/2912/3881 2443/2921/3881
f 2437/2915/3882 2436/2913/3882 2451/2922/3882
f 2429/2914/3883 2444/2923/3883 2445/2925/3883
f 2437/2915/3884 2452/2924/3884 2453/2926/3884
f 2431/2901/3886 2430/2900/4068 2445/2925/3886
f 2439/2902/3887 2438/2899/3887 2453/2926/3887
f 2431/2901/3888 2446/2927/3888 2447/2929/3888
f 2439/2902/3889 2454/2928/3889 2455/2930/3889
f 2433/2905/3890 2432/2903/3890 2447/2929/3890
f 2440/2904/3891 2455/2930/3891 2456/2919/3891
f 2434/2907/3892 2433/2905/3892 2448/2931/3892
f 2446/2927/3893 2445/2925/3893 2460/2933/3893
f 2454/2928/3894 2453/2926/3894 2468/2935/3894
f 2446/2927/3895 2461/2934/3895 2462/2937/3896
f 2455/2930/3897 2454/2928/3897 2469/2936/3897
f 2448/2931/3898 2447/2929/3898 2462/2937/3898
f 2456/2919/3899 2455/2930/3900 2470/2938/3900
f 2449/2932/3901 2448/2931/3901 2463/2939/3901
f 2449/2932/3904 2464/2941/3904 2465/2945/3904
f 2442/2917/3905 2457/2943/3905 2458/2946/3905
f 2450/2920/3906 2465/2945/3906 2466/2947/3906
f 2443/2921/3907 2458/2946/3907 2459/2948/3907
f 2452/2924/3908 2451/2922/3908 2466/2947/3908
f 2444/2923/3909 2459/2948/3909 2460/2933/3909
f 2452/2924/3910 2467/2949/3910 2468/2935/3910
f 2464/2941/3911 2479/2964/3911 2480/2950/3911
f 2458/2946/3912 2457/2943/3913 2472/2951/3913
f 2465/2945/3914 2480/2950/3914 2481/2953/3914
f 2459/2948/3915 2458/2946/3916 2473/2952/3916
f 2467/2949/3917 2466/2947/3918 2481/2953/3918
f 2460/2933/3919 2459/2948/3919 2474/2954/3919
f 2467/2949/3920 2482/2955/3920 2483/2957/3920
f 2461/2934/3921 2460/2933/3921 2475/2956/3921
f 2468/2935/3922 2483/2957/3922 2484/2959/3922
f 2461/2934/3923 2476/2958/3923 2477/2960/3923
f 2469/2936/3924 2484/2959/3924 2485/2961/3925
f 2463/2939/3926 2462/2937/3926 2477/2960/3926
f 2470/2938/3927 2485/2961/3927 2486/2963/3928
f 2464/2941/3929 2463/2939/3929 2478/2962/3929
f 2484/2959/3932 2483/2957/4069 2498/2967/3933
f 2476/2958/3934 2491/2983/3934 2492/2969/3934
f 2485/2961/3935 2484/2959/3935 2499/2968/3935
f 2478/2962/3936 2477/2960/3936 2492/2969/3936
f 2485/2961/3937 2500/2970/3937 2501/2972/3937
f 2479/2964/3938 2478/2962/3938 2493/2971/3938
f 2479/2964/3941 2494/2973/3941 2495/2977/3941
f 2473/2952/3942 2472/2951/3942 2487/2975/3942
f 2480/2950/3943 2495/2977/3943 2496/2979/3943
f 2473/2952/3944 2488/2978/3944 2489/2980/3944
f 2482/2955/3945 2481/2953/3945 2496/2979/3945
f 2474/2954/3946 2489/2980/3946 2490/2982/3947
f 2482/2955/3949 2497/2981/4070 2498/2967/3949
f 2476/2958/3950 2475/2956/3950 2490/2982/3950
f 2488/2978/3952 2487/2975/3952 2502/2984/3952
f 2495/2977/3953 2510/3000/3953 2511/2986/3953
f 2488/2978/3954 2503/2985/4071 2504/2987/3954
f 2497/2981/3955 2496/2979/3955 2511/2986/3955
f 2489/2980/3956 2504/2987/3956 2505/2989/3957
f 2497/2981/3958 2512/2988/3958 2513/2990/3959
f 2491/2983/3960 2490/2982/3961 2505/2989/3961
f 2499/2968/3962 2498/2967/3963 2513/2990/3963
f 2491/2983/3964 2506/2991/3964 2507/2993/3964
f 2499/2968/3965 2514/2992/3965 2515/2994/3965
f 2493/2971/3966 2492/2969/3966 2507/2993/3966
f 2500/2970/3967 2515/2994/3967 2516/2996/3967
f 2494/2973/3968 2493/2971/3968 2508/2995/3968
f 2494/2973/3971 2509/2997/3971 2510/3000/3971
f 2506/2991/3972 2521/3016/3972 2522/3001/3972
f 2514/2992/3973 2529/3017/4072 2530/3002/3973
f 2508/2995/3975 2507/2993/3975 2522/3001/3975
f 2516/2996/3976 2515/2994/3977 2530/3002/3977
f 2509/2997/3978 2508/2995/3978 2523/3003/3978
f 2509/2997/3981 2524/3005/3981 2525/3009/3981
f 2502/2984/3982 2517/3007/3982 2518/3010/3982
f 2510/3000/3984 2525/3009/3984 2526/3011/3984
f 2504/2987/3985 2503/2985/4073 2518/3010/3985
f 2512/2988/3987 2511/2986/3987 2526/3011/3987
f 2504/2987/3988 2519/3012/3988 2520/3014/3988
f 2513/2990/3989 2512/2988/3989 2527/3013/3989
f 2505/2989/3990 2520/3014/3990 2521/3016/3990
f 2514/2992/3991 2513/2990/3991 2528/3015/3991
f 2525/3009/3992 2540/3034/3992 2541/3018/3992
f 2519/3012/3993 2518/3010/3993 2533/3019/3993
f 2527/3013/3994 2526/3011/3994 2541/3018/3994
f 2519/3012/3995 2534/3020/3995 2535/3022/3995
f 2527/3013/3996 2542/3021/4074 2543/3023/3997
f 2521/3016/3998 2520/3014/3999 2535/3022/3999
f 2529/3017/4001 2528/3015/4001 2543/3023/4001
f 2521/3016/4002 2536/3024/4002 2537/3026/4002
f 2529/3017/4003 2544/3025/4003 2545/3027/4003
f 2523/3003/4004 2522/3001/4004 2537/3026/4004
f 2530/3002/4005 2545/3027/4005 2546/3029/4006
f 2524/3005/4007 2523/3003/4007 2538/3028/4007
f 2524/3005/4010 2539/3030/4010 2540/3034/4010
f 2518/3010/4011 2517/3007/4012 2532/3032/4012
f 2544/3025/4013 2559/3051/4013 2560/3035/4013
f 2538/3028/4014 2537/3026/4014 2552/3036/4014
f 2546/3029/4015 2545/3027/4015 2560/3035/4015
f 2539/3030/4016 2538/3028/4075 2553/3037/4016
f 2539/3030/4019 2554/3039/4019 2555/3043/4019
f 2532/3032/4021 2547/3041/4021 2548/3044/4021
f 2540/3034/4022 2555/3043/4022 2556/3045/4022
f 2534/3020/4023 2533/3019/4023 2548/3044/4023
f 2542/3021/4024 2541/3018/4024 2556/3045/4024
f 2534/3020/4026 2549/3046/4026 2550/3048/4026
f 2542/3021/4027 2557/3047/4027 2558/3049/4027
f 2536/3024/4028 2535/3022/4028 2550/3048/4028
f 2544/3025/4029 2543/3023/4029 2558/3049/4029
f 2536/3024/4030 2551/3050/4030 2552/3036/4030
f 2557/3047/4031 2556/3045/4031 2571/3052/4031
f 2549/3046/4032 2564/3068/4032 2565/3054/4032
f 2557/3047/4034 2572/3053/4034 2573/3055/4034
f 2551/3050/4035 2550/3048/4035 2565/3054/4035
f 2559/3051/4036 2558/3049/4076 2573/3055/4036
f 2551/3050/4037 2566/3056/4037 2567/3058/4037
f 2559/3051/4038 2574/3057/4038 2575/3059/4038
f 2553/3037/4039 2552/3036/4039 2567/3058/4039
f 2560/3035/4040 2575/3059/4040 2576/3061/4040
f 2554/3039/4042 2553/3037/4077 2568/3060/4042
f 2554/3039/4045 2569/3062/4045 2570/3066/4045
f 2548/3044/4047 2547/3041/4078 2562/3064/4047
f 2555/3043/4049 2570/3066/4049 2571/3052/4049
f 2549/3046/4050 2548/3044/4050 2563/3067/4050
o 球.008
v -0.101239 0.703462 1.288760
v -0.117888 1.270664 1.216300
v -0.139171 1.235127 1.213746
v -0.159579 1.183082 1.221510
v -0.178331 1.116530 1.239297
v -0.194703 1.038028 1.266420
v -0.208068 0.950594 1.301838
v -0.217912 0.857587 1.344190
v -0.223857 0.762581 1.391847
v -0.225673 0.669227 1.442981
v -0.223291 0.581114 1.495623
v -0.216803 0.501626 1.547752
v -0.206459 0.433819 1.597365
v -0.192655 0.380298 1.642554
v -0.175922 0.343121 1.681584
v -0.156903 0.323717 1.712955
v -0.115400 1.262598 1.201116
v -0.134288 1.219304 1.183962
v -0.152491 1.160112 1.178271
v -0.169309 1.087294 1.184263
v -0.184095 1.003651 1.201708
v -0.196282 0.912396 1.229933
v -0.205399 0.817035 1.267856
v -0.211098 0.721235 1.314018
v -0.213159 0.628676 1.366646
v -0.211505 0.542916 1.423718
v -0.206195 0.467249 1.483040
v -0.197437 0.404583 1.542331
v -0.185567 0.357328 1.599314
v -0.171039 0.327299 1.651800
v -0.154414 0.315650 1.697770
v -0.112200 1.255164 1.187193
v -0.128014 1.204722 1.156652
v -0.143382 1.138942 1.138623
v -0.157716 1.060351 1.133802
v -0.170462 0.971968 1.142371
v -0.181133 0.877192 1.164002
v -0.189318 0.779663 1.197864
v -0.194702 0.683131 1.242655
v -0.197078 0.591304 1.296654
v -0.196356 0.507712 1.357787
v -0.192562 0.435566 1.423703
v -0.185844 0.377640 1.491870
v -0.176458 0.336159 1.559667
v -0.164765 0.312717 1.624491
v -0.151215 0.308217 1.683848
v -0.108415 1.248648 1.175069
v -0.120589 1.191941 1.132866
v -0.132602 1.120387 1.104092
v -0.143995 1.036734 1.089850
v -0.154329 0.944198 1.090690
v -0.163207 0.846335 1.106577
v -0.170287 0.746906 1.136902
v -0.175298 0.649732 1.180499
v -0.178048 0.558547 1.235693
v -0.178430 0.476855 1.300362
v -0.176429 0.407796 1.372023
v -0.172123 0.354023 1.447919
v -0.165677 0.317603 1.525136
v -0.157340 0.299936 1.600705
v -0.147430 0.301701 1.671722
v -0.104189 1.243301 1.165204
v -0.112297 1.181452 1.113519
v -0.120565 1.105159 1.076004
v -0.128675 1.017353 1.054100
v -0.136315 0.921408 1.048652
v -0.143190 0.821012 1.059867
v -0.149038 0.720023 1.087315
v -0.153633 0.622323 1.129941
v -0.156798 0.531664 1.186105
v -0.158413 0.451532 1.253652
v -0.158415 0.385006 1.329985
v -0.156803 0.334642 1.412169
v -0.153641 0.302376 1.497048
v -0.149048 0.289447 1.581357
v -0.143204 0.296354 1.661859
v -0.099683 1.239327 1.157983
v -0.103459 1.173658 1.099352
v -0.107734 1.093843 1.055436
v -0.112345 1.002951 1.027924
v -0.117112 0.904473 1.017873
v -0.121853 0.802195 1.025666
v -0.126387 0.700048 1.051008
v -0.130538 0.601956 1.092922
v -0.134147 0.511688 1.149799
v -0.137076 0.432715 1.219451
v -0.139212 0.368071 1.299205
v -0.140473 0.320240 1.385993
v -0.140810 0.291060 1.476480
v -0.140211 0.281653 1.567191
v -0.138698 0.292380 1.654638
v -0.095071 1.236880 1.153680
v -0.094415 1.168858 1.090911
v -0.094603 1.086876 1.043183
v -0.095631 0.994082 1.012328
v -0.097459 0.894045 0.999532
v -0.100016 0.790608 1.005289
v -0.103204 0.687747 1.029375
v -0.106901 0.589413 1.070865
v -0.110965 0.499387 1.128166
v -0.115239 0.421128 1.199074
v -0.119559 0.357643 1.280866
v -0.123759 0.311371 1.370397
v -0.127679 0.284092 1.464227
v -0.131166 0.276853 1.558750
v -0.134086 0.289934 1.650335
v -0.090532 1.236054 1.152461
v -0.085509 1.167238 1.088521
v -0.081675 1.084523 1.039713
v -0.079177 0.991088 1.007911
v -0.078111 0.890524 0.994339
v -0.078517 0.786696 0.999518
v -0.080382 0.683593 1.023249
v -0.083631 0.585179 1.064619
v -0.088142 0.495234 1.122039
v -0.093740 0.417216 1.193303
v -0.100211 0.354121 1.275671
v -0.107305 0.308377 1.365980
v -0.114750 0.281739 1.460757
v -0.122260 0.275233 1.556359
v -0.129547 0.289107 1.649116
v -0.086238 1.236880 1.154374
v -0.077086 1.168858 1.092272
v -0.069447 1.086876 1.045159
v -0.063614 0.994082 1.014843
v -0.059811 0.894045 1.002490
v -0.058183 0.790608 1.008575
v -0.058795 0.687747 1.032864
v -0.061622 0.589413 1.074422
v -0.066556 0.499387 1.131654
v -0.073406 0.421128 1.202360
v -0.081911 0.357643 1.283823
v -0.091742 0.311371 1.372912
v -0.102522 0.284092 1.466203
v -0.113837 0.276853 1.560112
v -0.125253 0.289934 1.651029
v -0.082355 1.239327 1.159344
v -0.069470 1.173658 1.102022
v -0.058389 1.093843 1.059313
v -0.049540 1.002951 1.032858
v -0.043262 0.904473 1.023674
v -0.039796 0.802195 1.032112
v -0.039275 0.700048 1.057851
v -0.041720 0.601956 1.099899
v -0.047036 0.511688 1.156642
v -0.055019 0.432715 1.225897
v -0.065362 0.368071 1.305006
v -0.077669 0.320240 1.390926
v -0.091465 0.291060 1.480357
v -0.106221 0.281653 1.569861
v -0.121370 0.292380 1.655999
v -0.079032 1.243301 1.167180
v -0.062952 1.181452 1.117395
v -0.048928 1.105159 1.081631
v -0.037498 1.017353 1.061263
v -0.029101 0.921408 1.057075
v -0.024061 0.821012 1.069226
v -0.022571 0.720023 1.097249
v -0.024688 0.622323 1.140070
v -0.030332 0.531664 1.196040
v -0.039284 0.451532 1.263011
v -0.051201 0.385006 1.338407
v -0.065626 0.334642 1.419332
v -0.082003 0.302376 1.502675
v -0.099703 0.289447 1.585234
v -0.118047 0.296354 1.663835
v -0.076398 1.248648 1.177584
v -0.057784 1.191941 1.137799
v -0.041425 1.120387 1.111255
v -0.027948 1.036734 1.098966
v -0.017872 0.944198 1.101409
v -0.011584 0.846335 1.118488
v -0.009325 0.746906 1.149546
v -0.011184 0.649733 1.193393
v -0.017086 0.558547 1.248337
v -0.026807 0.476855 1.312273
v -0.039972 0.407796 1.382742
v -0.056076 0.354023 1.457035
v -0.074500 0.317603 1.532299
v -0.094535 0.299936 1.605639
v -0.115413 0.301701 1.674237
v -0.074552 1.255164 1.190151
v -0.054164 1.204723 1.162454
v -0.036169 1.138942 1.147046
v -0.021258 1.060351 1.144521
v -0.010006 0.971968 1.154976
v -0.002844 0.877192 1.178007
v -0.000047 0.779663 1.212732
v -0.001723 0.683131 1.257814
v -0.007808 0.591304 1.311523
v -0.018067 0.507712 1.371792
v -0.032107 0.435566 1.436308
v -0.049386 0.377640 1.502589
v -0.069244 0.336159 1.568090
v -0.090915 0.312717 1.630292
v -0.113567 0.308217 1.686806
v -0.073567 1.262598 1.204403
v -0.052231 1.219305 1.190408
v -0.033362 1.160112 1.187630
v -0.017686 1.087294 1.196174
v -0.005806 1.003651 1.215713
v 0.001824 0.912396 1.245495
v 0.004907 0.817036 1.284377
v 0.003329 0.721235 1.330863
v -0.002853 0.628676 1.383168
v -0.013399 0.542916 1.439280
v -0.027906 0.467249 1.497045
v -0.045815 0.404583 1.554242
v -0.066438 0.357328 1.608674
v -0.088982 0.327299 1.658247
v -0.112581 0.315651 1.701058
v -0.073479 1.270664 1.219789
v -0.052059 1.235127 1.220589
v -0.033113 1.183082 1.231445
v -0.017369 1.116530 1.251941
v -0.005432 1.038028 1.281288
v 0.002238 0.950594 1.318358
v 0.005348 0.857587 1.361728
v 0.003778 0.762581 1.409730
v -0.002412 0.669227 1.460519
v -0.012985 0.581114 1.512143
v -0.027533 0.501626 1.562620
v -0.045497 0.433819 1.610010
v -0.066188 0.380298 1.652489
v -0.088810 0.343122 1.688428
v -0.112494 0.323717 1.716444
vn 0.0417 0.7323 0.6797
vn 0.6648 0.2501 0.7039
vn -0.2754 0.7339 0.6209
vn 0.6938 0.2878 0.6602
vn 0.6957 0.3346 0.6356
vn -0.3009 0.1121 0.9470
vn 0.6707 0.3937 0.6286
vn 0.0173 0.1409 0.9899
vn 0.6116 0.4682 0.6378
vn 0.2961 0.1679 0.9403
vn 0.5018 0.5593 0.6598
vn 0.4867 0.1929 0.8520
vn 0.3163 0.6583 0.6831
vn 0.6014 0.2193 0.7683
vn -0.8998 0.3066 -0.3104
vn -0.9864 -0.1384 -0.0882
vn -0.9454 0.1970 -0.2596
vn -0.9796 -0.1922 -0.0585
vn -0.9666 0.1241 -0.2244
vn -0.9644 -0.2639 -0.0179
vn -0.9779 0.0696 -0.1973
vn -0.9779 0.0696 -0.1972
vn -0.9277 -0.3706 0.0448
vn -0.9843 0.0247 -0.1745
vn -0.8205 -0.5496 0.1575
vn -0.9880 -0.0153 -0.1538
vn 0.9894 0.0466 0.1374
vn 0.9884 0.0226 0.1500
vn -0.9896 -0.0539 -0.1336
vn -0.7775 0.4936 -0.3897
vn -0.9892 -0.0938 -0.1123
vn -0.9742 0.0034 -0.2257
vn -0.9742 0.0034 -0.2256
vn -0.7921 -0.5951 0.1357
vn -0.7922 -0.5950 0.1357
vn -0.9783 -0.0398 -0.2035
vn -0.9783 -0.0399 -0.2035
vn 0.9792 0.0554 0.1954
vn 0.9796 0.0659 0.1899
vn -0.9800 -0.0815 -0.1817
vn -0.7470 0.4997 -0.4385
vn -0.7471 0.4997 -0.4384
vn -0.9795 -0.1244 -0.1586
vn -0.8794 0.3055 -0.3652
vn -0.9761 -0.1722 -0.1323
vn -0.9302 0.1890 -0.3146
vn -0.9681 -0.2297 -0.0998
vn -0.9541 0.1106 -0.2783
vn -0.9506 -0.3055 -0.0553
vn -0.9669 0.0518 -0.2498
vn -0.9091 -0.4163 0.0134
vn -0.9589 -0.2172 -0.1826
vn -0.9041 0.1884 -0.3835
vn -0.9487 -0.2809 -0.1452
vn -0.9329 0.1011 -0.3455
vn -0.9329 0.1010 -0.3455
vn -0.9269 -0.3634 -0.0941
vn -0.9269 -0.3635 -0.0941
vn -0.9485 0.0349 -0.3149
vn -0.8769 -0.4805 -0.0156
vn -0.9574 -0.0197 -0.2883
vn -0.7448 -0.6564 0.1202
vn -0.7447 -0.6564 0.1202
vn -0.9622 -0.0686 -0.2635
vn 0.9621 0.0677 0.2640
vn 0.9642 0.1164 0.2384
vn -0.9641 -0.1155 -0.2389
vn -0.6963 0.5187 -0.4961
vn -0.6964 0.5187 -0.4961
vn -0.9633 -0.1639 -0.2127
vn -0.8441 0.3159 -0.4333
vn -0.8441 0.3160 -0.4333
vn -0.6691 -0.7348 0.1116
vn -0.9335 -0.1056 -0.3427
vn 0.9318 0.0858 0.3527
vn 0.9357 0.1811 0.3028
vn -0.9358 -0.1615 -0.3134
vn -0.6161 0.5511 -0.5628
vn -0.6162 0.5511 -0.5627
vn -0.9342 -0.2187 -0.2818
vn -0.7831 0.3407 -0.5203
vn -0.9278 -0.2812 -0.2451
vn -0.8577 0.1976 -0.4747
vn -0.9136 -0.3545 -0.1993
vn -0.8950 0.0960 -0.4356
vn -0.8842 -0.4466 -0.1368
vn -0.9155 0.0178 -0.4020
vn -0.8206 -0.5699 -0.0427
vn -0.9272 -0.0473 -0.3717
vn -0.8427 -0.4662 -0.2692
vn -0.8195 0.0973 -0.5648
vn -0.8008 -0.5691 -0.1865
vn -0.8487 -0.0010 -0.5289
vn -0.7183 -0.6925 -0.0671
vn -0.8655 -0.0841 -0.4937
vn -0.5514 -0.8268 0.1110
vn -0.5514 -0.8269 0.1110
vn -0.8745 -0.1588 -0.4582
vn 0.8699 0.1145 0.4797
vn 0.8765 0.2731 0.3965
vn -0.8775 -0.2301 -0.4208
vn -0.4926 0.5952 -0.6349
vn -0.4928 0.5951 -0.6348
vn -0.8745 -0.3021 -0.3794
vn -0.8745 -0.3022 -0.3794
vn -0.6739 0.3835 -0.6314
vn -0.8643 -0.3792 -0.3305
vn -0.7683 0.2208 -0.6008
vn 0.7179 0.1631 0.6768
vn 0.7284 0.4173 0.5435
vn -0.7317 -0.3422 -0.5895
vn -0.3120 0.6427 -0.6997
vn -0.3119 0.6427 -0.6998
vn -0.7264 -0.4393 -0.5286
vn -0.4741 0.4438 -0.7604
vn -0.4742 0.4438 -0.7604
vn -0.7098 -0.5378 -0.4549
vn -0.5801 0.2628 -0.7710
vn -0.5800 0.2628 -0.7710
vn -0.6777 -0.6398 -0.3625
vn -0.6469 0.1084 -0.7548
vn -0.6469 0.1084 -0.7549
vn -0.6216 -0.7449 -0.2425
vn -0.6887 -0.0233 -0.7247
vn -0.6886 -0.0233 -0.7247
vn -0.5273 -0.8455 -0.0842
vn -0.7140 -0.1386 -0.6863
vn -0.3763 -0.9188 0.1192
vn -0.3766 -0.9187 0.1192
vn -0.3761 -0.9189 0.1192
vn -0.7276 -0.2433 -0.6414
vn -0.2354 0.1275 -0.9635
vn -0.2442 -0.9284 -0.2801
vn -0.2441 -0.9284 -0.2801
vn -0.2669 -0.0470 -0.9626
vn -0.1997 -0.9764 -0.0821
vn -0.2889 -0.2098 -0.9341
vn -0.1422 -0.9805 0.1355
vn -0.1420 -0.9805 0.1355
vn -0.1423 -0.9805 0.1355
vn -0.3025 -0.3609 -0.8822
vn 0.2915 0.2317 0.9281
vn 0.3072 0.6125 0.7284
vn -0.3082 -0.5009 -0.8088
vn -0.0739 0.6759 -0.7333
vn -0.0738 0.6759 -0.7333
vn -0.3062 -0.6300 -0.7137
vn -0.1390 0.4985 -0.8557
vn -0.1389 0.4985 -0.8557
vn -0.2958 -0.7470 -0.5954
vn -0.1930 0.3115 -0.9304
vn -0.1931 0.3115 -0.9304
vn -0.2757 -0.8486 -0.4515
vn -0.2756 -0.8486 -0.4515
vn 0.4307 -0.5009 -0.7507
vn 0.4308 -0.5009 -0.7507
vn 0.1874 0.6759 -0.7127
vn 0.1870 0.6760 -0.7127
vn 0.4139 -0.6300 -0.6571
vn 0.2709 0.4985 -0.8235
vn 0.3852 -0.7470 -0.5419
vn 0.3851 -0.7470 -0.5419
vn 0.3360 0.3115 -0.8889
vn 0.3359 0.3115 -0.8889
vn 0.3428 -0.8486 -0.4029
vn 0.3427 -0.8486 -0.4029
vn 0.3830 0.1275 -0.9149
vn 0.2849 -0.9284 -0.2386
vn 0.4140 -0.0470 -0.9091
vn 0.2101 -0.9764 -0.0499
vn 0.2100 -0.9764 -0.0499
vn 0.4312 -0.2098 -0.8775
vn 0.1191 -0.9805 0.1560
vn 0.1190 -0.9806 0.1560
vn 0.1194 -0.9805 0.1560
vn 0.4365 -0.3609 -0.8242
vn 0.4365 -0.3609 -0.8241
vn -0.4328 0.2317 0.8712
vn -0.4171 0.6125 0.6715
vn 0.6518 -0.7449 -0.1425
vn 0.7934 -0.0233 -0.6083
vn 0.5340 -0.8455 -0.0008
vn 0.5339 -0.8455 -0.0008
vn 0.8124 -0.1386 -0.5664
vn 0.3531 -0.9188 0.1765
vn 0.3529 -0.9189 0.1765
vn 0.3533 -0.9187 0.1765
vn 0.8189 -0.2433 -0.5199
vn 0.8188 -0.2433 -0.5199
vn -0.8148 0.1631 0.5564
vn -0.8043 0.4173 0.4231
vn 0.8148 -0.3422 -0.4680
vn 0.4174 0.6427 -0.6424
vn 0.4173 0.6427 -0.6425
vn 0.4175 0.6427 -0.6424
vn 0.8000 -0.4393 -0.4087
vn 0.5871 0.4438 -0.6770
vn 0.5870 0.4438 -0.6771
vn 0.7722 -0.5378 -0.3385
vn 0.6933 0.2628 -0.6710
vn 0.7260 -0.6398 -0.2522
vn 0.7568 0.1084 -0.6446
vn 0.5858 0.5951 -0.5501
vn 0.5857 0.5952 -0.5502
vn 0.9230 -0.3022 -0.2381
vn 0.9230 -0.3021 -0.2381
vn 0.7642 0.3835 -0.5185
vn 0.7643 0.3835 -0.5185
vn 0.7643 0.3835 -0.5184
vn 0.9053 -0.3792 -0.1915
vn 0.8527 0.2208 -0.4734
vn 0.8527 0.2208 -0.4735
vn 0.8744 -0.4662 -0.1343
vn 0.8976 0.0973 -0.4299
vn 0.8202 -0.5691 -0.0592
vn 0.8201 -0.5691 -0.0592
vn 0.8202 -0.5691 -0.0591
vn 0.9208 -0.0010 -0.3899
vn 0.7200 -0.6925 0.0459
vn 0.7199 -0.6926 0.0459
vn 0.9320 -0.0841 -0.3525
vn 0.5272 -0.8269 0.1957
vn 0.5273 -0.8268 0.1957
vn 0.9354 -0.1588 -0.3161
vn -0.9342 0.1145 0.3380
vn -0.9276 0.2731 0.2548
vn 0.9324 -0.2301 -0.2787
vn 0.9670 0.0178 -0.2541
vn 0.8172 -0.5699 0.0860
vn 0.9738 -0.0473 -0.2223
vn 0.6434 -0.7348 0.2147
vn 0.9755 -0.1056 -0.1928
vn -0.9754 0.0858 0.2029
vn -0.9715 0.1811 0.1530
vn 0.9732 -0.1615 -0.1635
vn 0.6965 0.5511 -0.4596
vn 0.6964 0.5511 -0.4597
vn 0.9668 -0.2187 -0.1324
vn 0.8547 0.3407 -0.3916
vn 0.9547 -0.2812 -0.0972
vn 0.9213 0.1976 -0.3349
vn 0.9335 -0.3545 -0.0542
vn 0.9521 0.0960 -0.2905
vn 0.9520 0.0960 -0.2905
vn 0.8947 -0.4466 0.0029
vn 0.9847 -0.1639 -0.0596
vn 0.9014 0.3159 -0.2962
vn 0.9756 -0.2172 -0.0306
vn 0.9529 0.1884 -0.2376
vn 0.9597 -0.2809 0.0047
vn 0.9755 0.1010 -0.1956
vn 0.9755 0.1011 -0.1956
vn 0.9302 -0.3634 0.0518
vn 0.9302 -0.3635 0.0518
vn 0.9860 0.0349 -0.1629
vn 0.8686 -0.4805 0.1215
vn 0.9906 -0.0197 -0.1352
vn 0.7168 -0.6564 0.2351
vn 0.7169 -0.6564 0.2351
vn 0.9916 -0.0686 -0.1100
vn -0.9916 0.0677 0.1105
vn -0.9896 0.1164 0.0849
vn 0.9896 -0.1155 -0.0854
vn 0.7652 0.5187 -0.3813
vn 0.8959 -0.4163 0.1552
vn 0.9975 0.0034 -0.0708
vn 0.7612 -0.5951 0.2577
vn 0.7612 -0.5950 0.2577
vn 0.9980 -0.0398 -0.0482
vn -0.9977 0.0554 0.0401
vn -0.9972 0.0659 0.0346
vn 0.9963 -0.0815 -0.0264
vn 0.8064 0.4997 -0.3164
vn 0.9922 -0.1244 -0.0037
vn 0.9922 -0.1245 -0.0037
vn 0.9256 0.3055 -0.2234
vn 0.9848 -0.1722 0.0217
vn 0.9679 0.1890 -0.1655
vn 0.9718 -0.2297 0.0526
vn 0.9859 0.1106 -0.1259
vn 0.9476 -0.3055 0.0938
vn 0.9940 0.0518 -0.0958
vn 0.9881 -0.1384 0.0669
vn 0.9743 0.1970 -0.1088
vn 0.9767 -0.1922 0.0952
vn 0.9898 0.1241 -0.0707
vn 0.9554 -0.2639 0.1329
vn 0.9967 0.0696 -0.0421
vn 0.9094 -0.3706 0.1891
vn 0.9995 0.0247 -0.0186
vn 0.9995 0.0247 -0.0187
vn 0.7858 -0.5496 0.2837
vn 0.9999 -0.0153 0.0023
vn -0.9987 0.0466 -0.0188
vn -0.9997 0.0226 -0.0062
vn 0.9983 -0.0539 0.0226
vn 0.8288 0.4936 -0.2635
vn 0.9946 -0.0938 0.0435
vn 0.9373 0.3066 -0.1660
vn 0.1750 0.7339 0.6563
vn -0.7884 0.2878 0.5438
vn -0.7864 0.3346 0.5192
vn 0.1494 0.1121 0.9824
vn -0.7607 0.3937 0.5161
vn -0.1716 0.1409 0.9750
vn -0.7037 0.4682 0.5344
vn -0.4393 0.1679 0.8825
vn -0.5987 0.5593 0.5734
vn -0.6138 0.1929 0.7656
vn -0.4191 0.6583 0.6253
vn -0.7140 0.2193 0.6650
vn -0.1473 0.7323 0.6648
vn -0.7666 0.2501 0.5914
vn -0.7775 0.4936 -0.3896
vn -0.8769 -0.4804 -0.0156
vn -0.5513 -0.8269 0.1110
vn -0.1998 -0.9764 -0.0821
vn 0.1870 0.6760 -0.7128
vn 0.8744 -0.4663 -0.1343
vn 0.8686 -0.4804 0.1215
vn 0.7613 -0.5950 0.2578
vn 0.9940 0.0519 -0.0958
vt 0.874100 0.255553
vt 0.806463 0.236674
vt 0.800586 0.231064
vt 0.857910 0.303331
vt 0.825770 0.323454
vt 0.830360 0.309760
vt 0.880654 0.241980
vt 0.796144 0.226695
vt 0.857167 0.297843
vt 0.832499 0.294378
vt 0.857323 0.291292
vt 0.830597 0.278899
vt 0.880654 0.346467
vt 0.795696 0.361893
vt 0.800158 0.357497
vt 0.858319 0.285435
vt 0.826007 0.265101
vt 0.874066 0.332876
vt 0.806067 0.351857
vt 0.859893 0.280575
vt 0.820316 0.253227
vt 0.865827 0.324755
vt 0.812549 0.344771
vt 0.866319 0.271193
vt 0.812926 0.243759
vt 0.866123 0.317567
vt 0.819991 0.335330
vt 0.866104 0.263821
vt 0.859851 0.308136
vt 0.802519 0.346325
vt 0.816547 0.269642
vt 0.812496 0.259029
vt 0.807242 0.338689
vt 0.807617 0.249808
vt 0.812202 0.329473
vt 0.802922 0.242176
vt 0.816375 0.318865
vt 0.798501 0.235388
vt 0.819162 0.307008
vt 0.795153 0.229107
vt 0.820382 0.294290
vt 0.709384 0.364372
vt 0.794698 0.359468
vt 0.710296 0.224288
vt 0.819394 0.281570
vt 0.798065 0.353149
vt 0.810574 0.305012
vt 0.796782 0.239085
vt 0.794274 0.231195
vt 0.811195 0.294230
vt 0.714805 0.364738
vt 0.793813 0.357370
vt 0.715681 0.223899
vt 0.810626 0.283432
vt 0.796335 0.349428
vt 0.808966 0.273073
vt 0.799374 0.341843
vt 0.806221 0.263392
vt 0.802699 0.333877
vt 0.803083 0.254581
vt 0.805902 0.325051
vt 0.799780 0.246619
vt 0.808674 0.315389
vt 0.801385 0.266682
vt 0.799030 0.330227
vt 0.799426 0.258196
vt 0.801078 0.321720
vt 0.797269 0.250093
vt 0.802623 0.312919
vt 0.795213 0.242049
vt 0.803792 0.303647
vt 0.793465 0.232968
vt 0.804189 0.294192
vt 0.717399 0.366875
vt 0.792999 0.355588
vt 0.718244 0.221773
vt 0.803882 0.284738
vt 0.794757 0.346441
vt 0.802841 0.275472
vt 0.796853 0.338330
vt 0.792701 0.234416
vt 0.798757 0.302691
vt 0.798977 0.294164
vt 0.718230 0.371482
vt 0.792230 0.354133
vt 0.719088 0.217216
vt 0.798850 0.285640
vt 0.793480 0.344197
vt 0.798326 0.277206
vt 0.794700 0.335726
vt 0.797466 0.268968
vt 0.796076 0.327552
vt 0.796487 0.260842
vt 0.797186 0.319393
vt 0.795122 0.252664
vt 0.798133 0.311135
vt 0.793946 0.244270
vt 0.794140 0.262596
vt 0.793802 0.325746
vt 0.794305 0.317843
vt 0.793470 0.254473
vt 0.794847 0.309965
vt 0.792820 0.245816
vt 0.795138 0.302066
vt 0.792071 0.235417
vt 0.795239 0.294142
vt 0.725443 0.375999
vt 0.791594 0.353125
vt 0.726394 0.212795
vt 0.795230 0.286224
vt 0.792339 0.342628
vt 0.795034 0.278337
vt 0.793009 0.333918
vt 0.794578 0.270477
vt 0.732963 0.390726
vt 0.791000 0.352511
vt 0.733847 0.198194
vt 0.791482 0.236027
vt 0.792753 0.286547
vt 0.791368 0.341708
vt 0.792746 0.278968
vt 0.791646 0.332857
vt 0.792521 0.271342
vt 0.792085 0.324709
vt 0.792424 0.263614
vt 0.792250 0.316951
vt 0.792095 0.255524
vt 0.792561 0.309306
vt 0.791861 0.246723
vt 0.792661 0.301712
vt 0.792689 0.294127
vt 0.790736 0.324372
vt 0.790735 0.316647
vt 0.791081 0.263936
vt 0.790947 0.255873
vt 0.790929 0.309089
vt 0.790986 0.247021
vt 0.790940 0.301592
vt 0.790944 0.236230
vt 0.790932 0.294116
vt 0.761633 0.412715
vt 0.790456 0.352307
vt 0.762233 0.176425
vt 0.791034 0.286646
vt 0.790484 0.341403
vt 0.791116 0.279165
vt 0.790499 0.332496
vt 0.791008 0.271629
vt 0.789317 0.286533
vt 0.789911 0.352509
vt 0.789598 0.341705
vt 0.789472 0.278960
vt 0.789340 0.332816
vt 0.789503 0.271361
vt 0.789373 0.324685
vt 0.789732 0.263613
vt 0.789221 0.316899
vt 0.789795 0.255545
vt 0.789278 0.309275
vt 0.790111 0.246720
vt 0.789220 0.301684
vt 0.790403 0.236032
vt 0.789194 0.294105
vt 0.819045 0.412862
vt 0.819095 0.176211
vt 0.787989 0.262611
vt 0.788417 0.254518
vt 0.786948 0.309876
vt 0.789148 0.245806
vt 0.786748 0.301991
vt 0.789831 0.235435
vt 0.786684 0.294089
vt 0.846951 0.389473
vt 0.789333 0.353113
vt 0.846751 0.199332
vt 0.786854 0.286194
vt 0.788620 0.342627
vt 0.787156 0.278332
vt 0.787947 0.333839
vt 0.787470 0.270502
vt 0.787605 0.325676
vt 0.787169 0.317739
vt 0.788695 0.354121
vt 0.787508 0.344203
vt 0.783833 0.277230
vt 0.786189 0.335615
vt 0.784628 0.268974
vt 0.785203 0.327407
vt 0.785623 0.260864
vt 0.784293 0.319241
vt 0.786729 0.252732
vt 0.783599 0.310937
vt 0.788029 0.244261
vt 0.783143 0.302539
vt 0.789196 0.234440
vt 0.783002 0.294063
vt 0.855500 0.376167
vt 0.855239 0.212443
vt 0.783263 0.285597
vt 0.779004 0.312544
vt 0.786723 0.242076
vt 0.778144 0.303374
vt 0.788428 0.233003
vt 0.777882 0.294025
vt 0.862961 0.371828
vt 0.787917 0.355580
vt 0.862384 0.216896
vt 0.778289 0.284691
vt 0.786190 0.346404
vt 0.779280 0.275566
vt 0.784097 0.338226
vt 0.780678 0.266741
vt 0.782196 0.330036
vt 0.782681 0.258231
vt 0.780288 0.321436
vt 0.784658 0.250131
vt 0.773277 0.273194
vt 0.784615 0.349387
vt 0.781548 0.341762
vt 0.775768 0.263512
vt 0.778303 0.333571
vt 0.778867 0.254692
vt 0.775290 0.324628
vt 0.782144 0.246622
vt 0.772930 0.314838
vt 0.785169 0.239122
vt 0.771486 0.304556
vt 0.787614 0.231244
vt 0.771053 0.293968
vt 0.863800 0.367222
vt 0.787092 0.357366
vt 0.863166 0.221478
vt 0.771670 0.283405
vt 0.783360 0.235511
vt 0.765100 0.317986
vt 0.762861 0.306144
vt 0.786617 0.229100
vt 0.762236 0.293884
vt 0.870049 0.368084
vt 0.786081 0.359544
vt 0.869291 0.220627
vt 0.763108 0.281666
vt 0.782778 0.353041
vt 0.765558 0.269939
vt 0.778500 0.346309
vt 0.769557 0.259169
vt 0.773511 0.338292
vt 0.774181 0.249983
vt 0.768953 0.328929
vt 0.779149 0.242125
vt 0.755636 0.265580
vt 0.761942 0.253503
vt 0.767631 0.344458
vt 0.768462 0.243863
vt 0.761147 0.334546
vt 0.775702 0.236568
vt 0.755000 0.322196
vt 0.781292 0.231221
vt 0.751914 0.308103
vt 0.785616 0.226773
vt 0.751237 0.293759
vt 0.869730 0.365673
vt 0.785064 0.361908
vt 0.868945 0.223051
vt 0.752261 0.279484
vt 0.780674 0.357399
vt 0.774979 0.351949
vt 0.701844 0.243863
vt 0.728231 0.294878
vt 0.728340 0.292085
vt 0.700051 0.344627
vt 0.725612 0.288153
vt 0.709382 0.333548
vt 0.720047 0.280378
vt 0.708692 0.324630
vt 0.718653 0.273908
vt 0.717415 0.313105
vt 0.710619 0.262943
vt 0.719261 0.306516
vt 0.711321 0.254613
vt 0.725247 0.298756
s 1
usemtl honMaguro
f 2577/3083/4079 2590/3084/4079 2591/3085/4079
f 2577/3086/4080 2583/3087/4080 2584/3088/4080
f 2577/3089/4081 2591/3085/4081 2592/3090/4081
f 2577/3091/4082 2584/3088/4082 2585/3092/4082
f 2577/3093/4083 2585/3092/4083 2586/3094/4083
f 2577/3095/4084 2578/3096/4084 2579/3097/4084
f 2577/3098/4085 2586/3094/4085 2587/3099/4085
f 2577/3100/4086 2579/3097/4086 2580/3101/4086
f 2577/3102/4087 2587/3099/4087 2588/3103/4087
f 2577/3104/4088 2580/3101/4088 2581/3105/4088
f 2577/3106/4089 2588/3103/4089 2589/3107/4089
f 2577/3108/4090 2581/3105/4090 2582/3109/4090
f 2577/3110/4091 2589/3107/4091 2590/3084/4091
f 2577/3111/4092 2582/3109/4092 2583/3087/4092
f 2579/3097/4093 2595/3112/4093 2580/3101/4093
f 2588/3103/4094 2602/3113/4094 2603/3114/4094
f 2580/3101/4095 2596/3115/4095 2581/3105/4095
f 2588/3103/4096 2604/3116/4096 2589/3107/4096
f 2582/3109/4097 2596/3115/4097 2597/3117/4097
f 2590/3084/4098 2604/3116/4098 2605/3118/4098
f 2582/3109/4099 2598/3119/4099 2583/3087/4100
f 2591/3085/4101 2605/3118/4101 2606/3120/4101
f 2584/3088/4102 2598/3119/4102 2599/3121/4102
f 2591/3085/4103 2607/3122/4103 2592/3090/4103
f 2585/3092/4104 2599/3121/4104 2600/3123/4104
f 2578/3096/4105 2577/3124/4105 2593/3125/4105
f 2577/3126/4106 2592/3090/4106 2607/3122/4106
f 2585/3092/4107 2601/3127/4107 2586/3094/4107
f 2579/3097/4108 2593/3125/4108 2594/3128/4108
f 2586/3094/4109 2602/3113/4109 2587/3099/4109
f 2598/3119/4110 2614/3129/4110 2599/3121/4111
f 2607/3122/4112 2621/3130/4113 2622/3131/4112
f 2600/3123/4114 2614/3129/4114 2615/3132/4115
f 2593/3125/4116 2577/3133/4116 2608/3134/4116
f 2577/3135/4117 2607/3122/4117 2622/3131/4117
f 2600/3123/4118 2616/3136/4118 2601/3127/4118
f 2593/3125/4119 2609/3137/4120 2594/3128/4120
f 2601/3127/4121 2617/3138/4121 2602/3113/4121
f 2595/3112/4122 2609/3137/4122 2610/3139/4122
f 2603/3114/4123 2617/3138/4123 2618/3140/4123
f 2595/3112/4124 2611/3141/4124 2596/3115/4124
f 2603/3114/4125 2619/3142/4125 2604/3116/4125
f 2597/3117/4126 2611/3141/4126 2612/3143/4126
f 2605/3118/4127 2619/3142/4127 2620/3144/4127
f 2597/3117/4128 2613/3145/4128 2598/3119/4128
f 2605/3118/4129 2621/3130/4129 2606/3120/4129
f 2617/3138/4130 2633/3146/4130 2618/3140/4130
f 2610/3139/4131 2626/3147/4131 2611/3141/4131
f 2618/3140/4132 2634/3148/4132 2619/3142/4132
f 2612/3143/4133 2626/3147/4134 2627/3149/4133
f 2620/3144/4135 2634/3148/4136 2635/3150/4135
f 2613/3145/4137 2627/3149/4137 2628/3151/4137
f 2621/3130/4138 2635/3150/4138 2636/3152/4138
f 2614/3129/4139 2628/3151/4139 2629/3153/4139
f 2622/3131/4140 2636/3152/4141 2637/3154/4140
f 2615/3132/4142 2629/3153/4142 2630/3155/4142
f 2608/3134/4143 2577/3156/4143 2623/3157/4143
f 2577/3158/4144 2622/3131/4144 2637/3154/4144
f 2615/3132/4145 2631/3159/4145 2616/3136/4145
f 2608/3134/4146 2624/3160/4146 2609/3137/4147
f 2616/3136/4148 2632/3161/4148 2617/3138/4148
f 2609/3137/4149 2625/3162/4149 2610/3139/4150
f 2636/3152/4151 2652/3163/4151 2637/3154/4151
f 2630/3155/4152 2644/3164/4152 2645/3165/4152
f 2623/3157/4153 2577/3166/4153 2638/3167/4153
f 2577/3168/4154 2637/3154/4154 2652/3163/4154
f 2630/3155/4155 2646/3169/4155 2631/3159/4155
f 2624/3160/4156 2638/3167/4157 2639/3170/4156
f 2631/3159/4158 2647/3171/4158 2632/3161/4158
f 2625/3162/4159 2639/3170/4159 2640/3172/4159
f 2633/3146/4160 2647/3171/4160 2648/3173/4160
f 2625/3162/4161 2641/3174/4161 2626/3147/4161
f 2633/3146/4162 2649/3175/4162 2634/3148/4162
f 2627/3149/4163 2641/3174/4163 2642/3176/4163
f 2635/3150/4164 2649/3175/4164 2650/3177/4164
f 2627/3149/4165 2643/3178/4165 2628/3151/4165
f 2635/3150/4166 2651/3179/4166 2636/3152/4166
f 2629/3153/4167 2643/3178/4167 2644/3164/4167
f 2648/3173/4168 2664/3180/4168 2649/3175/4168
f 2642/3176/4169 2656/3181/4169 2657/3182/4169
f 2649/3175/4170 2665/3183/4170 2650/3177/4170
f 2642/3176/4171 2658/3184/4171 2643/3178/4171
f 2651/3179/4172 2665/3183/4172 2666/3185/4172
f 2644/3164/4173 2658/3184/4173 2659/3186/4173
f 2652/3163/4174 2666/3185/4175 2667/3187/4174
f 2645/3165/4176 2659/3186/4176 2660/3188/4176
f 2638/3167/4177 2577/3189/4177 2653/3190/4177
f 2577/3191/4178 2652/3163/4178 2667/3187/4178
f 2645/3165/4179 2661/3192/4179 2646/3169/4179
f 2638/3167/4180 2654/3193/4181 2639/3170/4181
f 2646/3169/4182 2662/3194/4183 2647/3171/4183
f 2639/3170/4184 2655/3195/4184 2640/3172/4184
f 2648/3173/4185 2662/3194/4185 2663/3196/4185
f 2640/3172/4186 2656/3181/4186 2641/3174/4186
f 2653/3190/4187 2577/3197/4187 2668/3198/4187
f 2577/3199/4188 2667/3187/4188 2682/3200/4188
f 2660/3188/4189 2676/3201/4189 2661/3192/4189
f 2654/3193/4190 2668/3198/4191 2669/3202/4190
f 2661/3192/4192 2677/3203/4192 2662/3194/4192
f 2655/3195/4193 2669/3202/4194 2670/3204/4193
f 2663/3196/4195 2677/3203/4195 2678/3205/4195
f 2655/3195/4196 2671/3206/4197 2656/3181/4197
f 2663/3196/4198 2679/3207/4198 2664/3180/4198
f 2657/3182/4199 2671/3206/4200 2672/3208/4199
f 2665/3183/4201 2679/3207/4201 2680/3209/4201
f 2657/3182/4202 2673/3210/4203 2658/3184/4203
f 2665/3183/4204 2681/3211/4204 2666/3185/4204
f 2659/3186/4205 2673/3210/4205 2674/3212/4205
f 2666/3185/4206 2682/3200/4207 2667/3187/4208
f 2660/3188/4209 2674/3212/4209 2675/3213/4209
f 2672/3208/4210 2686/3214/4210 2687/3215/4210
f 2680/3209/4211 2694/3216/4212 2695/3217/4211
f 2672/3208/4213 2688/3218/4213 2673/3210/4213
f 2681/3211/4214 2695/3217/4214 2696/3219/4214
f 2674/3212/4215 2688/3218/4215 2689/3220/4215
f 2682/3200/4216 2696/3219/4217 2697/3221/4218
f 2675/3213/4219 2689/3220/4219 2690/3222/4219
f 2668/3198/4220 2577/3223/4220 2683/3224/4220
f 2577/3225/4221 2682/3200/4221 2697/3221/4221
f 2675/3213/4222 2691/3226/4222 2676/3201/4222
f 2668/3198/4223 2684/3227/4224 2669/3202/4224
f 2676/3201/4225 2692/3228/4225 2677/3203/4225
f 2669/3202/4226 2685/3229/4226 2670/3204/4227
f 2678/3205/4228 2692/3228/4228 2693/3230/4228
f 2670/3204/4229 2686/3214/4230 2671/3206/4230
f 2678/3205/4231 2694/3216/4232 2679/3207/4232
f 2690/3222/4233 2706/3231/4233 2691/3226/4234
f 2684/3227/4235 2698/3232/4236 2699/3233/4235
f 2691/3226/4237 2707/3234/4237 2692/3228/4237
f 2685/3229/4238 2699/3233/4238 2700/3235/4238
f 2693/3230/4239 2707/3234/4240 2708/3236/4239
f 2686/3214/4241 2700/3235/4242 2701/3237/4241
f 2693/3230/4243 2709/3238/4244 2694/3216/4244
f 2687/3215/4245 2701/3237/4245 2702/3239/4245
f 2694/3216/4246 2710/3240/4246 2695/3217/4246
f 2687/3215/4247 2703/3241/4247 2688/3218/4247
f 2695/3217/4248 2711/3242/4248 2696/3219/4249
f 2689/3220/4250 2703/3241/4250 2704/3243/4250
f 2696/3219/4251 2712/3244/4252 2697/3221/4253
f 2690/3222/4254 2704/3243/4255 2705/3245/4254
f 2683/3224/4256 2577/3246/4256 2698/3232/4256
f 2577/3247/4257 2697/3221/4257 2712/3244/4257
f 2710/3240/4258 2724/3248/4258 2725/3249/4258
f 2702/3239/4259 2718/3250/4259 2703/3241/4259
f 2711/3242/4260 2725/3249/4261 2726/3251/4260
f 2704/3243/4262 2718/3250/4262 2719/3252/4262
f 2711/3242/4263 2727/3253/4264 2712/3244/4265
f 2705/3245/4266 2719/3252/4267 2720/3254/4266
f 2698/3232/4268 2577/3255/4268 2713/3256/4268
f 2577/3257/4269 2712/3244/4269 2727/3253/4269
f 2705/3245/4270 2721/3258/4270 2706/3231/4270
f 2699/3233/4271 2713/3256/4272 2714/3259/4273
f 2706/3231/4274 2722/3260/4274 2707/3234/4274
f 2699/3233/4275 2715/3261/4276 2700/3235/4276
f 2708/3236/4277 2722/3260/4277 2723/3262/4277
f 2700/3235/4278 2716/3263/4278 2701/3237/4278
f 2708/3236/4279 2724/3248/4279 2709/3238/4279
f 2702/3239/4280 2716/3263/4280 2717/3264/4280
f 2714/3259/4281 2728/3265/4282 2729/3266/4281
f 2721/3258/4283 2737/3267/4284 2722/3260/4284
f 2714/3259/4285 2730/3268/4286 2715/3261/4287
f 2723/3262/4288 2737/3267/4288 2738/3269/4288
f 2715/3261/4289 2731/3270/4290 2716/3263/4290
f 2723/3262/4291 2739/3271/4291 2724/3248/4291
f 2717/3264/4292 2731/3270/4292 2732/3272/4292
f 2725/3249/4293 2739/3271/4294 2740/3273/4295
f 2717/3264/4296 2733/3274/4296 2718/3250/4296
f 2725/3249/4297 2741/3275/4298 2726/3251/4298
f 2719/3252/4299 2733/3274/4299 2734/3276/4299
f 2726/3251/4300 2742/3277/4301 2727/3253/4301
f 2720/3254/4302 2734/3276/4302 2735/3278/4302
f 2713/3256/4303 2577/3279/4303 2728/3265/4303
f 2577/3280/4304 2727/3253/4304 2742/3277/4304
f 2720/3254/4305 2736/3281/4305 2721/3258/4305
f 2732/3272/4306 2748/3282/4306 2733/3274/4306
f 2740/3273/4307 2756/3283/4307 2741/3275/4307
f 2734/3276/4308 2748/3282/4308 2749/3284/4308
f 2742/3277/4309 2756/3283/4309 2757/3285/4309
f 2735/3278/4310 2749/3284/4310 2750/3286/4310
f 2728/3265/4311 2577/3287/4311 2743/3288/4311
f 2577/3289/4312 2742/3277/4312 2757/3285/4312
f 2735/3278/4313 2751/3290/4313 2736/3281/4313
f 2728/3265/4314 2744/3291/4315 2729/3266/4315
f 2736/3281/4316 2752/3292/4316 2737/3267/4316
f 2730/3268/4317 2744/3291/4317 2745/3293/4317
f 2738/3269/4318 2752/3292/4318 2753/3294/4318
f 2730/3268/4319 2746/3295/4319 2731/3270/4319
f 2739/3271/4320 2753/3294/4320 2754/3296/4320
f 2731/3270/4321 2747/3297/4322 2732/3272/4322
f 2740/3273/4323 2754/3296/4323 2755/3298/4323
f 2751/3290/4324 2767/3299/4324 2752/3292/4324
f 2745/3293/4325 2759/3300/4325 2760/3301/4325
f 2753/3294/4326 2767/3299/4326 2768/3302/4326
f 2745/3293/4327 2761/3303/4327 2746/3295/4327
f 2753/3294/4328 2769/3304/4328 2754/3296/4328
f 2747/3297/4329 2761/3303/4330 2762/3305/4329
f 2755/3298/4331 2769/3304/4332 2770/3306/4331
f 2747/3297/4333 2763/3307/4333 2748/3282/4333
f 2755/3298/4334 2771/3308/4334 2756/3283/4334
f 2749/3284/4335 2763/3307/4335 2764/3309/4335
f 2756/3283/4336 2772/3310/4336 2757/3285/4337
f 2750/3286/4338 2764/3309/4338 2765/3311/4338
f 2743/3288/4339 2577/3312/4339 2758/3313/4339
f 2577/3314/4340 2757/3285/4340 2772/3310/4340
f 2750/3286/4341 2766/3315/4341 2751/3290/4341
f 2744/3291/4342 2758/3313/4342 2759/3300/4342
f 2770/3306/4343 2786/3316/4343 2771/3308/4343
f 2764/3309/4344 2778/3317/4344 2779/3318/4344
f 2772/3310/4345 2786/3316/4346 2787/3319/4345
f 2765/3311/4347 2779/3318/4347 2780/3320/4347
f 2758/3313/4348 2577/3321/4348 2773/3322/4348
f 2577/3323/4349 2772/3310/4349 2787/3319/4349
f 2765/3311/4350 2781/3324/4350 2766/3315/4350
f 2758/3313/4351 2774/3325/4351 2759/3300/4351
f 2766/3315/4352 2782/3326/4352 2767/3299/4353
f 2760/3301/4354 2774/3325/4354 2775/3327/4354
f 2768/3302/4355 2782/3326/4355 2783/3328/4355
f 2760/3301/4356 2776/3329/4356 2761/3303/4356
f 2768/3302/4357 2784/3330/4357 2769/3304/4357
f 2762/3305/4358 2776/3329/4358 2777/3331/4358
f 2770/3306/4359 2784/3330/4359 2785/3332/4359
f 2762/3305/4360 2778/3317/4360 2763/3307/4360
f 2783/3328/4361 2797/3333/4361 2798/3334/4361
f 2775/3327/4362 2791/3335/4362 2776/3329/4362
f 2783/3328/4363 2799/3336/4363 2784/3330/4363
f 2777/3331/4364 2791/3335/4364 2792/3337/4364
f 2785/3332/4365 2799/3336/4365 2800/3338/4365
f 2777/3331/4366 2793/3339/4366 2778/3317/4366
f 2785/3332/4367 2801/3340/4367 2786/3316/4367
f 2779/3318/4368 2793/3339/4368 2794/3341/4369
f 2786/3316/4370 2802/3342/4370 2787/3319/4370
f 2780/3320/4371 2794/3341/4371 2795/3343/4371
f 2773/3322/4372 2577/3344/4372 2788/3345/4372
f 2577/3346/4373 2787/3319/4373 2802/3342/4373
f 2780/3320/4374 2796/3347/4374 2781/3324/4374
f 2774/3325/4375 2788/3345/4375 2789/3348/4375
f 2781/3324/4376 2797/3333/4376 2782/3326/4376
f 2775/3327/4377 2789/3348/4377 2790/3349/4377
f 2802/3342/4378 2801/3340/4378 2577/3350/4378
f 2795/3343/4379 2794/3341/4379 2577/3351/4379
f 2796/3347/4380 2795/3343/4380 2577/3352/4380
f 2789/3348/4381 2788/3345/4381 2577/3353/4381
f 2797/3333/4382 2796/3347/4382 2577/3354/4382
f 2790/3349/4383 2789/3348/4383 2577/3355/4383
f 2798/3334/4384 2797/3333/4384 2577/3356/4384
f 2791/3335/4385 2790/3349/4385 2577/3357/4385
f 2799/3336/4386 2798/3334/4386 2577/3358/4386
f 2792/3337/4387 2791/3335/4387 2577/3359/4387
f 2800/3338/4388 2799/3336/4388 2577/3360/4388
f 2793/3339/4389 2792/3337/4389 2577/3361/4389
f 2801/3340/4390 2800/3338/4390 2577/3362/4390
f 2794/3341/4391 2793/3339/4391 2577/3363/4391
f 2579/3097/4093 2594/3128/4093 2595/3112/4093
f 2588/3103/4094 2587/3099/4094 2602/3113/4094
f 2580/3101/4095 2595/3112/4095 2596/3115/4095
f 2588/3103/4096 2603/3114/4096 2604/3116/4096
f 2582/3109/4097 2581/3105/4097 2596/3115/4097
f 2590/3084/4098 2589/3107/4098 2604/3116/4098
f 2582/3109/4099 2597/3117/4099 2598/3119/4099
f 2591/3085/4101 2590/3084/4101 2605/3118/4101
f 2584/3088/4102 2583/3087/4102 2598/3119/4102
f 2591/3085/4103 2606/3120/4103 2607/3122/4103
f 2585/3092/4104 2584/3088/4104 2599/3121/4104
f 2585/3092/4107 2600/3123/4107 2601/3127/4107
f 2579/3097/4108 2578/3096/4392 2593/3125/4108
f 2586/3094/4109 2601/3127/4109 2602/3113/4109
f 2598/3119/4110 2613/3145/4110 2614/3129/4110
f 2607/3122/4112 2606/3120/4113 2621/3130/4113
f 2600/3123/4114 2599/3121/4114 2614/3129/4114
f 2600/3123/4118 2615/3132/4118 2616/3136/4118
f 2593/3125/4119 2608/3134/4119 2609/3137/4120
f 2601/3127/4121 2616/3136/4121 2617/3138/4121
f 2595/3112/4122 2594/3128/4122 2609/3137/4122
f 2603/3114/4123 2602/3113/4123 2617/3138/4123
f 2595/3112/4124 2610/3139/4124 2611/3141/4124
f 2603/3114/4125 2618/3140/4125 2619/3142/4125
f 2597/3117/4126 2596/3115/4126 2611/3141/4126
f 2605/3118/4127 2604/3116/4127 2619/3142/4127
f 2597/3117/4128 2612/3143/4128 2613/3145/4128
f 2605/3118/4129 2620/3144/4129 2621/3130/4129
f 2617/3138/4130 2632/3161/4130 2633/3146/4130
f 2610/3139/4131 2625/3162/4131 2626/3147/4131
f 2618/3140/4132 2633/3146/4132 2634/3148/4132
f 2612/3143/4133 2611/3141/4134 2626/3147/4134
f 2620/3144/4135 2619/3142/4136 2634/3148/4136
f 2613/3145/4137 2612/3143/4137 2627/3149/4137
f 2621/3130/4138 2620/3144/4393 2635/3150/4138
f 2614/3129/4139 2613/3145/4139 2628/3151/4139
f 2622/3131/4140 2621/3130/4141 2636/3152/4141
f 2615/3132/4142 2614/3129/4142 2629/3153/4142
f 2615/3132/4145 2630/3155/4145 2631/3159/4145
f 2608/3134/4146 2623/3157/4146 2624/3160/4146
f 2616/3136/4148 2631/3159/4148 2632/3161/4148
f 2609/3137/4149 2624/3160/4149 2625/3162/4149
f 2636/3152/4151 2651/3179/4151 2652/3163/4151
f 2630/3155/4152 2629/3153/4152 2644/3164/4152
f 2630/3155/4155 2645/3165/4155 2646/3169/4155
f 2624/3160/4156 2623/3157/4157 2638/3167/4157
f 2631/3159/4158 2646/3169/4158 2647/3171/4158
f 2625/3162/4159 2624/3160/4159 2639/3170/4159
f 2633/3146/4160 2632/3161/4160 2647/3171/4160
f 2625/3162/4161 2640/3172/4161 2641/3174/4161
f 2633/3146/4162 2648/3173/4162 2649/3175/4162
f 2627/3149/4163 2626/3147/4163 2641/3174/4163
f 2635/3150/4164 2634/3148/4164 2649/3175/4164
f 2627/3149/4165 2642/3176/4165 2643/3178/4165
f 2635/3150/4166 2650/3177/4166 2651/3179/4166
f 2629/3153/4167 2628/3151/4167 2643/3178/4167
f 2648/3173/4168 2663/3196/4168 2664/3180/4168
f 2642/3176/4169 2641/3174/4169 2656/3181/4169
f 2649/3175/4170 2664/3180/4170 2665/3183/4170
f 2642/3176/4171 2657/3182/4171 2658/3184/4171
f 2651/3179/4172 2650/3177/4172 2665/3183/4172
f 2644/3164/4173 2643/3178/4173 2658/3184/4173
f 2652/3163/4174 2651/3179/4394 2666/3185/4175
f 2645/3165/4176 2644/3164/4176 2659/3186/4176
f 2645/3165/4179 2660/3188/4179 2661/3192/4179
f 2638/3167/4180 2653/3190/4180 2654/3193/4181
f 2646/3169/4182 2661/3192/4182 2662/3194/4183
f 2639/3170/4184 2654/3193/4184 2655/3195/4184
f 2648/3173/4185 2647/3171/4185 2662/3194/4185
f 2640/3172/4186 2655/3195/4186 2656/3181/4186
f 2660/3188/4189 2675/3213/4189 2676/3201/4189
f 2654/3193/4190 2653/3190/4191 2668/3198/4191
f 2661/3192/4192 2676/3201/4192 2677/3203/4192
f 2655/3195/4193 2654/3193/4194 2669/3202/4194
f 2663/3196/4195 2662/3194/4195 2677/3203/4195
f 2655/3195/4196 2670/3204/4196 2671/3206/4197
f 2663/3196/4198 2678/3205/4198 2679/3207/4198
f 2657/3182/4199 2656/3181/4200 2671/3206/4200
f 2665/3183/4201 2664/3180/4201 2679/3207/4201
f 2657/3182/4202 2672/3208/4202 2673/3210/4203
f 2665/3183/4204 2680/3209/4204 2681/3211/4204
f 2659/3186/4205 2658/3184/4205 2673/3210/4205
f 2666/3185/4206 2681/3211/4206 2682/3200/4207
f 2660/3188/4209 2659/3186/4209 2674/3212/4209
f 2672/3208/4210 2671/3206/4210 2686/3214/4210
f 2680/3209/4211 2679/3207/4212 2694/3216/4212
f 2672/3208/4213 2687/3215/4213 2688/3218/4213
f 2681/3211/4214 2680/3209/4395 2695/3217/4214
f 2674/3212/4215 2673/3210/4215 2688/3218/4215
f 2682/3200/4216 2681/3211/4217 2696/3219/4217
f 2675/3213/4219 2674/3212/4219 2689/3220/4219
f 2675/3213/4222 2690/3222/4222 2691/3226/4222
f 2668/3198/4223 2683/3224/4223 2684/3227/4224
f 2676/3201/4225 2691/3226/4225 2692/3228/4225
f 2669/3202/4226 2684/3227/4226 2685/3229/4226
f 2678/3205/4228 2677/3203/4228 2692/3228/4228
f 2670/3204/4229 2685/3229/4229 2686/3214/4230
f 2678/3205/4231 2693/3230/4231 2694/3216/4232
f 2690/3222/4233 2705/3245/4233 2706/3231/4233
f 2684/3227/4235 2683/3224/4396 2698/3232/4236
f 2691/3226/4237 2706/3231/4237 2707/3234/4237
f 2685/3229/4238 2684/3227/4238 2699/3233/4238
f 2693/3230/4239 2692/3228/4240 2707/3234/4240
f 2686/3214/4241 2685/3229/4242 2700/3235/4242
f 2693/3230/4243 2708/3236/4243 2709/3238/4244
f 2687/3215/4245 2686/3214/4245 2701/3237/4245
f 2694/3216/4246 2709/3238/4246 2710/3240/4246
f 2687/3215/4247 2702/3239/4247 2703/3241/4247
f 2695/3217/4248 2710/3240/4248 2711/3242/4248
f 2689/3220/4250 2688/3218/4250 2703/3241/4250
f 2696/3219/4251 2711/3242/4251 2712/3244/4252
f 2690/3222/4254 2689/3220/4255 2704/3243/4255
f 2710/3240/4258 2709/3238/4258 2724/3248/4258
f 2702/3239/4259 2717/3264/4259 2718/3250/4259
f 2711/3242/4260 2710/3240/4261 2725/3249/4261
f 2704/3243/4262 2703/3241/4262 2718/3250/4262
f 2711/3242/4263 2726/3251/4263 2727/3253/4264
f 2705/3245/4266 2704/3243/4267 2719/3252/4267
f 2705/3245/4270 2720/3254/4270 2721/3258/4270
f 2699/3233/4271 2698/3232/4272 2713/3256/4272
f 2706/3231/4274 2721/3258/4274 2722/3260/4274
f 2699/3233/4275 2714/3259/4275 2715/3261/4276
f 2708/3236/4277 2707/3234/4277 2722/3260/4277
f 2700/3235/4278 2715/3261/4278 2716/3263/4278
f 2708/3236/4279 2723/3262/4279 2724/3248/4279
f 2702/3239/4280 2701/3237/4280 2716/3263/4280
f 2714/3259/4281 2713/3256/4282 2728/3265/4282
f 2721/3258/4283 2736/3281/4283 2737/3267/4284
f 2714/3259/4285 2729/3266/4285 2730/3268/4286
f 2723/3262/4288 2722/3260/4288 2737/3267/4288
f 2715/3261/4289 2730/3268/4289 2731/3270/4290
f 2723/3262/4291 2738/3269/4397 2739/3271/4291
f 2717/3264/4292 2716/3263/4292 2731/3270/4292
f 2725/3249/4293 2724/3248/4294 2739/3271/4294
f 2717/3264/4296 2732/3272/4296 2733/3274/4296
f 2725/3249/4297 2740/3273/4297 2741/3275/4298
f 2719/3252/4299 2718/3250/4299 2733/3274/4299
f 2726/3251/4300 2741/3275/4300 2742/3277/4301
f 2720/3254/4302 2719/3252/4302 2734/3276/4302
f 2720/3254/4305 2735/3278/4305 2736/3281/4305
f 2732/3272/4306 2747/3297/4306 2748/3282/4306
f 2740/3273/4307 2755/3298/4307 2756/3283/4307
f 2734/3276/4308 2733/3274/4308 2748/3282/4308
f 2742/3277/4309 2741/3275/4309 2756/3283/4309
f 2735/3278/4310 2734/3276/4310 2749/3284/4310
f 2735/3278/4313 2750/3286/4313 2751/3290/4313
f 2728/3265/4314 2743/3288/4314 2744/3291/4315
f 2736/3281/4316 2751/3290/4316 2752/3292/4316
f 2730/3268/4317 2729/3266/4317 2744/3291/4317
f 2738/3269/4318 2737/3267/4318 2752/3292/4318
f 2730/3268/4319 2745/3293/4319 2746/3295/4319
f 2739/3271/4320 2738/3269/4320 2753/3294/4320
f 2731/3270/4321 2746/3295/4321 2747/3297/4322
f 2740/3273/4323 2739/3271/4323 2754/3296/4323
f 2751/3290/4324 2766/3315/4324 2767/3299/4324
f 2745/3293/4325 2744/3291/4325 2759/3300/4325
f 2753/3294/4326 2752/3292/4326 2767/3299/4326
f 2745/3293/4327 2760/3301/4327 2761/3303/4327
f 2753/3294/4328 2768/3302/4328 2769/3304/4328
f 2747/3297/4329 2746/3295/4330 2761/3303/4330
f 2755/3298/4331 2754/3296/4332 2769/3304/4332
f 2747/3297/4333 2762/3305/4333 2763/3307/4333
f 2755/3298/4334 2770/3306/4398 2771/3308/4334
f 2749/3284/4335 2748/3282/4335 2763/3307/4335
f 2756/3283/4336 2771/3308/4336 2772/3310/4336
f 2750/3286/4338 2749/3284/4338 2764/3309/4338
f 2750/3286/4341 2765/3311/4341 2766/3315/4341
f 2744/3291/4342 2743/3288/4342 2758/3313/4342
f 2770/3306/4343 2785/3332/4343 2786/3316/4343
f 2764/3309/4344 2763/3307/4344 2778/3317/4344
f 2772/3310/4345 2771/3308/4399 2786/3316/4346
f 2765/3311/4347 2764/3309/4347 2779/3318/4347
f 2765/3311/4350 2780/3320/4350 2781/3324/4350
f 2758/3313/4351 2773/3322/4351 2774/3325/4351
f 2766/3315/4352 2781/3324/4352 2782/3326/4352
f 2760/3301/4354 2759/3300/4354 2774/3325/4354
f 2768/3302/4355 2767/3299/4355 2782/3326/4355
f 2760/3301/4356 2775/3327/4356 2776/3329/4356
f 2768/3302/4357 2783/3328/4357 2784/3330/4357
f 2762/3305/4358 2761/3303/4358 2776/3329/4358
f 2770/3306/4359 2769/3304/4359 2784/3330/4359
f 2762/3305/4360 2777/3331/4400 2778/3317/4360
f 2783/3328/4361 2782/3326/4361 2797/3333/4361
f 2775/3327/4362 2790/3349/4362 2791/3335/4362
f 2783/3328/4363 2798/3334/4363 2799/3336/4363
f 2777/3331/4364 2776/3329/4364 2791/3335/4364
f 2785/3332/4365 2784/3330/4365 2799/3336/4365
f 2777/3331/4366 2792/3337/4366 2793/3339/4366
f 2785/3332/4367 2800/3338/4367 2801/3340/4367
f 2779/3318/4368 2778/3317/4368 2793/3339/4368
f 2786/3316/4370 2801/3340/4370 2802/3342/4370
f 2780/3320/4371 2779/3318/4371 2794/3341/4371
f 2780/3320/4374 2795/3343/4374 2796/3347/4374
f 2774/3325/4375 2773/3322/4375 2788/3345/4375
f 2781/3324/4376 2796/3347/4376 2797/3333/4376
f 2775/3327/4377 2774/3325/4377 2789/3348/4377
o 球.009
v -0.001200 0.433201 0.015278
v -0.026589 1.003374 0.054072
v -0.047332 0.968685 0.044648
v -0.066935 0.915818 0.042152
v -0.084644 0.846803 0.046677
v -0.099780 0.764294 0.058050
v -0.111759 0.671461 0.075836
v -0.120123 0.571871 0.099348
v -0.124550 0.469352 0.127684
v -0.124869 0.367843 0.159756
v -0.120984 0.286791 0.193263
v -0.112910 0.254235 0.225203
v -0.101107 0.243933 0.256239
v -0.086135 0.235948 0.286575
v -0.068608 0.224039 0.315496
v -0.049192 0.209997 0.341799
v -0.024001 0.998441 0.037617
v -0.042254 0.959010 0.012370
v -0.059562 0.901772 -0.004709
v -0.075261 0.828926 -0.012966
v -0.088745 0.743273 -0.012081
v -0.099500 0.648103 -0.002091
v -0.107108 0.547074 0.016621
v -0.111280 0.444070 0.043337
v -0.111853 0.343047 0.077030
v -0.108746 0.259435 0.115612
v -0.101937 0.221975 0.155844
v -0.091772 0.216905 0.197226
v -0.078784 0.217904 0.239989
v -0.063531 0.214169 0.283232
v -0.046601 0.205454 0.325317
v -0.020709 0.993896 0.022522
v -0.035799 0.950094 -0.017237
v -0.050191 0.888827 -0.047693
v -0.063334 0.812451 -0.067674
v -0.074720 0.723900 -0.076411
v -0.083915 0.626576 -0.073572
v -0.090564 0.524222 -0.059261
v -0.094412 0.420770 -0.034032
v -0.095310 0.320194 0.001147
v -0.093192 0.232199 0.044523
v -0.088025 0.181633 0.092954
v -0.079971 0.177174 0.144115
v -0.069488 0.191079 0.197959
v -0.057099 0.201098 0.253909
v -0.043307 0.201496 0.310182
v -0.016844 0.989911 0.009370
v -0.028215 0.942278 -0.043038
v -0.039181 0.877481 -0.085150
v -0.049320 0.798010 -0.115348
v -0.058244 0.706919 -0.132470
v -0.065607 0.607708 -0.135859
v -0.071128 0.504192 -0.125386
v -0.074594 0.400347 -0.101452
v -0.075873 0.300164 -0.064977
v -0.074908 0.208754 -0.017450
v -0.071645 0.146696 0.038130
v -0.066120 0.132563 0.098515
v -0.058606 0.156102 0.162127
v -0.049559 0.185220 0.228662
v -0.039441 0.197528 0.297029
v -0.012551 0.986642 -0.001336
v -0.019794 0.935864 -0.064039
v -0.026956 0.868169 -0.115638
v -0.033760 0.786158 -0.154152
v -0.039947 0.692983 -0.178100
v -0.045277 0.592224 -0.186561
v -0.049545 0.487753 -0.179210
v -0.052590 0.383586 -0.156332
v -0.054291 0.283726 -0.118803
v -0.054585 0.192009 -0.068065
v -0.053397 0.123734 -0.006880
v -0.050697 0.095352 0.061452
v -0.046516 0.121664 0.133365
v -0.041196 0.167819 0.208417
v -0.035150 0.193863 0.286350
v -0.007996 0.984212 -0.009184
v -0.010860 0.931098 -0.079434
v -0.013984 0.861250 -0.137989
v -0.017252 0.777352 -0.182599
v -0.020535 0.682628 -0.211550
v -0.023707 0.580718 -0.223729
v -0.026647 0.475539 -0.218667
v -0.029242 0.371132 -0.196561
v -0.031393 0.271511 -0.158259
v -0.033015 0.180503 -0.105233
v -0.034015 0.107778 -0.039945
v -0.034271 0.071357 0.034050
v -0.033655 0.094397 0.112413
v -0.032319 0.152631 0.193738
v -0.030598 0.190952 0.278534
v -0.003354 0.982716 -0.013873
v -0.001755 0.928163 -0.088632
v -0.000767 0.856989 -0.151342
v -0.000428 0.771929 -0.199593
v -0.000752 0.676251 -0.231533
v -0.001726 0.573632 -0.245932
v -0.003313 0.468017 -0.242238
v -0.005450 0.363463 -0.220594
v -0.008058 0.263989 -0.181830
v -0.011035 0.173417 -0.127437
v -0.014247 0.098761 -0.059746
v -0.017480 0.059789 0.017478
v -0.020504 0.077841 0.099905
v -0.023253 0.142628 0.185026
v -0.025957 0.189164 0.273865
v 0.001196 0.982210 -0.015223
v 0.007170 0.927172 -0.091278
v 0.012190 0.855551 -0.155183
v 0.016063 0.770098 -0.204482
v 0.018640 0.674098 -0.237282
v 0.019821 0.571240 -0.252320
v 0.019562 0.465477 -0.249020
v 0.017872 0.360874 -0.227508
v 0.014816 0.261449 -0.188611
v 0.010513 0.171025 -0.133824
v 0.005142 0.096039 -0.065456
v -0.000995 0.056876 0.012664
v -0.007565 0.073008 0.096297
v -0.014337 0.139792 0.182507
v -0.021407 0.188736 0.272511
v 0.005479 0.982716 -0.013179
v 0.015573 0.928163 -0.087270
v 0.024389 0.856989 -0.149366
v 0.031589 0.771929 -0.197078
v 0.036896 0.676251 -0.228575
v 0.040107 0.573632 -0.242646
v 0.041097 0.468017 -0.238750
v 0.039829 0.363463 -0.217037
v 0.036351 0.263989 -0.178342
v 0.030798 0.173417 -0.124150
v 0.023405 0.099419 -0.056834
v 0.014546 0.061432 0.019880
v 0.004664 0.080012 0.101732
v -0.005913 0.144724 0.186243
v -0.017121 0.189746 0.274519
v 0.009332 0.984212 -0.007823
v 0.023130 0.931098 -0.076764
v 0.035360 0.861250 -0.134113
v 0.045553 0.777352 -0.177665
v 0.053316 0.682628 -0.205748
v 0.058350 0.580718 -0.217283
v 0.060465 0.475539 -0.211824
v 0.059576 0.371132 -0.189584
v 0.055719 0.271511 -0.151415
v 0.049042 0.180503 -0.098787
v 0.039845 0.109547 -0.034265
v 0.028553 0.074904 0.038740
v 0.015714 0.098770 0.115988
v 0.001693 0.156720 0.196127
v -0.013263 0.192105 0.279817
v 0.012606 0.986642 0.000640
v 0.029551 0.935864 -0.060162
v 0.044682 0.868169 -0.110011
v 0.057417 0.786158 -0.146990
v 0.067267 0.692983 -0.169677
v 0.073852 0.592224 -0.177203
v 0.076921 0.487753 -0.169276
v 0.076355 0.383587 -0.146201
v 0.072176 0.283726 -0.108868
v 0.064544 0.192098 -0.058714
v 0.053836 0.127384 0.001292
v 0.040511 0.101056 0.068223
v 0.025156 0.128112 0.138549
v 0.008180 0.173649 0.211892
v -0.009984 0.195562 0.288209
v 0.015174 0.989911 0.011885
v 0.034589 0.942278 -0.038104
v 0.051996 0.877481 -0.077987
v 0.066726 0.798010 -0.106232
v 0.078214 0.706919 -0.121751
v 0.086016 0.607708 -0.123948
v 0.089834 0.504192 -0.112742
v 0.089520 0.400347 -0.088559
v 0.085089 0.300164 -0.052333
v 0.076725 0.210699 -0.005674
v 0.064846 0.152987 0.048417
v 0.049967 0.140161 0.107109
v 0.032615 0.164206 0.168732
v 0.013285 0.192465 0.233098
v -0.007411 0.199725 0.299393
v 0.016939 0.993896 0.025480
v 0.038051 0.950094 -0.011436
v 0.057023 0.888827 -0.039271
v 0.073124 0.812451 -0.056954
v 0.085735 0.723900 -0.063807
v 0.094374 0.626576 -0.059566
v 0.098707 0.524222 -0.044393
v 0.098568 0.420770 -0.018873
v 0.093961 0.320194 0.016016
v 0.085121 0.236758 0.058215
v 0.072474 0.189627 0.105009
v 0.056533 0.185724 0.154247
v 0.037772 0.199779 0.205783
v 0.016792 0.208661 0.259191
v -0.005645 0.204095 0.312961
v 0.017832 0.998441 0.040903
v 0.039804 0.959010 0.018817
v 0.059567 0.901772 0.004649
v 0.076362 0.828926 -0.001055
v 0.089543 0.743273 0.001924
v 0.098606 0.648103 0.013472
v 0.103198 0.547074 0.033143
v 0.103148 0.444070 0.060183
v 0.098454 0.343143 0.093545
v 0.089398 0.266537 0.130686
v 0.076398 0.230468 0.169265
v 0.059896 0.225312 0.208558
v 0.040394 0.227143 0.248713
v 0.018564 0.221129 0.289200
v -0.004751 0.208641 0.328385
v 0.017820 1.003374 0.057560
v 0.039780 0.968685 0.051492
v 0.059532 0.915818 0.052086
v 0.076318 0.846803 0.059321
v 0.089491 0.764294 0.072918
v 0.098547 0.671461 0.092356
v 0.103137 0.571871 0.116886
v 0.103085 0.469352 0.145566
v 0.098396 0.368575 0.177244
v 0.089365 0.294730 0.209237
v 0.076407 0.262816 0.239481
v 0.059902 0.252540 0.268291
v 0.040382 0.245332 0.295864
v 0.018543 0.231479 0.321829
v -0.004763 0.213573 0.345042
vn -0.2800 0.8160 0.5057
vn 0.6620 0.1191 0.7400
vn -0.1399 0.8269 0.5447
vn 0.6903 0.1649 0.7045
vn 0.6915 0.2157 0.6894
vn -0.3012 -0.0781 0.9504
vn 0.6442 0.3184 0.6954
vn 0.0166 -0.0533 0.9984
vn 0.1511 0.7111 0.6866
vn 0.2949 -0.0130 0.9554
vn -0.4488 0.7837 0.4294
vn -0.4473 0.7840 0.4304
vn -0.4480 0.7839 0.4299
vn 0.4850 0.0315 0.8739
vn -0.4504 0.7833 0.4285
vn 0.5991 0.0754 0.7971
vn -0.9049 0.3472 -0.2464
vn -0.9633 -0.2638 -0.0491
vn -0.9673 -0.2490 -0.0486
vn -0.9725 -0.2281 -0.0478
vn -0.9487 0.2291 -0.2179
vn -0.8190 -0.5594 0.1276
vn -0.8176 -0.5608 0.1306
vn -0.8197 -0.5588 0.1263
vn -0.9687 0.1505 -0.1975
vn -0.6934 -0.6946 0.1918
vn -0.6703 -0.7160 0.1949
vn -0.6065 -0.7690 0.2022
vn -0.9791 0.0916 -0.1815
vn -0.6741 -0.7233 0.1496
vn -0.6724 -0.7249 0.1495
vn -0.6032 -0.7843 0.1450
vn -0.9849 0.0431 -0.1679
vn -0.6701 -0.7335 0.1136
vn -0.6686 -0.7361 0.1053
vn -0.6674 -0.7382 0.0986
vn -0.9879 -0.0003 -0.1553
vn 0.9888 0.0341 0.1453
vn 0.9883 0.0105 0.1524
vn -0.9888 -0.0421 -0.1430
vn -0.7855 0.5479 -0.2878
vn -0.9876 -0.0963 -0.1242
vn -0.9876 -0.0964 -0.1240
vn -0.9878 -0.0975 -0.1213
vn -0.9745 0.0322 -0.2222
vn -0.5946 -0.7925 0.1358
vn -0.6782 -0.7207 0.1437
vn -0.4781 -0.8696 0.1233
vn -0.9778 -0.0146 -0.2088
vn 0.9785 0.0314 0.2039
vn 0.9784 0.0700 0.1947
vn -0.9789 -0.0596 -0.1955
vn -0.7552 0.5637 -0.3344
vn -0.9780 -0.1132 -0.1754
vn -0.9781 -0.1135 -0.1743
vn -0.9787 -0.1149 -0.1701
vn -0.8845 0.3571 -0.3004
vn -0.9666 -0.2370 -0.0977
vn -0.9693 -0.2262 -0.0969
vn -0.9772 -0.1901 -0.0942
vn -0.9335 0.2322 -0.2734
vn -0.8745 -0.4649 0.1380
vn -0.8795 -0.4616 0.1160
vn -0.8700 -0.4675 0.1564
vn -0.9561 0.1479 -0.2530
vn -0.7369 -0.6189 0.2720
vn -0.7263 -0.6294 0.2764
vn -0.6421 -0.7027 0.3065
vn -0.9679 0.0845 -0.2365
vn -0.9679 0.0846 -0.2365
vn -0.6861 -0.6869 0.2396
vn -0.6804 -0.7010 0.2136
vn -0.6707 -0.7210 0.1743
vn -0.9583 -0.2287 -0.1716
vn -0.9590 -0.2292 -0.1667
vn -0.9626 -0.2321 -0.1397
vn -0.9074 0.2454 -0.3411
vn -0.9141 -0.4018 0.0554
vn -0.9141 -0.4036 0.0388
vn -0.9122 -0.3948 0.1092
vn -0.9349 0.1519 -0.3208
vn -0.7852 -0.5449 0.2940
vn -0.7853 -0.5448 0.2940
vn -0.7843 -0.5459 0.2947
vn -0.9494 0.0808 -0.3035
vn -0.6296 -0.6934 0.3503
vn -0.7220 -0.6165 0.3141
vn -0.3666 -0.8330 0.4144
vn -0.9574 0.0219 -0.2880
vn -0.4742 -0.8557 0.2072
vn -0.6900 -0.6978 0.1922
vn -0.2596 -0.9430 0.2082
vn -0.9614 -0.0309 -0.2733
vn -0.9614 -0.0309 -0.2732
vn 0.9614 0.0299 0.2735
vn 0.9610 0.1336 0.2422
vn -0.9626 -0.0817 -0.2582
vn -0.7049 0.5943 -0.3872
vn -0.9617 -0.1363 -0.2379
vn -0.9621 -0.1368 -0.2357
vn -0.9629 -0.1376 -0.2320
vn -0.8494 0.3810 -0.3651
vn -0.6890 -0.6715 0.2727
vn -0.3187 -0.9225 0.2178
vn -0.2782 -0.9373 0.2099
vn -0.9323 -0.0514 -0.3581
vn 0.9309 0.0300 0.3641
vn 0.9300 0.2098 0.3017
vn -0.9337 -0.1119 -0.3402
vn -0.6252 0.6402 -0.4463
vn -0.6253 0.6402 -0.4462
vn -0.6252 0.6403 -0.4463
vn -0.9316 -0.1743 -0.3191
vn -0.9320 -0.1744 -0.3178
vn -0.9324 -0.1745 -0.3166
vn -0.7889 0.4231 -0.4456
vn -0.9294 -0.2612 -0.2608
vn -0.9246 -0.2734 -0.2652
vn -0.9356 -0.2445 -0.2546
vn -0.8613 0.2728 -0.4287
vn -0.9077 -0.4104 -0.0881
vn -0.9141 -0.4008 -0.0614
vn -0.9252 -0.3794 -0.0041
vn -0.8970 0.1650 -0.4101
vn -0.8001 -0.5393 0.2626
vn -0.7784 -0.5627 0.2784
vn -0.8441 -0.4858 0.2268
vn -0.9162 0.0814 -0.3923
vn -0.6833 -0.6042 0.4099
vn -0.5818 -0.7092 0.3983
vn -0.5598 -0.7285 0.3949
vn -0.9269 0.0115 -0.3752
vn -0.8470 -0.4829 -0.2221
vn -0.8730 -0.4554 -0.1748
vn -0.8865 -0.4387 -0.1472
vn -0.8217 0.1924 -0.5364
vn -0.6969 -0.6825 0.2203
vn -0.7682 -0.5912 0.2458
vn -0.7859 -0.5645 0.2523
vn -0.8493 0.0886 -0.5203
vn -0.4648 -0.7205 0.5145
vn -0.5970 -0.6592 0.4572
vn -0.3836 -0.7479 0.5418
vn -0.8649 -0.0000 -0.5019
vn -0.0686 -0.9122 0.4040
vn -0.6398 -0.7092 0.2962
vn 0.1194 -0.9057 0.4069
vn -0.8727 -0.0803 -0.4816
vn 0.8688 0.0327 0.4941
vn 0.8664 0.3155 0.3871
vn -0.8745 -0.1575 -0.4588
vn -0.5027 0.6993 -0.5082
vn -0.8704 -0.2362 -0.4320
vn -0.6806 0.4883 -0.5462
vn -0.8705 -0.3262 -0.3686
vn -0.8594 -0.3450 -0.3773
vn -0.8774 -0.3137 -0.3629
vn -0.7725 0.3213 -0.5478
vn 0.7164 0.0398 0.6966
vn 0.7074 0.4790 0.5197
vn -0.7273 -0.2326 -0.6457
vn -0.3227 0.7613 -0.5624
vn -0.7204 -0.3395 -0.6048
vn -0.4820 0.5755 -0.6607
vn -0.7210 -0.4500 -0.5270
vn -0.7032 -0.4677 -0.5356
vn -0.7271 -0.4437 -0.5239
vn -0.5852 0.3984 -0.7063
vn -0.5851 0.3984 -0.7063
vn -0.5851 0.3984 -0.7064
vn -0.6716 -0.6522 -0.3517
vn -0.7152 -0.6237 -0.3153
vn -0.7261 -0.6159 -0.3057
vn -0.6496 0.2427 -0.7205
vn -0.6638 -0.7319 0.1537
vn -0.4528 -0.8597 0.2363
vn -0.7311 -0.6716 0.1203
vn -0.6893 0.1071 -0.7165
vn -0.4011 -0.7355 0.5460
vn -0.3202 -0.7673 0.5556
vn -0.3145 -0.7693 0.5561
vn -0.7128 -0.0138 -0.7012
vn -0.4726 -0.7871 0.3964
vn 0.0368 -0.9104 0.4122
vn 0.0619 -0.9100 0.4100
vn -0.7248 -0.1254 -0.6775
vn -0.2388 0.3082 -0.9209
vn -0.2786 -0.9461 0.1650
vn -0.1348 -0.9699 0.2029
vn -0.3069 -0.9387 0.1570
vn -0.2676 0.1364 -0.9538
vn -0.0850 -0.7911 0.6057
vn -0.1254 -0.7912 0.5986
vn -0.0802 -0.7910 0.6065
vn -0.2871 -0.0292 -0.9575
vn 0.0463 -0.8763 0.4795
vn -0.1427 -0.8782 0.4565
vn 0.0607 -0.8749 0.4805
vn -0.2983 -0.1876 -0.9359
vn 0.2893 0.0518 0.9558
vn 0.2656 0.6883 0.6750
vn -0.3018 -0.3393 -0.8910
vn -0.0852 0.8040 -0.5885
vn -0.2976 -0.4843 -0.8227
vn -0.1478 0.6527 -0.7431
vn -0.2970 -0.6320 -0.7158
vn -0.2854 -0.6366 -0.7164
vn -0.2994 -0.6310 -0.7157
vn -0.1992 0.4829 -0.8527
vn -0.1991 0.4829 -0.8527
vn -0.2557 -0.8564 -0.4486
vn -0.2762 -0.8530 -0.4429
vn -0.2796 -0.8524 -0.4419
vn 0.4372 -0.3393 -0.8329
vn 0.1761 0.8040 -0.5680
vn 0.1760 0.8040 -0.5680
vn 0.4225 -0.4843 -0.7661
vn 0.4224 -0.4843 -0.7661
vn 0.2621 0.6527 -0.7109
vn 0.4192 -0.6328 -0.6510
vn 0.3960 -0.6347 -0.6636
vn 0.4233 -0.6324 -0.6487
vn 0.3299 0.4829 -0.8112
vn 0.3519 -0.8533 -0.3848
vn 0.4066 -0.8301 -0.3815
vn 0.4185 -0.8247 -0.3805
vn 0.3796 0.3082 -0.8723
vn 0.2025 -0.9509 0.2341
vn 0.3816 -0.9002 0.2096
vn 0.4169 -0.8859 0.2036
vn 0.4133 0.1364 -0.9003
vn 0.1708 -0.7719 0.6123
vn 0.1790 -0.7709 0.6113
vn 0.1801 -0.7707 0.6112
vn 0.4331 -0.0292 -0.9009
vn 0.4330 -0.0292 -0.9009
vn 0.2738 -0.8418 0.4653
vn 0.0063 -0.8787 0.4773
vn -0.0162 -0.8789 0.4767
vn 0.4407 -0.1876 -0.8778
vn -0.4350 0.0518 0.8989
vn -0.4389 0.6683 0.6006
vn 0.6697 -0.6754 0.3088
vn 0.5051 -0.8235 0.2583
vn 0.6932 -0.6481 0.3154
vn 0.7927 0.1071 -0.6001
vn 0.3770 -0.7177 0.5855
vn 0.4210 -0.6943 0.5837
vn 0.3737 -0.7194 0.5856
vn 0.8135 -0.0138 -0.5813
vn 0.8136 -0.0138 -0.5813
vn 0.5541 -0.7243 0.4103
vn 0.0309 -0.8907 0.4535
vn -0.0675 -0.8922 0.4465
vn 0.8217 -0.1254 -0.5560
vn -0.8163 0.0398 0.5762
vn -0.8031 0.4581 0.3809
vn 0.8192 -0.2326 -0.5243
vn 0.4066 0.7613 -0.5051
vn 0.8060 -0.3395 -0.4849
vn 0.5792 0.5755 -0.5774
vn 0.7997 -0.4553 -0.3913
vn 0.7800 -0.4639 -0.4200
vn 0.8050 -0.4528 -0.3832
vn 0.6882 0.3984 -0.6063
vn 0.7304 -0.6511 -0.2064
vn 0.7814 -0.5930 -0.1942
vn 0.8009 -0.5682 -0.1889
vn 0.7541 0.2427 -0.6102
vn 0.5759 0.6993 -0.4235
vn 0.9272 -0.2363 -0.2907
vn 0.9273 -0.2361 -0.2905
vn 0.9273 -0.2360 -0.2905
vn 0.7576 0.4883 -0.4332
vn 0.9178 -0.3368 -0.2101
vn 0.9093 -0.3422 -0.2369
vn 0.9222 -0.3338 -0.1954
vn 0.8485 0.3213 -0.4204
vn 0.8714 -0.4884 -0.0461
vn 0.9011 -0.4317 -0.0416
vn 0.9241 -0.3803 -0.0375
vn 0.8954 0.1924 -0.4015
vn 0.7475 -0.5574 0.3614
vn 0.6922 -0.6425 0.3286
vn 0.7626 -0.5303 0.3705
vn 0.9202 0.0886 -0.3813
vn 0.5870 -0.6151 0.5264
vn 0.4850 -0.6704 0.5615
vn 0.4184 -0.6997 0.5791
vn 0.9327 -0.0000 -0.3607
vn 0.6838 -0.6372 0.3555
vn 0.1850 -0.8969 0.4018
vn -0.0176 -0.9220 0.3867
vn 0.9372 -0.0803 -0.3394
vn -0.9353 0.0327 0.3524
vn -0.9231 0.3043 0.2353
vn 0.9354 -0.1575 -0.3166
vn 0.9663 0.0814 -0.2444
vn 0.6676 -0.5738 0.4744
vn 0.5600 -0.6505 0.5131
vn 0.4112 -0.7287 0.5476
vn 0.9741 0.0115 -0.2258
vn 0.4596 -0.8545 0.2421
vn 0.7231 -0.6018 0.3391
vn 0.4245 -0.8761 0.2285
vn 0.9767 -0.0514 -0.2081
vn -0.9763 0.0300 0.2143
vn -0.9679 0.2042 0.1467
vn 0.9753 -0.1119 -0.1902
vn 0.6873 0.6402 -0.3431
vn 0.9701 -0.1760 -0.1673
vn 0.9709 -0.1733 -0.1654
vn 0.9717 -0.1704 -0.1634
vn 0.8489 0.4231 -0.3169
vn 0.8488 0.4231 -0.3169
vn 0.9579 -0.2711 -0.0947
vn 0.9563 -0.2717 -0.1078
vn 0.9597 -0.2701 -0.0775
vn 0.9177 0.2728 -0.2889
vn 0.9148 -0.3929 0.0938
vn 0.9134 -0.4008 0.0713
vn 0.9160 -0.3717 0.1510
vn 0.9500 0.1650 -0.2650
vn 0.7571 -0.5171 0.3993
vn 0.7498 -0.5376 0.3857
vn 0.7625 -0.5004 0.4100
vn 0.9867 -0.1410 -0.0812
vn 0.9872 -0.1380 -0.0795
vn 0.9883 -0.1320 -0.0760
vn 0.8960 0.3810 -0.2280
vn 0.9721 -0.2347 -0.0049
vn 0.9721 -0.2344 -0.0078
vn 0.9711 -0.2377 0.0230
vn 0.9496 0.2454 -0.1952
vn 0.8991 -0.3932 0.1923
vn 0.8898 -0.4114 0.1972
vn 0.9355 -0.3101 0.1694
vn 0.9735 0.1519 -0.1709
vn 0.7344 -0.5370 0.4150
vn 0.7344 -0.5369 0.4151
vn 0.7345 -0.5377 0.4140
vn 0.9851 0.0808 -0.1516
vn 0.6853 -0.5990 0.4142
vn 0.5971 -0.6737 0.4355
vn 0.3420 -0.8183 0.4620
vn 0.9906 0.0219 -0.1350
vn 0.7241 -0.6370 0.2644
vn 0.5742 -0.7797 0.2496
vn 0.4217 -0.8777 0.2278
vn 0.9923 -0.0309 -0.1198
vn -0.9923 0.0299 0.1200
vn -0.9876 0.1313 0.0863
vn 0.9911 -0.0817 -0.1047
vn 0.7567 0.5943 -0.2724
vn 0.6775 -0.6599 0.3249
vn 0.6462 -0.6903 0.3255
vn 0.4578 -0.8302 0.3179
vn 0.9972 0.0322 -0.0673
vn 0.6811 -0.7081 0.1862
vn 0.7000 -0.6768 0.2280
vn 0.6745 -0.7179 0.1725
vn 0.9985 -0.0146 -0.0536
vn -0.9983 0.0314 0.0486
vn -0.9970 0.0683 0.0377
vn 0.9974 -0.0596 -0.0402
vn 0.9974 -0.0596 -0.0401
vn 0.7982 0.5637 -0.2124
vn 0.9927 -0.1197 -0.0165
vn 0.9928 -0.1186 -0.0160
vn 0.9937 -0.1117 -0.0127
vn 0.9205 0.3571 -0.1586
vn 0.9706 -0.2334 0.0593
vn 0.9691 -0.2366 0.0698
vn 0.9648 -0.2445 0.0965
vn 0.9647 0.2322 -0.1243
vn 0.8520 -0.4544 0.2601
vn 0.8391 -0.4748 0.2655
vn 0.8739 -0.4170 0.2499
vn 0.9839 0.1479 -0.1006
vn 0.6736 -0.6263 0.3924
vn 0.6772 -0.6284 0.3827
vn 0.6849 -0.6327 0.3615
vn 0.9930 0.0846 -0.0825
vn 0.9930 0.0845 -0.0825
vn 0.9612 -0.2567 0.1009
vn 0.9581 -0.2633 0.1124
vn 0.9548 -0.2700 0.1242
vn 0.9711 0.2291 -0.0671
vn 0.7883 -0.5595 0.2560
vn 0.7900 -0.5572 0.2558
vn 0.7861 -0.5625 0.2563
vn 0.9876 0.1505 -0.0438
vn 0.6211 -0.7184 0.3131
vn 0.6368 -0.7138 0.2914
vn 0.6490 -0.7097 0.2740
vn 0.9954 0.0916 -0.0264
vn 0.6842 -0.6869 0.2452
vn 0.6849 -0.6861 0.2454
vn 0.6360 -0.7355 0.2337
vn 0.9990 0.0431 -0.0120
vn 0.7151 -0.6672 0.2084
vn 0.7113 -0.6720 0.2062
vn 0.7042 -0.6807 0.2021
vn 1.0000 -0.0003 0.0008
vn -0.9994 0.0341 -0.0109
vn -0.9999 0.0104 -0.0038
vn 0.9990 -0.0422 0.0134
vn 0.9990 -0.0421 0.0134
vn 0.9990 -0.0420 0.0135
vn 0.8208 0.5479 -0.1616
vn 0.9940 -0.1035 0.0348
vn 0.9940 -0.1036 0.0347
vn 0.9943 -0.0999 0.0363
vn 0.9322 0.3472 -0.1021
vn -0.0880 0.8295 0.5515
vn -0.7918 0.1649 0.5880
vn -0.7906 0.2168 0.5727
vn 0.1491 -0.0781 0.9857
vn -0.7323 0.3441 0.5876
vn -0.1723 -0.0533 0.9836
vn -0.2736 0.7178 0.6402
vn -0.4405 -0.0130 0.8977
vn 0.3511 0.8001 0.4865
vn -0.6155 0.0315 0.7875
vn 0.3785 0.7941 0.4756
vn -0.7162 0.0754 0.6938
vn 0.1146 0.8332 0.5409
vn -0.7694 0.1191 0.6275
vn -0.9568 -0.2863 -0.0499
vn -0.8169 -0.5614 0.1319
vn -0.7290 -0.6587 0.1864
vn -0.7145 -0.6830 0.1518
vn -0.6710 -0.7320 0.1183
vn -0.9873 -0.0952 -0.1268
vn -0.7163 -0.6821 0.1469
vn -0.9774 -0.1119 -0.1794
vn -0.8845 0.3571 -0.3003
vn -0.9542 -0.2817 -0.1008
vn -0.8830 -0.4588 0.0990
vn -0.7834 -0.5685 0.2512
vn -0.6926 -0.6677 0.2729
vn -0.9542 -0.2258 -0.1961
vn -0.9126 -0.4087 -0.0122
vn -0.7860 -0.5441 0.2935
vn -0.8034 -0.5293 0.2727
vn -0.7397 -0.6468 0.1859
vn -0.7048 0.5943 -0.3872
vn -0.9609 -0.1356 -0.2414
vn -0.7029 -0.6565 0.2739
vn -0.9312 -0.1741 -0.3202
vn -0.9171 -0.2916 -0.2718
vn -0.8920 -0.4288 -0.1429
vn -0.7264 -0.6122 0.3123
vn -0.6969 -0.5878 0.4109
vn -0.8316 -0.4971 -0.2476
vn -0.6758 -0.7057 0.2128
vn -0.6371 -0.6356 0.4360
vn -0.6882 -0.6704 0.2774
vn -0.6807 0.4883 -0.5461
vn -0.8514 -0.3582 -0.3832
vn -0.7273 -0.2326 -0.6458
vn -0.6967 -0.4739 -0.5385
vn -0.5852 0.3983 -0.7063
vn -0.6609 -0.6585 -0.3600
vn -0.3547 -0.8963 0.2663
vn -0.4051 -0.7338 0.5454
vn -0.4831 -0.7816 0.3947
vn -0.2387 0.3082 -0.9209
vn -0.1107 -0.9717 0.2087
vn -0.1288 -0.7911 0.5980
vn -0.1505 -0.8776 0.4551
vn -0.2832 -0.6375 -0.7165
vn -0.2526 -0.8569 -0.4494
vn 0.3923 -0.6349 -0.6656
vn 0.3407 -0.8576 -0.3853
vn 0.1700 -0.9564 0.2376
vn 0.1700 -0.7720 0.6124
vn 0.2852 -0.8387 0.4640
vn 0.4408 -0.1876 -0.8778
vn 0.4761 -0.8434 0.2489
vn 0.4234 -0.6929 0.5836
vn 0.5865 -0.7031 0.4021
vn 0.8192 -0.2326 -0.5242
vn 0.7748 -0.4660 -0.4271
vn 0.7063 -0.6756 -0.2113
vn 0.9271 -0.2364 -0.2907
vn 0.9047 -0.3448 -0.2502
vn 0.8327 -0.5513 -0.0511
vn 0.6740 -0.6667 0.3180
vn 0.6207 -0.5936 0.5122
vn 0.7241 -0.5978 0.3440
vn 0.7245 -0.5241 0.4477
vn 0.7343 -0.5858 0.3430
vn 0.9767 -0.0514 -0.2082
vn 0.9692 -0.1789 -0.1693
vn 0.9542 -0.2725 -0.1236
vn 0.9077 -0.4193 0.0158
vn 0.7439 -0.5530 0.3752
vn 0.9855 -0.1473 -0.0848
vn 0.9723 -0.2314 -0.0334
vn 0.8239 -0.5199 0.2255
vn 0.7344 -0.5362 0.4160
vn 0.7662 -0.5135 0.3864
vn 0.7593 -0.5937 0.2664
vn 0.7528 -0.5750 0.3205
vn 0.7037 -0.6699 0.2368
vn 0.9974 -0.0597 -0.0402
vn 0.9917 -0.1269 -0.0199
vn 0.9205 0.3571 -0.1585
vn 0.9735 -0.2260 0.0354
vn 0.8145 -0.5109 0.2750
vn 0.6660 -0.6218 0.4120
vn 0.9930 0.0846 -0.0824
vn 0.9638 -0.2507 0.0904
vn 0.7916 -0.5550 0.2556
vn 0.6093 -0.7215 0.3288
vn 0.7141 -0.6531 0.2521
vn 0.7188 -0.6626 0.2106
vn 0.9990 -0.0423 0.0133
vn 0.9937 -0.1071 0.0332
vt 0.194348 0.819118
vt 0.145986 0.805513
vt 0.143473 0.800954
vt 0.189219 0.867309
vt 0.148522 0.880945
vt 0.157199 0.867090
vt 0.196685 0.808245
vt 0.140296 0.796918
vt 0.190069 0.858047
vt 0.162325 0.849786
vt 0.191400 0.844696
vt 0.159176 0.831655
vt 0.196685 0.926365
vt 0.103877 0.910700
vt 0.110081 0.907847
vt 0.191529 0.831555
vt 0.151413 0.819856
vt 0.195124 0.909800
vt 0.118234 0.904229
vt 0.182001 0.835410
vt 0.148819 0.814314
vt 0.189831 0.897758
vt 0.127496 0.899238
vt 0.186247 0.831906
vt 0.147350 0.809712
vt 0.193656 0.889423
vt 0.138685 0.891897
vt 0.185079 0.825599
vt 0.189743 0.874990
vt 0.116582 0.897247
vt 0.144175 0.826638
vt 0.142441 0.821206
vt 0.124115 0.891092
vt 0.142580 0.816426
vt 0.132332 0.883224
vt 0.142583 0.811295
vt 0.139804 0.873484
vt 0.141476 0.805240
vt 0.145505 0.861835
vt 0.139421 0.799256
vt 0.148666 0.848967
vt 0.014479 0.881261
vt 0.103753 0.907844
vt 0.086310 0.816759
vt 0.147820 0.836227
vt 0.109525 0.902613
vt 0.137212 0.858158
vt 0.139277 0.808941
vt 0.138522 0.801352
vt 0.139587 0.848050
vt 0.019837 0.883769
vt 0.103620 0.905365
vt 0.086393 0.814772
vt 0.139876 0.838381
vt 0.109120 0.898171
vt 0.138475 0.830602
vt 0.114962 0.891535
vt 0.137027 0.825326
vt 0.121106 0.884623
vt 0.137560 0.821045
vt 0.127235 0.876743
vt 0.138814 0.815828
vt 0.132835 0.867891
vt 0.133492 0.827763
vt 0.118643 0.879702
vt 0.133669 0.823963
vt 0.123460 0.871921
vt 0.135291 0.819159
vt 0.127575 0.863822
vt 0.137177 0.811688
vt 0.131028 0.855395
vt 0.137641 0.803043
vt 0.133238 0.847029
vt 0.021767 0.886868
vt 0.103443 0.903237
vt 0.088584 0.808294
vt 0.134205 0.839162
vt 0.108599 0.894548
vt 0.133843 0.832379
vt 0.113647 0.887079
vt 0.136782 0.804394
vt 0.126666 0.853321
vt 0.128793 0.846040
vt 0.021008 0.891885
vt 0.103194 0.901463
vt 0.088683 0.801950
vt 0.130209 0.839290
vt 0.108120 0.891803
vt 0.130778 0.833372
vt 0.112406 0.883697
vt 0.130953 0.829032
vt 0.116614 0.876037
vt 0.131283 0.825667
vt 0.120395 0.868427
vt 0.132690 0.821439
vt 0.123813 0.860858
vt 0.135078 0.813854
vt 0.129819 0.826492
vt 0.114991 0.873480
vt 0.118132 0.866014
vt 0.130919 0.822958
vt 0.121107 0.858800
vt 0.133561 0.815302
vt 0.123634 0.851822
vt 0.136024 0.805204
vt 0.125728 0.845194
vt 0.026949 0.899014
vt 0.102919 0.900198
vt 0.096017 0.792774
vt 0.127429 0.839117
vt 0.107539 0.889801
vt 0.128599 0.833786
vt 0.111356 0.881287
vt 0.129219 0.829584
vt 0.029254 0.916798
vt 0.102540 0.899353
vt 0.101952 0.781706
vt 0.135365 0.805633
vt 0.125574 0.838841
vt 0.106896 0.888517
vt 0.127108 0.833841
vt 0.110382 0.879746
vt 0.128053 0.829765
vt 0.113671 0.871876
vt 0.128934 0.826868
vt 0.116480 0.864493
vt 0.129851 0.823616
vt 0.119219 0.857496
vt 0.132282 0.816168
vt 0.121593 0.850821
vt 0.123688 0.844547
vt 0.112480 0.871080
vt 0.115157 0.863699
vt 0.128317 0.826858
vt 0.129205 0.823694
vt 0.117811 0.856785
vt 0.131419 0.816286
vt 0.120160 0.850209
vt 0.134847 0.805660
vt 0.122303 0.844068
vt 0.050406 0.949642
vt 0.102063 0.898944
vt 0.125154 0.768197
vt 0.124330 0.838513
vt 0.106122 0.887890
vt 0.126088 0.833661
vt 0.109380 0.878980
vt 0.127266 0.829680
vt 0.123157 0.838001
vt 0.101435 0.898948
vt 0.105125 0.887869
vt 0.125147 0.833182
vt 0.108121 0.878881
vt 0.126587 0.829294
vt 0.111052 0.870907
vt 0.127788 0.826509
vt 0.113650 0.863418
vt 0.128674 0.823235
vt 0.116266 0.856418
vt 0.130772 0.815594
vt 0.118672 0.849757
vt 0.134453 0.805311
vt 0.120945 0.843565
vt 0.108647 0.971023
vt 0.163462 0.779614
vt 0.127188 0.825679
vt 0.128107 0.822031
vt 0.113971 0.856173
vt 0.130133 0.814010
vt 0.116481 0.849216
vt 0.134183 0.804582
vt 0.118998 0.842784
vt 0.145650 0.957688
vt 0.100624 0.899347
vt 0.174110 0.803247
vt 0.121551 0.837081
vt 0.103802 0.888439
vt 0.123943 0.832239
vt 0.106370 0.879392
vt 0.125793 0.828466
vt 0.108987 0.871240
vt 0.111424 0.863488
vt 0.099598 0.900136
vt 0.102092 0.889619
vt 0.122368 0.830628
vt 0.103967 0.880516
vt 0.124779 0.826995
vt 0.106025 0.872046
vt 0.126302 0.824069
vt 0.108165 0.863861
vt 0.127364 0.819825
vt 0.110581 0.855938
vt 0.129619 0.811767
vt 0.113240 0.848423
vt 0.134075 0.803466
vt 0.116161 0.841517
vt 0.159461 0.947462
vt 0.173873 0.817017
vt 0.119301 0.835532
vt 0.105808 0.855643
vt 0.129189 0.808866
vt 0.108678 0.847216
vt 0.134187 0.801836
vt 0.112230 0.839512
vt 0.168776 0.946082
vt 0.098257 0.901333
vt 0.175429 0.828753
vt 0.116303 0.833042
vt 0.099937 0.891350
vt 0.120283 0.828086
vt 0.100899 0.882342
vt 0.123203 0.824580
vt 0.102094 0.873490
vt 0.125177 0.821237
vt 0.103539 0.864438
vt 0.126335 0.816293
vt 0.117673 0.824006
vt 0.097217 0.893787
vt 0.096998 0.884926
vt 0.121545 0.820456
vt 0.096890 0.875463
vt 0.123382 0.816651
vt 0.097477 0.865520
vt 0.125205 0.811403
vt 0.099287 0.855251
vt 0.129034 0.805305
vt 0.102450 0.845382
vt 0.134491 0.799919
vt 0.106953 0.836405
vt 0.171429 0.941751
vt 0.096742 0.902849
vt 0.171508 0.834634
vt 0.112468 0.829109
vt 0.129376 0.801182
vt 0.090508 0.854727
vt 0.094069 0.842633
vt 0.134989 0.797622
vt 0.099990 0.831718
vt 0.177546 0.945072
vt 0.094888 0.904695
vt 0.171094 0.840733
vt 0.107665 0.823026
vt 0.093963 0.896811
vt 0.114708 0.817570
vt 0.092170 0.888353
vt 0.119309 0.813882
vt 0.090228 0.878269
vt 0.121681 0.810038
vt 0.089497 0.867090
vt 0.124672 0.805394
vt 0.111544 0.807399
vt 0.117935 0.804441
vt 0.081751 0.882164
vt 0.121076 0.801346
vt 0.079269 0.869368
vt 0.125487 0.798380
vt 0.078540 0.854028
vt 0.130322 0.796391
vt 0.082863 0.838556
vt 0.135596 0.795153
vt 0.090913 0.824982
vt 0.178133 0.942526
vt 0.092956 0.906730
vt 0.169972 0.841879
vt 0.101386 0.813905
vt 0.090166 0.900471
vt 0.086412 0.892744
vt 0.083625 0.770993
vt 0.069122 0.812101
vt 0.073030 0.808066
vt 0.012589 0.857099
vt 0.073957 0.801963
vt 0.026351 0.849083
vt 0.073530 0.797966
vt 0.028710 0.838802
vt 0.080912 0.802904
vt 0.043634 0.829331
vt 0.074147 0.788123
vt 0.049148 0.822031
vt 0.080341 0.780539
vt 0.061516 0.815440
s 1
usemtl honMaguro
f 2803/3364/4401 2816/3365/4401 2817/3366/4401
f 2803/3367/4402 2809/3368/4402 2810/3369/4402
f 2803/3370/4403 2817/3366/4403 2818/3371/4403
f 2803/3372/4404 2810/3369/4404 2811/3373/4404
f 2803/3374/4405 2811/3373/4405 2812/3375/4405
f 2803/3376/4406 2804/3377/4406 2805/3378/4406
f 2803/3379/4407 2812/3375/4407 2813/3380/4407
f 2803/3381/4408 2805/3378/4408 2806/3382/4408
f 2803/3383/4409 2813/3380/4409 2814/3384/4409
f 2803/3385/4410 2806/3382/4410 2807/3386/4410
f 2803/3387/4411 2814/3384/4412 2815/3388/4413
f 2803/3389/4414 2807/3386/4414 2808/3390/4414
f 2803/3391/4411 2815/3388/4413 2816/3365/4415
f 2803/3392/4416 2808/3390/4416 2809/3368/4416
f 2805/3378/4417 2821/3393/4417 2806/3382/4417
f 2814/3384/4418 2828/3394/4419 2829/3395/4420
f 2806/3382/4421 2822/3396/4421 2807/3386/4421
f 2814/3384/4422 2830/3397/4423 2815/3388/4424
f 2808/3390/4425 2822/3396/4425 2823/3398/4425
f 2816/3365/4426 2830/3397/4427 2831/3399/4428
f 2808/3390/4429 2824/3400/4429 2809/3368/4429
f 2817/3366/4430 2831/3399/4431 2832/3401/4432
f 2810/3369/4433 2824/3400/4433 2825/3402/4433
f 2817/3366/4434 2833/3403/4435 2818/3371/4436
f 2811/3373/4437 2825/3402/4437 2826/3404/4437
f 2804/3377/4438 2803/3405/4438 2819/3406/4438
f 2803/3407/4439 2818/3371/4439 2833/3403/4439
f 2811/3373/4440 2827/3408/4440 2812/3375/4440
f 2805/3378/4441 2819/3406/4441 2820/3409/4441
f 2812/3375/4442 2828/3394/4443 2813/3380/4444
f 2824/3400/4445 2840/3410/4445 2825/3402/4445
f 2833/3403/4446 2847/3411/4447 2848/3412/4448
f 2826/3404/4449 2840/3410/4449 2841/3413/4449
f 2819/3406/4450 2803/3414/4450 2834/3415/4450
f 2803/3416/4451 2833/3403/4451 2848/3412/4451
f 2826/3404/4452 2842/3417/4452 2827/3408/4452
f 2819/3406/4453 2835/3418/4453 2820/3409/4453
f 2827/3408/4454 2843/3419/4455 2828/3394/4456
f 2821/3393/4457 2835/3418/4457 2836/3420/4457
f 2829/3395/4458 2843/3419/4459 2844/3421/4460
f 2821/3393/4461 2837/3422/4461 2822/3396/4461
f 2829/3395/4462 2845/3423/4463 2830/3397/4464
f 2823/3398/4465 2837/3422/4465 2838/3424/4465
f 2831/3399/4466 2845/3423/4467 2846/3425/4468
f 2823/3398/4469 2839/3426/4470 2824/3400/4470
f 2831/3399/4471 2847/3411/4472 2832/3401/4473
f 2843/3419/4474 2859/3427/4475 2844/3421/4476
f 2836/3420/4477 2852/3428/4477 2837/3422/4477
f 2844/3421/4478 2860/3429/4479 2845/3423/4480
f 2838/3424/4481 2852/3428/4481 2853/3430/4481
f 2846/3425/4482 2860/3429/4483 2861/3431/4484
f 2839/3426/4485 2853/3430/4485 2854/3432/4485
f 2847/3411/4486 2861/3431/4487 2862/3433/4488
f 2840/3410/4489 2854/3432/4489 2855/3434/4489
f 2848/3412/4490 2862/3433/4491 2863/3435/4492
f 2841/3413/4493 2855/3434/4494 2856/3436/4493
f 2834/3415/4495 2803/3437/4495 2849/3438/4495
f 2803/3439/4496 2848/3412/4496 2863/3435/4496
f 2841/3413/4497 2857/3440/4497 2842/3417/4497
f 2834/3415/4498 2850/3441/4498 2835/3418/4498
f 2842/3417/4499 2858/3442/4500 2843/3419/4501
f 2835/3418/4502 2851/3443/4502 2836/3420/4502
f 2862/3433/4503 2878/3444/4504 2863/3435/4505
f 2856/3436/4506 2870/3445/4506 2871/3446/4506
f 2849/3438/4507 2803/3447/4507 2864/3448/4507
f 2803/3449/4508 2863/3435/4508 2878/3444/4508
f 2856/3436/4509 2872/3450/4509 2857/3440/4509
f 2850/3441/4510 2864/3448/4511 2865/3451/4512
f 2857/3440/4513 2873/3452/4514 2858/3442/4515
f 2851/3443/4516 2865/3451/4516 2866/3453/4516
f 2859/3427/4517 2873/3452/4518 2874/3454/4519
f 2851/3443/4520 2867/3455/4520 2852/3428/4520
f 2859/3427/4521 2875/3456/4522 2860/3429/4523
f 2853/3430/4524 2867/3455/4524 2868/3457/4524
f 2861/3431/4525 2875/3456/4526 2876/3458/4527
f 2853/3430/4528 2869/3459/4528 2854/3432/4528
f 2861/3431/4529 2877/3460/4530 2862/3433/4531
f 2855/3434/4532 2869/3459/4532 2870/3445/4532
f 2874/3454/4533 2890/3461/4534 2875/3456/4535
f 2868/3457/4536 2882/3462/4536 2883/3463/4536
f 2875/3456/4537 2891/3464/4538 2876/3458/4539
f 2868/3457/4540 2884/3465/4540 2869/3459/4540
f 2877/3460/4541 2891/3464/4542 2892/3466/4543
f 2870/3445/4544 2884/3465/4544 2885/3467/4544
f 2878/3444/4545 2892/3466/4546 2893/3468/4547
f 2871/3446/4548 2885/3467/4548 2886/3469/4548
f 2864/3448/4549 2803/3470/4549 2879/3471/4549
f 2803/3472/4550 2878/3444/4550 2893/3468/4550
f 2871/3446/4551 2887/3473/4551 2872/3450/4551
f 2864/3448/4552 2880/3474/4552 2865/3451/4552
f 2872/3450/4553 2888/3475/4553 2873/3452/4553
f 2865/3451/4554 2881/3476/4554 2866/3453/4554
f 2874/3454/4555 2888/3475/4556 2889/3477/4557
f 2866/3453/4558 2882/3462/4558 2867/3455/4558
f 2879/3471/4559 2803/3478/4559 2894/3479/4559
f 2803/3480/4560 2893/3468/4560 2908/3481/4560
f 2886/3469/4561 2902/3482/4561 2887/3473/4561
f 2880/3474/4562 2894/3479/4562 2895/3483/4562
f 2887/3473/4563 2903/3484/4563 2888/3475/4563
f 2881/3476/4564 2895/3483/4564 2896/3485/4564
f 2889/3477/4565 2903/3484/4566 2904/3486/4567
f 2881/3476/4568 2897/3487/4569 2882/3462/4570
f 2889/3477/4571 2905/3488/4572 2890/3461/4573
f 2883/3463/4574 2897/3487/4574 2898/3489/4574
f 2891/3464/4575 2905/3488/4576 2906/3490/4577
f 2883/3463/4578 2899/3491/4578 2884/3465/4578
f 2891/3464/4579 2907/3492/4580 2892/3466/4581
f 2885/3467/4582 2899/3491/4582 2900/3493/4582
f 2892/3466/4583 2908/3481/4584 2893/3468/4585
f 2886/3469/4586 2900/3493/4586 2901/3494/4586
f 2898/3489/4587 2912/3495/4587 2913/3496/4587
f 2906/3490/4588 2920/3497/4589 2921/3498/4590
f 2898/3489/4591 2914/3499/4591 2899/3491/4591
f 2907/3492/4592 2921/3498/4593 2922/3500/4594
f 2900/3493/4595 2914/3499/4595 2915/3501/4595
f 2908/3481/4596 2922/3500/4597 2923/3502/4598
f 2901/3494/4599 2915/3501/4599 2916/3503/4599
f 2894/3479/4600 2803/3504/4600 2909/3505/4600
f 2803/3506/4601 2908/3481/4601 2923/3502/4601
f 2901/3494/4602 2917/3507/4602 2902/3482/4602
f 2894/3479/4603 2910/3508/4603 2895/3483/4603
f 2902/3482/4604 2918/3509/4604 2903/3484/4604
f 2895/3483/4605 2911/3510/4605 2896/3485/4605
f 2904/3486/4606 2918/3509/4607 2919/3511/4608
f 2896/3485/4609 2912/3495/4609 2897/3487/4610
f 2904/3486/4611 2920/3497/4612 2905/3488/4613
f 2916/3503/4614 2932/3512/4614 2917/3507/4614
f 2910/3508/4615 2924/3513/4616 2925/3514/4615
f 2917/3507/4617 2933/3515/4617 2918/3509/4618
f 2911/3510/4619 2925/3514/4619 2926/3516/4619
f 2919/3511/4620 2933/3515/4621 2934/3517/4622
f 2912/3495/4623 2926/3516/4623 2927/3518/4623
f 2919/3511/4624 2935/3519/4625 2920/3497/4626
f 2913/3496/4627 2927/3518/4627 2928/3520/4627
f 2920/3497/4628 2936/3521/4629 2921/3498/4630
f 2913/3496/4631 2929/3522/4631 2914/3499/4631
f 2921/3498/4632 2937/3523/4633 2922/3500/4634
f 2915/3501/4635 2929/3522/4636 2930/3524/4635
f 2922/3500/4637 2938/3525/4638 2923/3502/4639
f 2916/3503/4640 2930/3524/4640 2931/3526/4640
f 2909/3505/4641 2803/3527/4641 2924/3513/4641
f 2803/3528/4642 2923/3502/4642 2938/3525/4642
f 2936/3521/4643 2950/3529/4644 2951/3530/4645
f 2928/3520/4646 2944/3531/4646 2929/3522/4646
f 2937/3523/4647 2951/3530/4648 2952/3532/4649
f 2930/3524/4650 2944/3531/4651 2945/3533/4650
f 2937/3523/4652 2953/3534/4653 2938/3525/4654
f 2931/3526/4655 2945/3533/4655 2946/3535/4655
f 2924/3513/4656 2803/3536/4656 2939/3537/4656
f 2803/3538/4657 2938/3525/4657 2953/3534/4657
f 2931/3526/4658 2947/3539/4658 2932/3512/4658
f 2925/3514/4659 2939/3537/4659 2940/3540/4659
f 2932/3512/4660 2948/3541/4660 2933/3515/4660
f 2925/3514/4661 2941/3542/4661 2926/3516/4661
f 2934/3517/4662 2948/3541/4663 2949/3543/4664
f 2926/3516/4665 2942/3544/4665 2927/3518/4665
f 2934/3517/4666 2950/3529/4667 2935/3519/4668
f 2928/3520/4669 2942/3544/4669 2943/3545/4669
f 2940/3540/4670 2954/3546/4670 2955/3547/4670
f 2947/3539/4671 2963/3548/4672 2948/3541/4673
f 2940/3540/4674 2956/3549/4674 2941/3542/4674
f 2949/3543/4675 2963/3548/4676 2964/3550/4677
f 2941/3542/4678 2957/3551/4678 2942/3544/4678
f 2949/3543/4679 2965/3552/4680 2950/3529/4681
f 2943/3545/4682 2957/3551/4682 2958/3553/4682
f 2951/3530/4683 2965/3552/4684 2966/3554/4685
f 2943/3545/4686 2959/3555/4686 2944/3531/4686
f 2951/3530/4687 2967/3556/4688 2952/3532/4689
f 2945/3533/4690 2959/3555/4690 2960/3557/4690
f 2952/3532/4691 2968/3558/4692 2953/3534/4693
f 2946/3535/4694 2960/3557/4694 2961/3559/4694
f 2939/3537/4695 2803/3560/4695 2954/3546/4695
f 2803/3561/4696 2953/3534/4696 2968/3558/4696
f 2946/3535/4697 2962/3562/4697 2947/3539/4697
f 2958/3553/4698 2974/3563/4698 2959/3555/4698
f 2966/3554/4699 2982/3564/4700 2967/3556/4701
f 2960/3557/4702 2974/3563/4702 2975/3565/4702
f 2968/3558/4703 2982/3564/4704 2983/3566/4705
f 2961/3559/4706 2975/3565/4706 2976/3567/4706
f 2954/3546/4707 2803/3568/4707 2969/3569/4707
f 2803/3570/4708 2968/3558/4708 2983/3566/4708
f 2961/3559/4709 2977/3571/4709 2962/3562/4709
f 2954/3546/4710 2970/3572/4710 2955/3547/4710
f 2962/3562/4711 2978/3573/4712 2963/3548/4713
f 2956/3549/4714 2970/3572/4714 2971/3574/4715
f 2964/3550/4716 2978/3573/4717 2979/3575/4718
f 2956/3549/4719 2972/3576/4719 2957/3551/4719
f 2965/3552/4720 2979/3575/4721 2980/3577/4722
f 2957/3551/4723 2973/3578/4723 2958/3553/4723
f 2966/3554/4724 2980/3577/4725 2981/3579/4726
f 2977/3571/4727 2993/3580/4728 2978/3573/4729
f 2971/3574/4730 2985/3581/4730 2986/3582/4730
f 2979/3575/4731 2993/3580/4732 2994/3583/4733
f 2971/3574/4734 2987/3584/4734 2972/3576/4734
f 2979/3575/4735 2995/3585/4736 2980/3577/4737
f 2973/3578/4738 2987/3584/4738 2988/3586/4738
f 2981/3579/4739 2995/3585/4740 2996/3587/4741
f 2973/3578/4742 2989/3588/4742 2974/3563/4742
f 2981/3579/4743 2997/3589/4744 2982/3564/4745
f 2975/3565/4746 2989/3588/4746 2990/3590/4746
f 2982/3564/4747 2998/3591/4748 2983/3566/4749
f 2976/3567/4750 2990/3590/4750 2991/3592/4750
f 2969/3569/4751 2803/3593/4751 2984/3594/4751
f 2803/3595/4752 2983/3566/4752 2998/3591/4752
f 2976/3567/4753 2992/3596/4753 2977/3571/4753
f 2970/3572/4754 2984/3594/4754 2985/3581/4754
f 2996/3587/4755 3012/3597/4756 2997/3589/4757
f 2990/3590/4758 3004/3598/4758 3005/3599/4758
f 2998/3591/4759 3012/3597/4760 3013/3600/4761
f 2991/3592/4762 3005/3599/4762 3006/3601/4762
f 2984/3594/4763 2803/3602/4763 2999/3603/4763
f 2803/3604/4764 2998/3591/4764 3013/3600/4764
f 2991/3592/4765 3007/3605/4765 2992/3596/4766
f 2984/3594/4767 3000/3606/4767 2985/3581/4767
f 2992/3596/4768 3008/3607/4769 2993/3580/4770
f 2986/3582/4771 3000/3606/4771 3001/3608/4771
f 2994/3583/4772 3008/3607/4773 3009/3609/4774
f 2986/3582/4775 3002/3610/4775 2987/3584/4775
f 2994/3583/4776 3010/3611/4777 2995/3585/4778
f 2988/3586/4779 3002/3610/4779 3003/3612/4779
f 2996/3587/4780 3010/3611/4781 3011/3613/4782
f 2988/3586/4783 3004/3598/4784 2989/3588/4784
f 3009/3609/4785 3023/3614/4786 3024/3615/4787
f 3001/3608/4788 3017/3616/4788 3002/3610/4788
f 3009/3609/4789 3025/3617/4790 3010/3611/4791
f 3003/3612/4792 3017/3616/4792 3018/3618/4792
f 3011/3613/4793 3025/3617/4794 3026/3619/4795
f 3003/3612/4796 3019/3620/4796 3004/3598/4796
f 3011/3613/4797 3027/3621/4798 3012/3597/4799
f 3005/3599/4800 3019/3620/4800 3020/3622/4800
f 3012/3597/4801 3028/3623/4802 3013/3600/4803
f 3006/3601/4804 3020/3622/4804 3021/3624/4804
f 2999/3603/4805 2803/3625/4805 3014/3626/4805
f 2803/3627/4806 3013/3600/4806 3028/3623/4806
f 3006/3601/4807 3022/3628/4808 3007/3605/4809
f 3000/3606/4810 3014/3626/4810 3015/3629/4810
f 3007/3605/4811 3023/3614/4812 3008/3607/4813
f 3001/3608/4814 3015/3629/4814 3016/3630/4814
f 3028/3623/4815 3027/3621/4815 2803/3631/4815
f 3021/3624/4816 3020/3622/4816 2803/3632/4816
f 3022/3628/4817 3021/3624/4817 2803/3633/4817
f 3015/3629/4818 3014/3626/4818 2803/3634/4818
f 3023/3614/4819 3022/3628/4819 2803/3635/4819
f 3016/3630/4820 3015/3629/4820 2803/3636/4820
f 3024/3615/4821 3023/3614/4821 2803/3637/4821
f 3017/3616/4822 3016/3630/4822 2803/3638/4822
f 3025/3617/4823 3024/3615/4823 2803/3639/4823
f 3018/3618/4824 3017/3616/4824 2803/3640/4824
f 3026/3619/4825 3025/3617/4825 2803/3641/4825
f 3019/3620/4826 3018/3618/4826 2803/3642/4826
f 3027/3621/4827 3026/3619/4827 2803/3643/4827
f 3020/3622/4828 3019/3620/4828 2803/3644/4828
f 2805/3378/4417 2820/3409/4417 2821/3393/4417
f 2814/3384/4418 2813/3380/4829 2828/3394/4419
f 2806/3382/4421 2821/3393/4421 2822/3396/4421
f 2814/3384/4422 2829/3395/4830 2830/3397/4423
f 2808/3390/4425 2807/3386/4425 2822/3396/4425
f 2816/3365/4426 2815/3388/4831 2830/3397/4427
f 2808/3390/4429 2823/3398/4429 2824/3400/4429
f 2817/3366/4430 2816/3365/4832 2831/3399/4431
f 2810/3369/4433 2809/3368/4433 2824/3400/4433
f 2817/3366/4434 2832/3401/4833 2833/3403/4435
f 2811/3373/4437 2810/3369/4437 2825/3402/4437
f 2811/3373/4440 2826/3404/4440 2827/3408/4440
f 2805/3378/4441 2804/3377/4441 2819/3406/4441
f 2812/3375/4442 2827/3408/4834 2828/3394/4443
f 2824/3400/4445 2839/3426/4445 2840/3410/4445
f 2833/3403/4446 2832/3401/4835 2847/3411/4447
f 2826/3404/4449 2825/3402/4449 2840/3410/4449
f 2826/3404/4452 2841/3413/4452 2842/3417/4452
f 2819/3406/4453 2834/3415/4453 2835/3418/4453
f 2827/3408/4454 2842/3417/4836 2843/3419/4455
f 2821/3393/4457 2820/3409/4837 2835/3418/4457
f 2829/3395/4458 2828/3394/4838 2843/3419/4459
f 2821/3393/4461 2836/3420/4461 2837/3422/4461
f 2829/3395/4462 2844/3421/4839 2845/3423/4463
f 2823/3398/4465 2822/3396/4465 2837/3422/4465
f 2831/3399/4466 2830/3397/4840 2845/3423/4467
f 2823/3398/4469 2838/3424/4469 2839/3426/4470
f 2831/3399/4471 2846/3425/4841 2847/3411/4472
f 2843/3419/4474 2858/3442/4842 2859/3427/4475
f 2836/3420/4477 2851/3443/4477 2852/3428/4477
f 2844/3421/4478 2859/3427/4843 2860/3429/4479
f 2838/3424/4481 2837/3422/4481 2852/3428/4481
f 2846/3425/4482 2845/3423/4844 2860/3429/4483
f 2839/3426/4485 2838/3424/4485 2853/3430/4485
f 2847/3411/4486 2846/3425/4845 2861/3431/4487
f 2840/3410/4489 2839/3426/4489 2854/3432/4489
f 2848/3412/4490 2847/3411/4846 2862/3433/4491
f 2841/3413/4493 2840/3410/4494 2855/3434/4494
f 2841/3413/4497 2856/3436/4497 2857/3440/4497
f 2834/3415/4498 2849/3438/4847 2850/3441/4498
f 2842/3417/4499 2857/3440/4848 2858/3442/4500
f 2835/3418/4502 2850/3441/4502 2851/3443/4502
f 2862/3433/4503 2877/3460/4849 2878/3444/4504
f 2856/3436/4506 2855/3434/4506 2870/3445/4506
f 2856/3436/4509 2871/3446/4509 2872/3450/4509
f 2850/3441/4510 2849/3438/4511 2864/3448/4511
f 2857/3440/4513 2872/3450/4850 2873/3452/4514
f 2851/3443/4516 2850/3441/4516 2865/3451/4516
f 2859/3427/4517 2858/3442/4851 2873/3452/4518
f 2851/3443/4520 2866/3453/4520 2867/3455/4520
f 2859/3427/4521 2874/3454/4852 2875/3456/4522
f 2853/3430/4524 2852/3428/4524 2867/3455/4524
f 2861/3431/4525 2860/3429/4853 2875/3456/4526
f 2853/3430/4528 2868/3457/4528 2869/3459/4528
f 2861/3431/4529 2876/3458/4854 2877/3460/4530
f 2855/3434/4532 2854/3432/4532 2869/3459/4532
f 2874/3454/4533 2889/3477/4855 2890/3461/4534
f 2868/3457/4536 2867/3455/4536 2882/3462/4536
f 2875/3456/4537 2890/3461/4856 2891/3464/4538
f 2868/3457/4540 2883/3463/4540 2884/3465/4540
f 2877/3460/4541 2876/3458/4857 2891/3464/4542
f 2870/3445/4544 2869/3459/4544 2884/3465/4544
f 2878/3444/4545 2877/3460/4858 2892/3466/4546
f 2871/3446/4548 2870/3445/4548 2885/3467/4548
f 2871/3446/4551 2886/3469/4551 2887/3473/4551
f 2864/3448/4552 2879/3471/4552 2880/3474/4552
f 2872/3450/4553 2887/3473/4553 2888/3475/4553
f 2865/3451/4554 2880/3474/4859 2881/3476/4554
f 2874/3454/4555 2873/3452/4860 2888/3475/4556
f 2866/3453/4558 2881/3476/4558 2882/3462/4558
f 2886/3469/4561 2901/3494/4861 2902/3482/4561
f 2880/3474/4562 2879/3471/4562 2894/3479/4562
f 2887/3473/4563 2902/3482/4563 2903/3484/4563
f 2881/3476/4564 2880/3474/4564 2895/3483/4564
f 2889/3477/4565 2888/3475/4862 2903/3484/4566
f 2881/3476/4568 2896/3485/4863 2897/3487/4569
f 2889/3477/4571 2904/3486/4864 2905/3488/4572
f 2883/3463/4574 2882/3462/4574 2897/3487/4574
f 2891/3464/4575 2890/3461/4865 2905/3488/4576
f 2883/3463/4578 2898/3489/4578 2899/3491/4578
f 2891/3464/4579 2906/3490/4866 2907/3492/4580
f 2885/3467/4582 2884/3465/4582 2899/3491/4582
f 2892/3466/4583 2907/3492/4867 2908/3481/4584
f 2886/3469/4586 2885/3467/4586 2900/3493/4586
f 2898/3489/4587 2897/3487/4868 2912/3495/4587
f 2906/3490/4588 2905/3488/4869 2920/3497/4589
f 2898/3489/4591 2913/3496/4591 2914/3499/4591
f 2907/3492/4592 2906/3490/4870 2921/3498/4593
f 2900/3493/4595 2899/3491/4595 2914/3499/4595
f 2908/3481/4596 2907/3492/4871 2922/3500/4597
f 2901/3494/4599 2900/3493/4599 2915/3501/4599
f 2901/3494/4602 2916/3503/4602 2917/3507/4602
f 2894/3479/4603 2909/3505/4603 2910/3508/4603
f 2902/3482/4604 2917/3507/4604 2918/3509/4604
f 2895/3483/4605 2910/3508/4605 2911/3510/4605
f 2904/3486/4606 2903/3484/4872 2918/3509/4607
f 2896/3485/4609 2911/3510/4609 2912/3495/4609
f 2904/3486/4611 2919/3511/4873 2920/3497/4612
f 2916/3503/4614 2931/3526/4614 2932/3512/4614
f 2910/3508/4615 2909/3505/4616 2924/3513/4616
f 2917/3507/4617 2932/3512/4617 2933/3515/4617
f 2911/3510/4619 2910/3508/4619 2925/3514/4619
f 2919/3511/4620 2918/3509/4874 2933/3515/4621
f 2912/3495/4623 2911/3510/4623 2926/3516/4623
f 2919/3511/4624 2934/3517/4875 2935/3519/4625
f 2913/3496/4627 2912/3495/4627 2927/3518/4627
f 2920/3497/4628 2935/3519/4876 2936/3521/4629
f 2913/3496/4631 2928/3520/4631 2929/3522/4631
f 2921/3498/4632 2936/3521/4877 2937/3523/4633
f 2915/3501/4635 2914/3499/4636 2929/3522/4636
f 2922/3500/4637 2937/3523/4878 2938/3525/4638
f 2916/3503/4640 2915/3501/4879 2930/3524/4640
f 2936/3521/4643 2935/3519/4880 2950/3529/4644
f 2928/3520/4646 2943/3545/4646 2944/3531/4646
f 2937/3523/4647 2936/3521/4881 2951/3530/4648
f 2930/3524/4650 2929/3522/4651 2944/3531/4651
f 2937/3523/4652 2952/3532/4882 2953/3534/4653
f 2931/3526/4655 2930/3524/4655 2945/3533/4655
f 2931/3526/4658 2946/3535/4883 2947/3539/4658
f 2925/3514/4659 2924/3513/4659 2939/3537/4659
f 2932/3512/4660 2947/3539/4660 2948/3541/4660
f 2925/3514/4661 2940/3540/4661 2941/3542/4661
f 2934/3517/4662 2933/3515/4884 2948/3541/4663
f 2926/3516/4665 2941/3542/4665 2942/3544/4665
f 2934/3517/4666 2949/3543/4885 2950/3529/4667
f 2928/3520/4669 2927/3518/4669 2942/3544/4669
f 2940/3540/4670 2939/3537/4670 2954/3546/4670
f 2947/3539/4671 2962/3562/4886 2963/3548/4672
f 2940/3540/4674 2955/3547/4674 2956/3549/4674
f 2949/3543/4675 2948/3541/4887 2963/3548/4676
f 2941/3542/4678 2956/3549/4678 2957/3551/4678
f 2949/3543/4679 2964/3550/4888 2965/3552/4680
f 2943/3545/4682 2942/3544/4682 2957/3551/4682
f 2951/3530/4683 2950/3529/4889 2965/3552/4684
f 2943/3545/4686 2958/3553/4686 2959/3555/4686
f 2951/3530/4687 2966/3554/4890 2967/3556/4688
f 2945/3533/4690 2944/3531/4690 2959/3555/4690
f 2952/3532/4691 2967/3556/4891 2968/3558/4692
f 2946/3535/4694 2945/3533/4694 2960/3557/4694
f 2946/3535/4697 2961/3559/4697 2962/3562/4697
f 2958/3553/4698 2973/3578/4698 2974/3563/4698
f 2966/3554/4699 2981/3579/4892 2982/3564/4700
f 2960/3557/4702 2959/3555/4702 2974/3563/4702
f 2968/3558/4703 2967/3556/4893 2982/3564/4704
f 2961/3559/4706 2960/3557/4894 2975/3565/4706
f 2961/3559/4709 2976/3567/4709 2977/3571/4709
f 2954/3546/4710 2969/3569/4710 2970/3572/4710
f 2962/3562/4711 2977/3571/4895 2978/3573/4712
f 2956/3549/4714 2955/3547/4714 2970/3572/4714
f 2964/3550/4716 2963/3548/4896 2978/3573/4717
f 2956/3549/4719 2971/3574/4719 2972/3576/4719
f 2965/3552/4720 2964/3550/4897 2979/3575/4721
f 2957/3551/4723 2972/3576/4723 2973/3578/4723
f 2966/3554/4724 2965/3552/4898 2980/3577/4725
f 2977/3571/4727 2992/3596/4899 2993/3580/4728
f 2971/3574/4730 2970/3572/4730 2985/3581/4730
f 2979/3575/4731 2978/3573/4900 2993/3580/4732
f 2971/3574/4734 2986/3582/4734 2987/3584/4734
f 2979/3575/4735 2994/3583/4901 2995/3585/4736
f 2973/3578/4738 2972/3576/4738 2987/3584/4738
f 2981/3579/4739 2980/3577/4902 2995/3585/4740
f 2973/3578/4742 2988/3586/4742 2989/3588/4742
f 2981/3579/4743 2996/3587/4903 2997/3589/4744
f 2975/3565/4746 2974/3563/4746 2989/3588/4746
f 2982/3564/4747 2997/3589/4904 2998/3591/4748
f 2976/3567/4750 2975/3565/4750 2990/3590/4750
f 2976/3567/4753 2991/3592/4753 2992/3596/4753
f 2970/3572/4754 2969/3569/4754 2984/3594/4754
f 2996/3587/4755 3011/3613/4905 3012/3597/4756
f 2990/3590/4758 2989/3588/4758 3004/3598/4758
f 2998/3591/4759 2997/3589/4906 3012/3597/4760
f 2991/3592/4762 2990/3590/4762 3005/3599/4762
f 2991/3592/4765 3006/3601/4907 3007/3605/4765
f 2984/3594/4767 2999/3603/4767 3000/3606/4767
f 2992/3596/4768 3007/3605/4908 3008/3607/4769
f 2986/3582/4771 2985/3581/4909 3000/3606/4771
f 2994/3583/4772 2993/3580/4910 3008/3607/4773
f 2986/3582/4775 3001/3608/4775 3002/3610/4775
f 2994/3583/4776 3009/3609/4911 3010/3611/4777
f 2988/3586/4779 2987/3584/4779 3002/3610/4779
f 2996/3587/4780 2995/3585/4912 3010/3611/4781
f 2988/3586/4783 3003/3612/4913 3004/3598/4784
f 3009/3609/4785 3008/3607/4914 3023/3614/4786
f 3001/3608/4788 3016/3630/4788 3017/3616/4788
f 3009/3609/4789 3024/3615/4915 3025/3617/4790
f 3003/3612/4792 3002/3610/4792 3017/3616/4792
f 3011/3613/4793 3010/3611/4916 3025/3617/4794
f 3003/3612/4796 3018/3618/4796 3019/3620/4796
f 3011/3613/4797 3026/3619/4917 3027/3621/4798
f 3005/3599/4800 3004/3598/4800 3019/3620/4800
f 3012/3597/4801 3027/3621/4918 3028/3623/4802
f 3006/3601/4804 3005/3599/4804 3020/3622/4804
f 3006/3601/4807 3021/3624/4919 3022/3628/4808
f 3000/3606/4810 2999/3603/4810 3014/3626/4810
f 3007/3605/4811 3022/3628/4920 3023/3614/4812
f 3001/3608/4814 3000/3606/4814 3015/3629/4814
